NRMSE_30,R2_30,MARD_30,NRMSE_60,R2_60,MARD_60,NRMSE_120,R2_120,MARD_120,trees,protocol,model,seed,fold
0.06993857771158218,0.7322952747344971,11.426468849182129,0.09364785999059677,0.6624016761779785,15.101061820983887,0.10469835996627808,0.5981981158256531,15.767894744873047,100,global,cgm_static,0,0
0.10602570325136185,0.3847595453262329,17.898853302001953,0.11187611520290375,0.518186092376709,19.16280746459961,0.11197784543037415,0.5403826236724854,18.287935256958008,100,global,static_all,0,0
0.09466296434402466,0.5095635652542114,15.730805397033691,0.10634936392307281,0.5646140575408936,17.354839324951172,0.10868120938539505,0.5670466423034668,17.552324295043945,100,subject_z,cgm_static,0,0
0.10602570325136185,0.3847595453262329,17.898853302001953,0.11187611520290375,0.518186092376709,19.16280746459961,0.11197784543037415,0.5403826236724854,18.287935256958008,100,subject_z,static_all,0,0
0.08505290001630783,0.6106985807418823,12.963393211364746,0.11441502720117569,0.582343578338623,15.981717109680176,0.13656432926654816,0.5287840366363525,18.557008743286133,100,global,cgm_static,0,1
0.10740604251623154,0.3791807293891907,16.43140983581543,0.13842330873012543,0.3886758089065552,19.236358642578125,0.14353084564208984,0.4794818162918091,19.836807250976562,100,global,static_all,0,1
0.10256456583738327,0.4338878393173218,15.434038162231445,0.13715001940727234,0.39987075328826904,18.652280807495117,0.1457606554031372,0.4631831645965576,19.611337661743164,100,subject_z,cgm_static,0,1
0.10740604251623154,0.3791807293891907,16.43140983581543,0.13842330873012543,0.3886758089065552,19.236358642578125,0.14353084564208984,0.4794818162918091,19.836807250976562,100,subject_z,static_all,0,1
0.0663500502705574,0.5648836493492126,14.178278923034668,0.10279744863510132,0.49960851669311523,21.904083251953125,0.10547643899917603,0.4323068857192993,21.075471878051758,100,global,cgm_static,0,2
0.09976573288440704,0.016247928142547607,23.119449615478516,0.11966615170240402,0.3219091296195984,24.328153610229492,0.10532665252685547,0.4339181184768677,19.73097038269043,100,global,static_all,0,2
0.07723388820886612,0.41042560338974,17.30160903930664,0.11834826320409775,0.33676254749298096,24.417680740356445,0.11091990768909454,0.37219947576522827,21.035215377807617,100,subject_z,cgm_static,0,2
0.09976573288440704,0.016247928142547607,23.119449615478516,0.11966615170240402,0.3219091296195984,24.328153610229492,0.10532665252685547,0.4339181184768677,19.73097038269043,100,subject_z,static_all,0,2
0.07923328876495361,0.5053603649139404,18.19289779663086,0.09929130226373672,0.4655148386955261,21.373598098754883,0.11906643956899643,0.13700014352798462,20.8259334564209,100,global,cgm_static,0,3
0.11601994931697845,-0.060569167137145996,27.619016647338867,0.11095528304576874,0.3325645923614502,24.0063533782959,0.12942107021808624,-0.019628405570983887,21.236310958862305,100,global,static_all,0,3
0.10068085789680481,0.20132988691329956,24.795541763305664,0.10069623589515686,0.4502822160720825,22.440256118774414,0.1250617653131485,0.04790329933166504,21.45591163635254,100,subject_z,cgm_static,0,3
0.11601994931697845,-0.060569167137145996,27.619016647338867,0.11095528304576874,0.3325645923614502,24.0063533782959,0.12942107021808624,-0.019628405570983887,21.236310958862305,100,subject_z,static_all,0,3
0.06604477763175964,0.5302462577819824,13.98775577545166,0.10984881967306137,0.26710379123687744,21.27450180053711,0.09887288510799408,0.2964547276496887,19.238561630249023,100,global,cgm_static,0,4
0.10741883516311646,-0.24266541004180908,26.431692123413086,0.15972262620925903,-0.5494749546051025,32.2805061340332,0.10611019283533096,0.18968874216079712,21.38237190246582,100,global,static_all,0,4
0.09316665679216385,0.06520938873291016,21.276639938354492,0.15700682997703552,-0.4972306489944458,32.42849349975586,0.11285880953073502,0.08333933353424072,22.22899055480957,100,subject_z,cgm_static,0,4
0.10741883516311646,-0.24266541004180908,26.431692123413086,0.15972262620925903,-0.5494749546051025,32.2805061340332,0.10611019283533096,0.18968874216079712,21.38237190246582,100,subject_z,static_all,0,4
0.08281564712524414,0.5175964832305908,14.992655754089355,0.10695505887269974,0.5957369804382324,19.354877471923828,0.13711637258529663,0.24726003408432007,22.330562591552734,100,global,cgm_static,1,0
0.13041052222251892,-0.196219801902771,25.26358413696289,0.15107975900173187,0.1933707594871521,27.479644775390625,0.15375378727912903,0.05350571870803833,25.63137435913086,100,global,static_all,1,0
0.11281227320432663,0.10484462976455688,21.565397262573242,0.14170335233211517,0.29038697481155396,25.885284423828125,0.15304479002952576,0.062214434146881104,25.89866828918457,100,subject_z,cgm_static,1,0
0.13041052222251892,-0.196219801902771,25.26358413696289,0.15107975900173187,0.1933707594871521,27.479644775390625,0.15375378727912903,0.05350571870803833,25.63137435913086,100,subject_z,static_all,1,0
0.07726254314184189,0.561661958694458,13.272226333618164,0.12040578573942184,0.37275874614715576,18.98717498779297,0.12746745347976685,0.32762694358825684,20.263164520263672,100,global,cgm_static,1,1
0.10438857972621918,0.19983959197998047,17.498435974121094,0.12780141830444336,0.2933386564254761,19.02683448791504,0.1373942643404007,0.2188240885734558,21.311546325683594,100,global,static_all,1,1
0.09964890033006668,0.270851194858551,16.826156616210938,0.13194458186626434,0.24677777290344238,19.47821617126465,0.14177744090557098,0.16818654537200928,22.364892959594727,100,subject_z,cgm_static,1,1
0.10438857972621918,0.19983959197998047,17.498435974121094,0.12780141830444336,0.2933386564254761,19.02683448791504,0.1373942643404007,0.2188240885734558,21.311546325683594,100,subject_z,static_all,1,1
0.08269624412059784,0.6636072397232056,16.629819869995117,0.11421862244606018,0.5461328029632568,25.23076820373535,0.09937264025211334,0.5892689228057861,18.14802360534668,100,global,cgm_static,1,2
0.1189732626080513,0.30373620986938477,27.284679412841797,0.13844934105873108,0.3331368565559387,31.599287033081055,0.10538464784622192,0.5380674600601196,18.907983779907227,100,global,static_all,1,2
0.10648050159215927,0.4422813057899475,24.257293701171875,0.1411028951406479,0.30732929706573486,32.164432525634766,0.1005890965461731,0.5791515707969666,18.47039031982422,100,subject_z,cgm_static,1,2
0.1189732626080513,0.30373620986938477,27.284679412841797,0.13844934105873108,0.3331368565559387,31.599287033081055,0.10538464784622192,0.5380674600601196,18.907983779907227,100,subject_z,static_all,1,2
0.0709228590130806,0.648320198059082,14.274520874023438,0.0928625836968422,0.551620364189148,15.846098899841309,0.12060696631669998,0.4382259249687195,17.947973251342773,100,global,cgm_static,1,3
0.09671085327863693,0.3460789918899536,21.193038940429688,0.10444482415914536,0.432797372341156,19.325300216674805,0.12545982003211975,0.39210832118988037,19.114824295043945,100,global,static_all,1,3
0.08515797555446625,0.4929795265197754,17.995073318481445,0.09939730912446976,0.4862951636314392,18.101581573486328,0.1243707463145256,0.4026162028312683,18.840702056884766,100,subject_z,cgm_static,1,3
0.09671085327863693,0.3460789918899536,21.193038940429688,0.10444482415914536,0.432797372341156,19.325300216674805,0.12545982003211975,0.39210832118988037,19.114824295043945,100,subject_z,static_all,1,3
0.06005575880408287,0.7558239698410034,11.35991096496582,0.08026807010173798,0.7426638007164001,15.452641487121582,0.09528418630361557,0.6770162582397461,20.00870704650879,100,global,cgm_static,1,4
0.07473459094762802,0.6218735575675964,16.95966339111328,0.10206742584705353,0.5839078426361084,20.191631317138672,0.09652513265609741,0.668548583984375,21.097261428833008,100,global,static_all,1,4
0.0677386149764061,0.6893535852432251,15.378944396972656,0.09947822242975235,0.6047506332397461,19.088804244995117,0.09883235394954681,0.6525139808654785,21.354347229003906,100,subject_z,cgm_static,1,4
0.07473459094762802,0.6218735575675964,16.95966339111328,0.10206742584705353,0.5839078426361084,20.191631317138672,0.09652513265609741,0.668548583984375,21.097261428833008,100,subject_z,static_all,1,4
0.0862947404384613,0.7212955951690674,12.522591590881348,0.15184138715267181,0.437142550945282,20.912643432617188,0.16344836354255676,0.3490334153175354,22.621665954589844,100,global,cgm_static,2,0
0.1420600861310959,0.24470019340515137,22.298011779785156,0.19949857890605927,0.028377056121826172,29.36629867553711,0.18059316277503967,0.2053055763244629,25.711610794067383,100,global,static_all,2,0
0.13216589391231537,0.346246600151062,20.262226104736328,0.19850710034370422,0.03801083564758301,28.80552101135254,0.16934698820114136,0.3012005686759949,23.833820343017578,100,subject_z,cgm_static,2,0
0.1420600861310959,0.24470019340515137,22.298011779785156,0.19949857890605927,0.028377056121826172,29.36629867553711,0.18059316277503967,0.2053055763244629,25.711610794067383,100,subject_z,static_all,2,0
0.07620878517627716,0.6077361106872559,14.724419593811035,0.11212579905986786,0.49720025062561035,17.886377334594727,0.13192999362945557,0.3960726857185364,19.151521682739258,100,global,cgm_static,2,1
0.11267977952957153,0.14244860410690308,21.925233840942383,0.13263510167598724,0.2964404821395874,21.322711944580078,0.13392877578735352,0.37763482332229614,20.130123138427734,100,global,static_all,2,1
0.10050094127655029,0.31780505180358887,19.231765747070312,0.13167878985404968,0.3065492510795593,21.035493850708008,0.13356219232082367,0.3810371160507202,20.085086822509766,100,subject_z,cgm_static,2,1
0.11267977952957153,0.14244860410690308,21.925233840942383,0.13263510167598724,0.2964404821395874,21.322711944580078,0.13392877578735352,0.37763482332229614,20.130123138427734,100,subject_z,static_all,2,1
0.06264956295490265,0.5850157737731934,11.861442565917969,0.08784576505422592,0.40344667434692383,15.811829566955566,0.10604549199342728,0.40208590030670166,17.539894104003906,100,global,cgm_static,2,2
0.0890200287103653,0.16214072704315186,17.964584350585938,0.09986469149589539,0.22904056310653687,18.34309196472168,0.11404003947973251,0.3085366487503052,19.666032791137695,100,global,static_all,2,2
0.07350704073905945,0.42871421575546265,13.976834297180176,0.096594899892807,0.27869975566864014,17.143314361572266,0.11187439411878586,0.3345494866371155,18.834396362304688,100,subject_z,cgm_static,2,2
0.0890200287103653,0.16214072704315186,17.964584350585938,0.09986469149589539,0.22904056310653687,18.34309196472168,0.11404003947973251,0.3085366487503052,19.666032791137695,100,subject_z,static_all,2,2
0.06823500990867615,0.41781508922576904,16.15696907043457,0.09914395958185196,0.23505139350891113,23.803569793701172,0.09184985607862473,0.3064689636230469,19.800065994262695,100,global,cgm_static,2,3
0.10457229614257812,-0.3673499822616577,28.114906311035156,0.12224328517913818,-0.1629197597503662,30.533567428588867,0.09677930176258087,0.23002970218658447,20.706790924072266,100,global,static_all,2,3
0.08491834253072739,0.09832632541656494,23.071460723876953,0.12040751427412033,-0.12825417518615723,30.03182029724121,0.09461530297994614,0.2640780210494995,20.488414764404297,100,subject_z,cgm_static,2,3
0.10457229614257812,-0.3673499822616577,28.114906311035156,0.12224328517913818,-0.1629197597503662,30.533567428588867,0.09677930176258087,0.23002970218658447,20.706790924072266,100,subject_z,static_all,2,3
0.08613750338554382,0.42899560928344727,15.165000915527344,0.14302031695842743,0.07739818096160889,22.844804763793945,0.13606785237789154,0.013014018535614014,22.761255264282227,100,global,cgm_static,2,4
0.10742481052875519,0.11189556121826172,18.434545516967773,0.15627431869506836,-0.10152435302734375,22.809419631958008,0.1424897313117981,-0.08234834671020508,23.27945327758789,100,global,static_all,2,4
0.10276828706264496,0.18721991777420044,16.797927856445312,0.16282302141189575,-0.19577789306640625,24.4511775970459,0.1499190628528595,-0.1981567144393921,24.798994064331055,100,subject_z,cgm_static,2,4
0.10742481052875519,0.11189556121826172,18.434545516967773,0.15627431869506836,-0.10152435302734375,22.809419631958008,0.1424897313117981,-0.08234834671020508,23.27945327758789,100,subject_z,static_all,2,4
0.07431361079216003,0.5188168287277222,16.003530502319336,0.10207507014274597,0.4217156767845154,20.885326385498047,0.1183212623000145,0.12432873249053955,21.81798553466797,100,global,cgm_static,3,0
0.11749499291181564,-0.20285296440124512,26.492029190063477,0.11673054844141006,0.24373996257781982,25.303390502929688,0.1349218189716339,-0.13862276077270508,23.706331253051758,100,global,static_all,3,0
0.09450220316648483,0.22186028957366943,21.91352653503418,0.10934050381183624,0.3364642858505249,23.935192108154297,0.1275470107793808,-0.01755082607269287,23.30687713623047,100,subject_z,cgm_static,3,0
0.11749499291181564,-0.20285296440124512,26.492029190063477,0.11673054844141006,0.24373996257781982,25.303390502929688,0.1349218189716339,-0.13862276077270508,23.706331253051758,100,subject_z,static_all,3,0
0.0695619210600853,0.6470308303833008,12.677663803100586,0.11147085577249527,0.42577797174453735,19.360061645507812,0.12675851583480835,0.34701865911483765,19.68978500366211,100,global,cgm_static,3,1
0.10175160318613052,0.24477523565292358,18.595251083374023,0.12799617648124695,0.24290364980697632,22.26285743713379,0.12329210340976715,0.3822439908981323,19.985645294189453,100,global,static_all,3,1
0.09177819639444351,0.38556963205337524,16.54901123046875,0.12841279804706573,0.2379668951034546,21.352657318115234,0.13177412748336792,0.2943217158317566,20.348379135131836,100,subject_z,cgm_static,3,1
0.10175160318613052,0.24477523565292358,18.595251083374023,0.12799617648124695,0.24290364980697632,22.26285743713379,0.12329210340976715,0.3822439908981323,19.985645294189453,100,subject_z,static_all,3,1
0.0589606910943985,0.6782426834106445,11.252381324768066,0.08573396503925323,0.4986456036567688,14.753185272216797,0.11602473258972168,0.34994733333587646,19.8070011138916,100,global,cgm_static,3,2
0.10334866493940353,0.011417269706726074,22.073421478271484,0.10250025242567062,0.2833799123764038,18.244422912597656,0.12226492166519165,0.27814316749572754,20.86670684814453,100,global,static_all,3,2
0.09301406890153885,0.19924336671829224,19.38399887084961,0.10104186832904816,0.30362725257873535,17.401493072509766,0.12335942685604095,0.2651612162590027,21.061874389648438,100,subject_z,cgm_static,3,2
0.10334866493940353,0.011417269706726074,22.073421478271484,0.10250025242567062,0.2833799123764038,18.244422912597656,0.12226492166519165,0.27814316749572754,20.86670684814453,100,subject_z,static_all,3,2
0.09296705573797226,0.5739316344261169,16.958011627197266,0.11290743947029114,0.5829251408576965,19.866851806640625,0.10300295054912567,0.6331806182861328,17.473033905029297,100,global,cgm_static,3,3
0.12684538960456848,0.2068222165107727,24.44550895690918,0.14404457807540894,0.3211674690246582,24.95561408996582,0.1118188425898552,0.5677022933959961,18.91314697265625,100,global,static_all,3,3
0.11053622514009476,0.39767563343048096,20.151227951049805,0.1376754343509674,0.37987130880355835,23.046350479125977,0.10939962416887283,0.5862056016921997,18.655250549316406,100,subject_z,cgm_static,3,3
0.12684538960456848,0.2068222165107727,24.44550895690918,0.14404457807540894,0.3211674690246582,24.95561408996582,0.1118188425898552,0.5677022933959961,18.91314697265625,100,subject_z,static_all,3,3
0.08329836279153824,0.6558003425598145,14.411767959594727,0.12222571671009064,0.6343017816543579,19.178560256958008,0.13006503880023956,0.5841569900512695,18.381114959716797,100,global,cgm_static,3,4
0.108662910759449,0.4142664074897766,20.818952560424805,0.14734210073947906,0.46856367588043213,21.325231552124023,0.1402389258146286,0.5165567994117737,19.563329696655273,100,global,static_all,3,4
0.09708136320114136,0.5324702262878418,17.370262145996094,0.1449190229177475,0.48589903116226196,20.930715560913086,0.14005491137504578,0.5178247690200806,19.394567489624023,100,subject_z,cgm_static,3,4
0.108662910759449,0.4142664074897766,20.818952560424805,0.14734210073947906,0.46856367588043213,21.325231552124023,0.1402389258146286,0.5165567994117737,19.563329696655273,100,subject_z,static_all,3,4
0.07996196299791336,0.6774486303329468,15.559617042541504,0.10655615478754044,0.6439845561981201,22.087326049804688,0.10960551351308823,0.6200556755065918,21.327022552490234,100,global,cgm_static,4,0
0.10759143531322479,0.41603416204452515,25.531906127929688,0.11895506829023361,0.5563119649887085,25.561290740966797,0.11444959044456482,0.5857298374176025,21.956743240356445,100,global,static_all,4,0
0.09980051964521408,0.49754446744918823,22.848535537719727,0.12120670080184937,0.5393563508987427,25.1502628326416,0.11825018376111984,0.5577592253684998,22.84098243713379,100,subject_z,cgm_static,4,0
0.10759143531322479,0.41603416204452515,25.531906127929688,0.11895506829023361,0.5563119649887085,25.561290740966797,0.11444959044456482,0.5857298374176025,21.956743240356445,100,subject_z,static_all,4,0
0.07514962553977966,0.5634147524833679,14.941963195800781,0.1093238890171051,0.5215593576431274,19.99016761779785,0.13989728689193726,0.18091124296188354,23.2702693939209,100,global,cgm_static,4,1
0.1176430732011795,-0.06991207599639893,23.981325149536133,0.1282048523426056,0.3420288562774658,21.16545295715332,0.15431685745716095,0.0033580660820007324,23.604835510253906,100,global,static_all,4,1
0.09275875240564346,0.33484143018722534,19.187360763549805,0.11687763035297394,0.45315951108932495,20.274629592895508,0.15324993431568146,0.01709163188934326,24.597980499267578,100,subject_z,cgm_static,4,1
0.1176430732011795,-0.06991207599639893,23.981325149536133,0.1282048523426056,0.3420288562774658,21.16545295715332,0.15431685745716095,0.0033580660820007324,23.604835510253906,100,subject_z,static_all,4,1
0.07676500082015991,0.6031906604766846,14.514650344848633,0.10948778688907623,0.5181415677070618,19.589826583862305,0.1183665320277214,0.46733587980270386,17.02008819580078,100,global,cgm_static,4,2
0.10843469947576523,0.20824289321899414,21.763179779052734,0.12456624209880829,0.376281201839447,21.249345779418945,0.1245785728096962,0.4099588394165039,17.468204498291016,100,global,static_all,4,2
0.09748388081789017,0.36008691787719727,19.130342483520508,0.1183457002043724,0.4370197653770447,19.969167709350586,0.1259247362613678,0.39713823795318604,17.521480560302734,100,subject_z,cgm_static,4,2
0.10843469947576523,0.20824289321899414,21.763179779052734,0.12456624209880829,0.376281201839447,21.249345779418945,0.1245785728096962,0.4099588394165039,17.468204498291016,100,subject_z,static_all,4,2
0.084390789270401,0.6647270321846008,14.437214851379395,0.1155068576335907,0.5753897428512573,20.111106872558594,0.11876197904348373,0.5470222234725952,19.765241622924805,100,global,cgm_static,4,3
0.10383690893650055,0.49241119623184204,19.642423629760742,0.12455616891384125,0.5062519311904907,21.10230827331543,0.12308773398399353,0.5134228467941284,20.961687088012695,100,global,static_all,4,3
0.09325273334980011,0.5906152725219727,16.862056732177734,0.12810982763767242,0.4776761531829834,20.817768096923828,0.12842851877212524,0.47028160095214844,22.17483139038086,100,subject_z,cgm_static,4,3
0.10383690893650055,0.49241119623184204,19.642423629760742,0.12455616891384125,0.5062519311904907,21.10230827331543,0.12308773398399353,0.5134228467941284,20.961687088012695,100,subject_z,static_all,4,3
0.05570242553949356,0.6663212776184082,11.10200023651123,0.0836394727230072,0.49977242946624756,14.566716194152832,0.10004335641860962,0.4009742736816406,16.909849166870117,100,global,cgm_static,4,4
0.09478099644184113,0.03389829397201538,18.710447311401367,0.09719840437173843,0.3244408965110779,18.043235778808594,0.10770928114652634,0.30565518140792847,18.893640518188477,100,global,static_all,4,4
0.08378282934427261,0.24509847164154053,16.08237075805664,0.09444891661405563,0.3621199131011963,17.232847213745117,0.10880880802869797,0.29140669107437134,18.578567504882812,100,subject_z,cgm_static,4,4
0.09478099644184113,0.03389829397201538,18.710447311401367,0.09719840437173843,0.3244408965110779,18.043235778808594,0.10770928114652634,0.30565518140792847,18.893640518188477,100,subject_z,static_all,4,4
0.06352337449789047,0.6490508317947388,12.246891021728516,0.08499079197645187,0.5406968593597412,14.526406288146973,0.11870516836643219,0.23887425661087036,20.336362838745117,100,global,cgm_static,5,0
0.10538734495639801,0.03405123949050903,22.236743927001953,0.11623799055814743,0.14088410139083862,20.681554794311523,0.11583326011896133,0.2752576470375061,20.02635383605957,100,global,static_all,5,0
0.09734494239091873,0.17585444450378418,19.691394805908203,0.1104588508605957,0.2241877317428589,19.747774124145508,0.11980237811803818,0.22473889589309692,20.411029815673828,100,subject_z,cgm_static,5,0
0.10538734495639801,0.03405123949050903,22.236743927001953,0.11623799055814743,0.14088410139083862,20.681554794311523,0.11583326011896133,0.2752576470375061,20.02635383605957,100,subject_z,static_all,5,0
0.05872219428420067,0.4788442850112915,13.003251075744629,0.10660351812839508,-0.09778940677642822,24.57541275024414,0.0925522968173027,0.16138505935668945,19.560665130615234,100,global,cgm_static,5,1
0.08427082002162933,-0.07329094409942627,19.174741744995117,0.12489090859889984,-0.5067373514175415,28.908071517944336,0.09928322583436966,0.03497195243835449,21.720590591430664,100,global,static_all,5,1
0.06911560893058777,0.2780364751815796,15.859132766723633,0.12431643158197403,-0.4929077625274658,28.562015533447266,0.1019154042005539,-0.016875505447387695,22.130325317382812,100,subject_z,cgm_static,5,1
0.08427082002162933,-0.07329094409942627,19.174741744995117,0.12489090859889984,-0.5067373514175415,28.908071517944336,0.09928322583436966,0.03497195243835449,21.720590591430664,100,subject_z,static_all,5,1
0.07860242575407028,0.5643233060836792,16.554975509643555,0.11080361902713776,0.5353811979293823,20.95657730102539,0.12614528834819794,0.37050533294677734,18.092470169067383,100,global,cgm_static,5,2
0.10655869543552399,0.19929921627044678,22.145301818847656,0.13680405914783478,0.29174935817718506,25.160280227661133,0.1354166567325592,0.2745721936225891,19.454097747802734,100,global,static_all,5,2
0.09359265118837357,0.38230234384536743,19.7442569732666,0.12845300137996674,0.37557899951934814,23.378616333007812,0.13068705797195435,0.32436031103134155,19.004497528076172,100,subject_z,cgm_static,5,2
0.10655869543552399,0.19929921627044678,22.145301818847656,0.13680405914783478,0.29174935817718506,25.160280227661133,0.1354166567325592,0.2745721936225891,19.454097747802734,100,subject_z,static_all,5,2
0.07984942942857742,0.7636613249778748,13.634799003601074,0.11105130612850189,0.7155876159667969,17.861360549926758,0.11625559628009796,0.6781682372093201,16.853364944458008,100,global,cgm_static,5,3
0.12641002237796783,0.40768301486968994,20.841434478759766,0.15143097937107086,0.4711523652076721,21.70620346069336,0.14460374414920807,0.5020791888237,20.14615821838379,100,global,static_all,5,3
0.11214398592710495,0.5338312387466431,19.662384033203125,0.14731016755104065,0.4995432496070862,21.19513511657715,0.13645291328430176,0.5566294193267822,18.773481369018555,100,subject_z,cgm_static,5,3
0.12641002237796783,0.40768301486968994,20.841434478759766,0.15143097937107086,0.4711523652076721,21.70620346069336,0.14460374414920807,0.5020791888237,20.14615821838379,100,subject_z,static_all,5,3
0.08094456791877747,0.599607527256012,12.512093544006348,0.1298508495092392,0.3263095021247864,19.065336227416992,0.1594935804605484,0.1625332236289978,22.919849395751953,100,global,cgm_static,5,4
0.12334045022726059,0.07034575939178467,19.920438766479492,0.1567957103252411,0.017711102962493896,22.79887580871582,0.16744549572467804,0.07694387435913086,24.27439308166504,100,global,static_all,5,4
0.1161591112613678,0.17545002698898315,18.185264587402344,0.15358760952949524,0.05749613046646118,22.159406661987305,0.1690744161605835,0.05889749526977539,24.441905975341797,100,subject_z,cgm_static,5,4
0.12334045022726059,0.07034575939178467,19.920438766479492,0.1567957103252411,0.017711102962493896,22.79887580871582,0.16744549572467804,0.07694387435913086,24.27439308166504,100,subject_z,static_all,5,4
0.09101694077253342,0.6325738430023193,16.370498657226562,0.12479769438505173,0.5874711275100708,21.164979934692383,0.14574548602104187,0.32848793268203735,22.025928497314453,100,global,cgm_static,6,0
0.12451480329036713,0.31234967708587646,23.73720932006836,0.14674757421016693,0.42959529161453247,23.852598190307617,0.16136503219604492,0.1768432855606079,23.540538787841797,100,global,static_all,6,0
0.11004982888698578,0.4628390669822693,20.480083465576172,0.1430453509092331,0.4580131769180298,23.301786422729492,0.15617337822914124,0.2289586067199707,22.969242095947266,100,subject_z,cgm_static,6,0
0.12451480329036713,0.31234967708587646,23.73720932006836,0.14674757421016693,0.42959529161453247,23.852598190307617,0.16136503219604492,0.1768432855606079,23.540538787841797,100,subject_z,static_all,6,0
0.06914126873016357,0.45635610818862915,13.56471061706543,0.08979599922895432,0.5380293130874634,17.289443969726562,0.10694562643766403,0.4506217837333679,18.6920223236084,100,global,cgm_static,6,1
0.09420249611139297,-0.009170770645141602,17.735061645507812,0.11107874661684036,0.29309290647506714,20.812633514404297,0.11963317543268204,0.31253814697265625,20.1320743560791,100,global,static_all,6,1
0.08085328340530396,0.25657838582992554,14.591419219970703,0.10298841446638107,0.39231687784194946,19.12787628173828,0.11656101047992706,0.3473926782608032,19.52281951904297,100,subject_z,cgm_static,6,1
0.09420249611139297,-0.009170770645141602,17.735061645507812,0.11107874661684036,0.29309290647506714,20.812633514404297,0.11963317543268204,0.31253814697265625,20.1320743560791,100,subject_z,static_all,6,1
0.06299641728401184,0.6389392018318176,12.957967758178711,0.09342668950557709,0.4127747416496277,17.33864974975586,0.1081850603222847,0.19792109727859497,20.77967071533203,100,global,cgm_static,6,2
0.07951148599386215,0.42481398582458496,17.969816207885742,0.1017373576760292,0.30365604162216187,19.565975189208984,0.10656489431858063,0.22176486253738403,20.6597843170166,100,global,static_all,6,2
0.06791914999485016,0.5803056955337524,15.372429847717285,0.10519251227378845,0.25555527210235596,19.587854385375977,0.10830021649599075,0.19621270895004272,21.154619216918945,100,subject_z,cgm_static,6,2
0.07951148599386215,0.42481398582458496,17.969816207885742,0.1017373576760292,0.30365604162216187,19.565975189208984,0.10656489431858063,0.22176486253738403,20.6597843170166,100,subject_z,static_all,6,2
0.08038442581892014,0.5740280151367188,15.473845481872559,0.0982031300663948,0.496133029460907,15.96650505065918,0.11445899307727814,0.5304524898529053,16.052961349487305,100,global,cgm_static,6,3
0.11151054501533508,0.18027347326278687,21.59474754333496,0.11727210134267807,0.28145384788513184,19.655149459838867,0.112611323595047,0.5454895496368408,16.615222930908203,100,global,static_all,6,3
0.10415131598711014,0.28490012884140015,20.338102340698242,0.11130616813898087,0.3527028560638428,18.274864196777344,0.11468091607093811,0.5286298990249634,16.051013946533203,100,subject_z,cgm_static,6,3
0.11151054501533508,0.18027347326278687,21.59474754333496,0.11727210134267807,0.28145384788513184,19.655149459838867,0.112611323595047,0.5454895496368408,16.615222930908203,100,subject_z,static_all,6,3
0.0642111599445343,0.723020076751709,12.662803649902344,0.08769048005342484,0.7231898307800293,17.432863235473633,0.10636923462152481,0.5909134149551392,20.504541397094727,100,global,cgm_static,6,4
0.0910567194223404,0.44300520420074463,21.070743560791016,0.11464197933673859,0.5268873572349548,23.99831199645996,0.11043045669794083,0.5590788125991821,22.161531448364258,100,global,static_all,6,4
0.08279480040073395,0.5394961833953857,18.437349319458008,0.12012974917888641,0.48050856590270996,24.632219314575195,0.11005953699350357,0.562035858631134,22.177040100097656,100,subject_z,cgm_static,6,4
0.0910567194223404,0.44300520420074463,21.070743560791016,0.11464197933673859,0.5268873572349548,23.99831199645996,0.11043045669794083,0.5590788125991821,22.161531448364258,100,subject_z,static_all,6,4
0.0690235123038292,0.4790286421775818,16.280088424682617,0.10595229268074036,0.11237567663192749,23.278404235839844,0.09885966777801514,0.09450626373291016,18.36467742919922,100,global,cgm_static,7,0
0.10047169774770737,-0.1038428544998169,25.3177490234375,0.11857961863279343,-0.11180496215820312,26.595375061035156,0.10345295071601868,0.008408308029174805,19.884769439697266,100,global,static_all,7,0
0.08953361213207245,0.12341898679733276,22.598712921142578,0.11986324191093445,-0.13600575923919678,26.279237747192383,0.10579175502061844,-0.036933302879333496,20.033329010009766,100,subject_z,cgm_static,7,0
0.10047169774770737,-0.1038428544998169,25.3177490234375,0.11857961863279343,-0.11180496215820312,26.595375061035156,0.10345295071601868,0.008408308029174805,19.884769439697266,100,subject_z,static_all,7,0
0.08943303674459457,0.5864841938018799,15.75505542755127,0.1179867759346962,0.6017543077468872,20.457918167114258,0.13221940398216248,0.4886600375175476,21.143173217773438,100,global,cgm_static,7,1
0.11552873253822327,0.30995696783065796,21.551441192626953,0.12795273959636688,0.5316357612609863,22.81288719177246,0.14357198774814606,0.39708131551742554,24.06509017944336,100,global,static_all,7,1
0.10321197658777237,0.4492475986480713,18.58599090576172,0.13018202781677246,0.5151733160018921,22.56752586364746,0.14197807013988495,0.4103940725326538,23.91275405883789,100,subject_z,cgm_static,7,1
0.11552873253822327,0.30995696783065796,21.551441192626953,0.12795273959636688,0.5316357612609863,22.81288719177246,0.14357198774814606,0.39708131551742554,24.06509017944336,100,subject_z,static_all,7,1
0.06517601758241653,0.6116776466369629,12.738224983215332,0.08399943262338638,0.6375774145126343,14.843667984008789,0.10208971053361893,0.5260642170906067,18.862215042114258,100,global,cgm_static,7,2
0.09798719733953476,0.12228113412857056,20.177146911621094,0.10476305335760117,0.4362599849700928,18.92005729675293,0.11500664800405502,0.3985472321510315,21.29444122314453,100,global,static_all,7,2
0.08014878630638123,0.412766695022583,15.878666877746582,0.10104621201753616,0.47555190324783325,18.553234100341797,0.10968220978975296,0.45294880867004395,20.235126495361328,100,subject_z,cgm_static,7,2
0.09798719733953476,0.12228113412857056,20.177146911621094,0.10476305335760117,0.4362599849700928,18.92005729675293,0.11500664800405502,0.3985472321510315,21.29444122314453,100,subject_z,static_all,7,2
0.06695212423801422,0.6399636268615723,12.56095027923584,0.10382593423128128,0.4963650107383728,16.28411293029785,0.1206020787358284,0.4315958619117737,16.891836166381836,100,global,cgm_static,7,3
0.08811014890670776,0.3764524459838867,16.0282039642334,0.11668593436479568,0.36387670040130615,17.83533477783203,0.1325007677078247,0.31390464305877686,18.242990493774414,100,global,static_all,7,3
0.08237084746360779,0.4550397992134094,15.163275718688965,0.11522997915744781,0.37965214252471924,17.49790382385254,0.13175080716609955,0.32164937257766724,18.654813766479492,100,subject_z,cgm_static,7,3
0.08811014890670776,0.3764524459838867,16.0282039642334,0.11668593436479568,0.36387670040130615,17.83533477783203,0.1325007677078247,0.31390464305877686,18.242990493774414,100,subject_z,static_all,7,3
0.07894859462976456,0.709183931350708,12.949162483215332,0.10463506728410721,0.6509114503860474,17.911907196044922,0.11627369374036789,0.5846958756446838,19.035383224487305,100,global,cgm_static,7,4
0.11444824188947678,0.38884997367858887,21.730192184448242,0.12606008350849152,0.49331700801849365,21.25825309753418,0.1240738108754158,0.5271062850952148,21.213472366333008,100,global,static_all,7,4
0.10177551954984665,0.5167006254196167,18.272109985351562,0.12376192957162857,0.5116229057312012,20.956228256225586,0.12362043559551239,0.5305559635162354,20.91434669494629,100,subject_z,cgm_static,7,4
0.11444824188947678,0.38884997367858887,21.730192184448242,0.12606008350849152,0.49331700801849365,21.25825309753418,0.1240738108754158,0.5271062850952148,21.213472366333008,100,subject_z,static_all,7,4
0.06899484246969223,0.7394711971282959,11.190933227539062,0.09351613372564316,0.6633507013320923,15.072298049926758,0.10478175431489944,0.5975578427314758,15.739572525024414,300,global,cgm_static,0,0
0.10533277690410614,0.3927750587463379,17.429115295410156,0.11070562154054642,0.528215229511261,19.191007614135742,0.11130677908658981,0.5458749532699585,18.099939346313477,300,global,static_all,0,0
0.09419205039739609,0.5144308805465698,15.53699779510498,0.10573562979698181,0.5696247816085815,17.485172271728516,0.11039844900369644,0.553256630897522,17.514183044433594,300,subject_z,cgm_static,0,0
0.10533277690410614,0.3927750587463379,17.429115295410156,0.11070562154054642,0.528215229511261,19.191007614135742,0.11130677908658981,0.5458749532699585,18.099939346313477,300,subject_z,static_all,0,0
0.08495603501796722,0.6115848422050476,12.88951301574707,0.11438000947237015,0.5825992226600647,15.933052062988281,0.1372908353805542,0.5237569808959961,18.562881469726562,300,global,cgm_static,0,1
0.10715670883655548,0.38205981254577637,16.622777938842773,0.1370566040277481,0.4006880521774292,18.892297744750977,0.14444489777088165,0.47283095121383667,19.7056941986084,300,global,static_all,0,1
0.1022285744547844,0.4375908374786377,15.437637329101562,0.13526003062725067,0.41629689931869507,18.406694412231445,0.14793333411216736,0.44706058502197266,19.841699600219727,300,subject_z,cgm_static,0,1
0.10715670883655548,0.38205981254577637,16.622777938842773,0.1370566040277481,0.4006880521774292,18.892297744750977,0.14444489777088165,0.47283095121383667,19.7056941986084,300,subject_z,static_all,0,1
0.0671570748090744,0.554234504699707,14.384424209594727,0.10349900275468826,0.4927552342414856,22.020503997802734,0.10386119037866592,0.44956082105636597,20.74351692199707,300,global,cgm_static,0,2
0.10049182921648026,0.0018762946128845215,23.398080825805664,0.11911047995090485,0.3281920552253723,24.208555221557617,0.10418815165758133,0.4460897445678711,19.717487335205078,300,global,static_all,0,2
0.07793546468019485,0.3996657729148865,17.825231552124023,0.11697400361299515,0.3520762324333191,24.20935821533203,0.11168180406093597,0.36354517936706543,21.146556854248047,300,subject_z,cgm_static,0,2
0.10049182921648026,0.0018762946128845215,23.398080825805664,0.11911047995090485,0.3281920552253723,24.208555221557617,0.10418815165758133,0.4460897445678711,19.717487335205078,300,subject_z,static_all,0,2
0.07857406139373779,0.513556957244873,18.114822387695312,0.09965144097805023,0.4616304636001587,21.550813674926758,0.11997643113136292,0.12375855445861816,20.762102127075195,300,global,cgm_static,0,3
0.1166926696896553,-0.07290387153625488,27.942169189453125,0.10993779450654984,0.3447495102882385,23.795652389526367,0.13288483023643494,-0.07493627071380615,21.484474182128906,300,global,static_all,0,3
0.1010337695479393,0.19572091102600098,24.806413650512695,0.10181796550750732,0.43796664476394653,22.603940963745117,0.12745001912117004,0.011192619800567627,21.594078063964844,300,subject_z,cgm_static,0,3
0.1166926696896553,-0.07290387153625488,27.942169189453125,0.10993779450654984,0.3447495102882385,23.795652389526367,0.13288483023643494,-0.07493627071380615,21.484474182128906,300,subject_z,static_all,0,3
0.06568732112646103,0.5353174209594727,13.811034202575684,0.11005104333162308,0.26440298557281494,21.168657302856445,0.0973837673664093,0.3174872398376465,18.657428741455078,300,global,cgm_static,0,4
0.10755335539579391,-0.2457796335220337,26.339733123779297,0.15485148131847382,-0.45640575885772705,31.354612350463867,0.10574746876955032,0.19521909952163696,21.23598289489746,300,global,static_all,0,4
0.09367518872022629,0.054976820945739746,21.526065826416016,0.15405680239200592,-0.4414961338043213,31.880361557006836,0.11295473575592041,0.08178049325942993,22.203943252563477,300,subject_z,cgm_static,0,4
0.10755335539579391,-0.2457796335220337,26.339733123779297,0.15485148131847382,-0.45640575885772705,31.354612350463867,0.10574746876955032,0.19521909952163696,21.23598289489746,300,subject_z,static_all,0,4
0.08369185030460358,0.5073345899581909,15.09437084197998,0.1076890304684639,0.5901694893836975,19.63878059387207,0.1347777247428894,0.2727183699607849,21.820497512817383,300,global,cgm_static,1,0
0.1313207894563675,-0.21297717094421387,25.46585464477539,0.14915698766708374,0.2137719988822937,26.951494216918945,0.15195870399475098,0.0754774808883667,24.962656021118164,300,global,static_all,1,0
0.11360105872154236,0.09228289127349854,21.647558212280273,0.14044500887393951,0.30293387174606323,25.548728942871094,0.15121209621429443,0.08453994989395142,25.403223037719727,300,subject_z,cgm_static,1,0
0.1313207894563675,-0.21297717094421387,25.46585464477539,0.14915698766708374,0.2137719988822937,26.951494216918945,0.15195870399475098,0.0754774808883667,24.962656021118164,300,subject_z,static_all,1,0
0.07711107283830643,0.5633789896965027,13.235610961914062,0.11899462342262268,0.3873751759529114,18.77197265625,0.1277598738670349,0.32453858852386475,20.16874885559082,300,global,cgm_static,1,1
0.10401060432195663,0.20562350749969482,17.400209426879883,0.12864969670772552,0.283926784992218,19.13144302368164,0.13587653636932373,0.23598742485046387,21.23170280456543,300,global,static_all,1,1
0.09962698817253113,0.2711718678474426,16.789051055908203,0.13359074294567108,0.22786599397659302,19.722129821777344,0.14076560735702515,0.18001717329025269,22.26344871520996,300,subject_z,cgm_static,1,1
0.10401060432195663,0.20562350749969482,17.400209426879883,0.12864969670772552,0.283926784992218,19.13144302368164,0.13587653636932373,0.23598742485046387,21.23170280456543,300,subject_z,static_all,1,1
0.0823797956109047,0.6661767959594727,16.559661865234375,0.1153971254825592,0.536718487739563,25.41737174987793,0.09840049594640732,0.5972658395767212,17.899871826171875,300,global,cgm_static,1,2
0.12051175534725189,0.2856125235557556,27.409446716308594,0.13740986585617065,0.3431128263473511,31.49416160583496,0.10444419085979462,0.5462751984596252,18.772157669067383,300,global,static_all,1,2
0.10636573284864426,0.4434829354286194,24.467254638671875,0.13620109856128693,0.3546189069747925,31.005558013916016,0.09878671914339066,0.5940981507301331,18.05634307861328,300,subject_z,cgm_static,1,2
0.12051175534725189,0.2856125235557556,27.409446716308594,0.13740986585617065,0.3431128263473511,31.49416160583496,0.10444419085979462,0.5462751984596252,18.772157669067383,300,subject_z,static_all,1,2
0.07095007598400116,0.6480503082275391,14.321669578552246,0.09291309118270874,0.5511324405670166,15.888519287109375,0.12138567119836807,0.43094825744628906,18.09168243408203,300,global,cgm_static,1,3
0.09570788592100143,0.35957205295562744,21.16208267211914,0.10391096025705338,0.43858104944229126,19.088275909423828,0.12624232470989227,0.38450175523757935,19.228605270385742,300,global,static_all,1,3
0.08452894538640976,0.5004421472549438,18.060529708862305,0.10011623054742813,0.47883719205856323,18.24980926513672,0.12446348369121552,0.40172499418258667,18.927988052368164,300,subject_z,cgm_static,1,3
0.09570788592100143,0.35957205295562744,21.16208267211914,0.10391096025705338,0.43858104944229126,19.088275909423828,0.12624232470989227,0.38450175523757935,19.228605270385742,300,subject_z,static_all,1,3
0.05990944802761078,0.7570122480392456,11.36559009552002,0.08013893663883209,0.7434911727905273,15.492263793945312,0.09379315376281738,0.6870454549789429,19.72396469116211,300,global,cgm_static,1,4
0.0757569894194603,0.6114569902420044,17.388757705688477,0.09854255616664886,0.6121509075164795,19.364110946655273,0.09650898724794388,0.668659508228302,21.0732364654541,300,global,static_all,1,4
0.06731462478637695,0.6932302713394165,15.340620040893555,0.09776390343904495,0.6182559728622437,18.772857666015625,0.09803147614002228,0.6581228971481323,21.145092010498047,300,subject_z,cgm_static,1,4
0.0757569894194603,0.6114569902420044,17.388757705688477,0.09854255616664886,0.6121509075164795,19.364110946655273,0.09650898724794388,0.668659508228302,21.0732364654541,300,subject_z,static_all,1,4
0.08638538420200348,0.7207097411155701,12.47540283203125,0.1497417390346527,0.4526011347770691,20.531620025634766,0.15998513996601105,0.37632715702056885,22.2479248046875,300,global,cgm_static,2,0
0.14448018372058868,0.2187468409538269,22.28371810913086,0.19915330410003662,0.031737327575683594,29.5078125,0.17629586160182953,0.24267584085464478,25.192886352539062,300,global,static_all,2,0
0.13234366476535797,0.34448671340942383,20.0401611328125,0.19649553298950195,0.057408690452575684,28.497236251831055,0.16968552768230438,0.29840391874313354,23.83603286743164,300,subject_z,cgm_static,2,0
0.14448018372058868,0.2187468409538269,22.28371810913086,0.19915330410003662,0.031737327575683594,29.5078125,0.17629586160182953,0.24267584085464478,25.192886352539062,300,subject_z,static_all,2,0
0.07667551189661026,0.6029167175292969,14.707253456115723,0.11230063438415527,0.4956310987472534,17.910673141479492,0.13251332938671112,0.3907204866409302,19.31678581237793,300,global,cgm_static,2,1
0.11317090690135956,0.1349567174911499,22.02385902404785,0.13289660215377808,0.2936633825302124,21.472759246826172,0.13380485773086548,0.37878596782684326,20.12689971923828,300,global,static_all,2,1
0.1012970358133316,0.3069545030593872,19.36513328552246,0.13138613104820251,0.3096282482147217,20.958255767822266,0.13425058126449585,0.37464046478271484,20.31955337524414,300,subject_z,cgm_static,2,1
0.11317090690135956,0.1349567174911499,22.02385902404785,0.13289660215377808,0.2936633825302124,21.472759246826172,0.13380485773086548,0.37878596782684326,20.12689971923828,300,subject_z,static_all,2,1
0.0627935603260994,0.5831058621406555,11.853679656982422,0.08603759109973907,0.4277523159980774,15.50871753692627,0.10602567344903946,0.4023093581199646,17.552595138549805,300,global,cgm_static,2,2
0.08775971829891205,0.18569707870483398,17.5573787689209,0.09957648068666458,0.233484148979187,18.176286697387695,0.11354967206716537,0.31447046995162964,19.462894439697266,300,global,static_all,2,2
0.0732882097363472,0.43211060762405396,13.909703254699707,0.09532155841588974,0.29759126901626587,16.946136474609375,0.11075908690690994,0.3477514386177063,18.609342575073242,300,subject_z,cgm_static,2,2
0.08775971829891205,0.18569707870483398,17.5573787689209,0.09957648068666458,0.233484148979187,18.176286697387695,0.11354967206716537,0.31447046995162964,19.462894439697266,300,subject_z,static_all,2,2
0.06855405867099762,0.4123581051826477,16.290992736816406,0.09853579103946686,0.2444072961807251,23.800573348999023,0.09096822142601013,0.3197188973426819,19.51312828063965,300,global,cgm_static,2,3
0.10469963401556015,-0.3706820011138916,28.36699867248535,0.11988603323698044,-0.11850225925445557,30.020654678344727,0.09640727937221527,0.23593783378601074,20.52136993408203,300,global,static_all,2,3
0.08572303503751755,0.0811566710472107,23.384782791137695,0.12026308476924896,-0.12554895877838135,30.223426818847656,0.09474018961191177,0.26213401556015015,20.601472854614258,300,subject_z,cgm_static,2,3
0.10469963401556015,-0.3706820011138916,28.36699867248535,0.11988603323698044,-0.11850225925445557,30.020654678344727,0.09640727937221527,0.23593783378601074,20.52136993408203,300,subject_z,static_all,2,3
0.08596505224704742,0.431279718875885,15.288980484008789,0.14521566033363342,0.04885709285736084,22.900968551635742,0.1358235627412796,0.01655477285385132,22.9262638092041,300,global,cgm_static,2,4
0.10748717188835144,0.11086428165435791,18.448759078979492,0.15656159818172455,-0.10557794570922852,23.06742286682129,0.1403861790895462,-0.05062723159790039,22.980947494506836,300,global,static_all,2,4
0.10293106734752655,0.18464303016662598,16.8068790435791,0.1629519760608673,-0.19767272472381592,24.38894271850586,0.148265540599823,-0.17187237739562988,24.731374740600586,300,subject_z,cgm_static,2,4
0.10748717188835144,0.11086428165435791,18.448759078979492,0.15656159818172455,-0.10557794570922852,23.06742286682129,0.1403861790895462,-0.05062723159790039,22.980947494506836,300,subject_z,static_all,2,4
0.07380040735006332,0.5254398584365845,15.848808288574219,0.10214683413505554,0.4209022521972656,20.914461135864258,0.11782754212617874,0.13162142038345337,21.588464736938477,300,global,cgm_static,3,0
0.1157483235001564,-0.16735553741455078,26.217973709106445,0.11937402933835983,0.2090996503829956,25.891586303710938,0.13503900170326233,-0.1406015157699585,23.40374755859375,300,global,static_all,3,0
0.09220491349697113,0.2592325806617737,21.462329864501953,0.11132218688726425,0.3121946454048157,24.35422134399414,0.13017278909683228,-0.05987834930419922,23.67580795288086,300,subject_z,cgm_static,3,0
0.1157483235001564,-0.16735553741455078,26.217973709106445,0.11937402933835983,0.2090996503829956,25.891586303710938,0.13503900170326233,-0.1406015157699585,23.40374755859375,300,subject_z,static_all,3,0
0.06871745735406876,0.655548632144928,12.636955261230469,0.111121267080307,0.42937391996383667,19.36310577392578,0.12718327343463898,0.3426350951194763,19.749454498291016,300,global,cgm_static,3,1
0.10119573771953583,0.25300413370132446,18.67525291442871,0.12719178199768066,0.2523896098136902,22.15943717956543,0.12444550544023514,0.37063169479370117,20.21702766418457,300,global,static_all,3,1
0.09067700803279877,0.4002254605293274,16.485340118408203,0.12790927290916443,0.24393129348754883,21.31324577331543,0.13269880414009094,0.28438323736190796,20.576126098632812,300,subject_z,cgm_static,3,1
0.10119573771953583,0.25300413370132446,18.67525291442871,0.12719178199768066,0.2523896098136902,22.15943717956543,0.12444550544023514,0.37063169479370117,20.21702766418457,300,subject_z,static_all,3,1
0.05930528789758682,0.6744707822799683,11.438806533813477,0.08480099588632584,0.5094977617263794,14.639742851257324,0.11588352918624878,0.35152870416641235,19.66246795654297,300,global,cgm_static,3,2
0.10189063102006912,0.039114296436309814,22.039817810058594,0.10313233733177185,0.27451443672180176,18.39544105529785,0.12123926728963852,0.2902032136917114,20.78545379638672,300,global,static_all,3,2
0.09392141550779343,0.18354451656341553,19.654695510864258,0.10005802661180496,0.31712234020233154,17.3702392578125,0.1224655732512474,0.2757718563079834,20.881301879882812,300,subject_z,cgm_static,3,2
0.10189063102006912,0.039114296436309814,22.039817810058594,0.10313233733177185,0.27451443672180176,18.39544105529785,0.12123926728963852,0.2902032136917114,20.78545379638672,300,subject_z,static_all,3,2
0.09228156507015228,0.5801916718482971,16.702348709106445,0.11162744462490082,0.5923280715942383,19.8125057220459,0.10541783273220062,0.6157790422439575,17.803619384765625,300,global,cgm_static,3,3
0.12710271775722504,0.20360082387924194,24.306379318237305,0.1406041979789734,0.35320669412612915,24.519241333007812,0.1126781702041626,0.5610323548316956,19.23931312561035,300,global,static_all,3,3
0.11110034584999084,0.39151203632354736,20.12260627746582,0.13781319558620453,0.37862974405288696,23.025249481201172,0.1093124970793724,0.5868644118309021,18.896656036376953,300,subject_z,cgm_static,3,3
0.12710271775722504,0.20360082387924194,24.306379318237305,0.1406041979789734,0.35320669412612915,24.519241333007812,0.1126781702041626,0.5610323548316956,19.23931312561035,300,subject_z,static_all,3,3
0.08184971660375595,0.6676682233810425,14.258686065673828,0.12151164561510086,0.6385623812675476,19.07413101196289,0.1291484832763672,0.5899971723556519,18.3778133392334,300,global,cgm_static,3,4
0.1062084287405014,0.44042861461639404,20.240354537963867,0.14669904112815857,0.4731922745704651,21.109474182128906,0.14076785743236542,0.5129031538963318,19.6905574798584,300,global,static_all,3,4
0.09458178281784058,0.5562354922294617,16.9322509765625,0.1449665129184723,0.4855620861053467,20.7363224029541,0.13965944945812225,0.5205438733100891,19.458045959472656,300,subject_z,cgm_static,3,4
0.1062084287405014,0.44042861461639404,20.240354537963867,0.14669904112815857,0.4731922745704651,21.109474182128906,0.14076785743236542,0.5129031538963318,19.6905574798584,300,subject_z,static_all,3,4
0.08020427823066711,0.6754907369613647,15.574028015136719,0.10514339804649353,0.6533622145652771,21.5607967376709,0.10871107131242752,0.6262314915657043,21.115026473999023,300,global,cgm_static,4,0
0.10843760520219803,0.40681278705596924,25.894176483154297,0.11765383929014206,0.5659657716751099,25.106693267822266,0.11251197755336761,0.5996381044387817,21.824996948242188,300,global,static_all,4,0
0.09839895367622375,0.5115580558776855,22.502092361450195,0.12213262915611267,0.5322915315628052,25.42644691467285,0.11589191854000092,0.5752224922180176,22.636301040649414,300,subject_z,cgm_static,4,0
0.10843760520219803,0.40681278705596924,25.894176483154297,0.11765383929014206,0.5659657716751099,25.106693267822266,0.11251197755336761,0.5996381044387817,21.824996948242188,300,subject_z,static_all,4,0
0.07481944561004639,0.5672427415847778,14.776823043823242,0.1098519042134285,0.516926646232605,19.996803283691406,0.13899371027946472,0.19145774841308594,23.216516494750977,300,global,cgm_static,4,1
0.11779968440532684,-0.07276272773742676,24.183504104614258,0.12947852909564972,0.32889050245285034,21.567453384399414,0.15392884612083435,0.008363664150238037,23.34857177734375,300,global,static_all,4,1
0.09337598830461502,0.32595980167388916,19.31598472595215,0.11846769601106644,0.43817925453186035,20.65904998779297,0.15441879630088806,0.002040863037109375,24.380779266357422,300,subject_z,cgm_static,4,1
0.11779968440532684,-0.07276272773742676,24.183504104614258,0.12947852909564972,0.32889050245285034,21.567453384399414,0.15392884612083435,0.008363664150238037,23.34857177734375,300,subject_z,static_all,4,1
0.07637891173362732,0.6071721315383911,14.355142593383789,0.10977278649806976,0.515629768371582,19.61559295654297,0.11701235920190811,0.479453980922699,16.91196632385254,300,global,cgm_static,4,2
0.10848093777894974,0.2075675129890442,21.905990600585938,0.12464835494756699,0.37545859813690186,21.209537506103516,0.12483255565166473,0.40755051374435425,17.53923225402832,300,global,static_all,4,2
0.09609325975179672,0.3782135248184204,18.995311737060547,0.11860492825508118,0.43455082178115845,20.001205444335938,0.12364509701728821,0.41876816749572754,17.45305061340332,300,subject_z,cgm_static,4,2
0.10848093777894974,0.2075675129890442,21.905990600585938,0.12464835494756699,0.37545859813690186,21.209537506103516,0.12483255565166473,0.40755051374435425,17.53923225402832,300,subject_z,static_all,4,2
0.08348862826824188,0.6718569993972778,14.306306838989258,0.1151542142033577,0.5779784917831421,19.969438552856445,0.11785931885242462,0.5538817644119263,19.655925750732422,300,global,cgm_static,4,3
0.10245062410831451,0.5058740377426147,19.165616989135742,0.12415312230587006,0.509442150592804,21.03663444519043,0.12336650490760803,0.5112163424491882,20.955856323242188,300,global,static_all,4,3
0.09266931563615799,0.5957216620445251,16.602842330932617,0.12733612954616547,0.4839661121368408,20.803524017333984,0.1271761804819107,0.4805620312690735,21.9110050201416,300,subject_z,cgm_static,4,3
0.10245062410831451,0.5058740377426147,19.165616989135742,0.12415312230587006,0.509442150592804,21.03663444519043,0.12336650490760803,0.5112163424491882,20.955856323242188,300,subject_z,static_all,4,3
0.055141959339380264,0.6730023622512817,11.20093822479248,0.08351220190525055,0.5012936592102051,14.599235534667969,0.09962822496891022,0.4059353470802307,16.759658813476562,300,global,cgm_static,4,4
0.09291677176952362,0.07152855396270752,18.44708251953125,0.09741955995559692,0.3213632106781006,18.37732696533203,0.10792196542024612,0.30291038751602173,19.06930160522461,300,global,static_all,4,4
0.0828990638256073,0.2609403133392334,16.124034881591797,0.0947367399930954,0.35822629928588867,17.425949096679688,0.10791652649641037,0.3029806613922119,18.48658561706543,300,subject_z,cgm_static,4,4
0.09291677176952362,0.07152855396270752,18.44708251953125,0.09741955995559692,0.3213632106781006,18.37732696533203,0.10792196542024612,0.30291038751602173,19.06930160522461,300,subject_z,static_all,4,4
0.06288039684295654,0.6561193466186523,12.22278118133545,0.08541525155305862,0.5360977649688721,14.699606895446777,0.11716116964817047,0.25854551792144775,20.220794677734375,300,global,cgm_static,5,0
0.10441985726356506,0.051705241203308105,22.018518447875977,0.11346147209405899,0.1814364194869995,20.04623794555664,0.11510571092367172,0.2843332290649414,19.863420486450195,300,global,static_all,5,0
0.0966498926281929,0.18758130073547363,19.676830291748047,0.1088762879371643,0.24625897407531738,19.40229606628418,0.11749383062124252,0.25432896614074707,20.050636291503906,300,subject_z,cgm_static,5,0
0.10441985726356506,0.051705241203308105,22.018518447875977,0.11346147209405899,0.1814364194869995,20.04623794555664,0.11510571092367172,0.2843332290649414,19.863420486450195,300,subject_z,static_all,5,0
0.05801697447896004,0.4912866950035095,12.81283187866211,0.10487232357263565,-0.06242358684539795,24.12485694885254,0.09252875298261642,0.16181182861328125,19.606252670288086,300,global,cgm_static,5,1
0.08509767055511475,-0.09445595741271973,19.582143783569336,0.1263132393360138,-0.5412521362304688,29.331510543823242,0.09987911581993103,0.023353397846221924,22.038829803466797,300,global,static_all,5,1
0.06978235393762589,0.2640399932861328,16.03653335571289,0.1257723867893219,-0.5280815362930298,28.859272003173828,0.10162653774023056,-0.01111912727355957,22.245519638061523,300,subject_z,cgm_static,5,1
0.08509767055511475,-0.09445595741271973,19.582143783569336,0.1263132393360138,-0.5412521362304688,29.331510543823242,0.09987911581993103,0.023353397846221924,22.038829803466797,300,subject_z,static_all,5,1
0.07883121818304062,0.5617833733558655,16.729116439819336,0.11142530292272568,0.5301527976989746,21.20548439025879,0.12378261983394623,0.3938649892807007,18.11745834350586,300,global,cgm_static,5,2
0.10657265037298203,0.19908958673477173,22.1920223236084,0.1371755301952362,0.28789782524108887,25.140357971191406,0.1344730108976364,0.28464722633361816,19.50694465637207,300,global,static_all,5,2
0.09348385781049728,0.38373756408691406,19.741605758666992,0.1292048543691635,0.3682480454444885,23.557214736938477,0.12976659834384918,0.33384406566619873,18.872482299804688,300,subject_z,cgm_static,5,2
0.10657265037298203,0.19908958673477173,22.1920223236084,0.1371755301952362,0.28789782524108887,25.140357971191406,0.1344730108976364,0.28464722633361816,19.50694465637207,300,subject_z,static_all,5,2
0.08054649829864502,0.7595168948173523,13.771522521972656,0.10982165485620499,0.7218512892723083,17.48772621154785,0.1134411096572876,0.693562388420105,16.44512939453125,300,global,cgm_static,5,3
0.1266665905714035,0.40527617931365967,20.7163028717041,0.15219759941101074,0.4657841920852661,22.02711296081543,0.1428089290857315,0.5143628120422363,19.99711799621582,300,global,static_all,5,3
0.11123929917812347,0.5413222312927246,19.398277282714844,0.14702391624450684,0.5014863610267639,21.429372787475586,0.13456808030605316,0.568793535232544,18.687650680541992,300,subject_z,cgm_static,5,3
0.1266665905714035,0.40527617931365967,20.7163028717041,0.15219759941101074,0.4657841920852661,22.02711296081543,0.1428089290857315,0.5143628120422363,19.99711799621582,300,subject_z,static_all,5,3
0.08103115111589432,0.5987505912780762,12.560870170593262,0.1286921501159668,0.338279128074646,18.711400985717773,0.1598087102174759,0.15922069549560547,22.986927032470703,300,global,cgm_static,5,4
0.12298357486724854,0.07571768760681152,19.741008758544922,0.156977117061615,0.015437006950378418,22.755998611450195,0.1683056354522705,0.06743645668029785,24.470523834228516,300,global,static_all,5,4
0.1175835058093071,0.15510398149490356,18.539791107177734,0.1544402688741684,0.04700225591659546,22.248973846435547,0.16934391856193542,0.05589479207992554,24.406002044677734,300,subject_z,cgm_static,5,4
0.12298357486724854,0.07571768760681152,19.741008758544922,0.156977117061615,0.015437006950378418,22.755998611450195,0.1683056354522705,0.06743645668029785,24.470523834228516,300,subject_z,static_all,5,4
0.09117262810468674,0.6313157081604004,16.320905685424805,0.12392891943454742,0.5931947827339172,21.001384735107422,0.1436866670846939,0.3473256230354309,21.820444107055664,300,global,cgm_static,6,0
0.12381394952535629,0.3200690746307373,23.50483512878418,0.14700758457183838,0.42757225036621094,23.782604217529297,0.1602800339460373,0.18787580728530884,23.459239959716797,300,global,static_all,6,0
0.10901065170764923,0.4729357957839966,20.292741775512695,0.14282763004302979,0.4596617817878723,22.900266647338867,0.15531593561172485,0.2374020218849182,22.96940803527832,300,subject_z,cgm_static,6,0
0.12381394952535629,0.3200690746307373,23.50483512878418,0.14700758457183838,0.42757225036621094,23.782604217529297,0.1602800339460373,0.18787580728530884,23.459239959716797,300,subject_z,static_all,6,0
0.06848209351301193,0.46667253971099854,13.364214897155762,0.08968237787485123,0.5391976833343506,17.16395378112793,0.10679831355810165,0.452134370803833,18.758502960205078,300,global,cgm_static,6,1
0.09397661685943604,-0.004336833953857422,17.558387756347656,0.11248251050710678,0.2751128673553467,21.06875228881836,0.11930911242961884,0.3162574768066406,20.11958122253418,300,global,static_all,6,1
0.08010803908109665,0.2702198624610901,14.560803413391113,0.1041356548666954,0.37870293855667114,19.42253875732422,0.11491350084543228,0.3657105565071106,19.49996566772461,300,subject_z,cgm_static,6,1
0.09397661685943604,-0.004336833953857422,17.558387756347656,0.11248251050710678,0.2751128673553467,21.06875228881836,0.11930911242961884,0.3162574768066406,20.11958122253418,300,subject_z,static_all,6,1
0.06288404017686844,0.6402262449264526,12.905171394348145,0.09434249252080917,0.40120577812194824,17.475101470947266,0.1065303236246109,0.22226977348327637,20.562658309936523,300,global,cgm_static,6,2
0.08021973073482513,0.41452139616012573,18.32837677001953,0.10228986293077469,0.2960723042488098,19.74280548095703,0.10670346021652222,0.2197398543357849,20.82963752746582,300,global,static_all,6,2
0.06826015561819077,0.5760806798934937,15.661075592041016,0.1043446734547615,0.26750707626342773,19.669754028320312,0.1104540228843689,0.1639244556427002,21.544404983520508,300,subject_z,cgm_static,6,2
0.08021973073482513,0.41452139616012573,18.32837677001953,0.10228986293077469,0.2960723042488098,19.74280548095703,0.10670346021652222,0.2197398543357849,20.82963752746582,300,subject_z,static_all,6,2
0.07963581383228302,0.5819251537322998,15.28652572631836,0.0962800681591034,0.5156737565994263,15.849152565002441,0.11444650590419769,0.5305548906326294,16.147607803344727,300,global,cgm_static,6,3
0.11205874383449554,0.1721937656402588,21.667308807373047,0.11430402100086212,0.31736546754837036,19.057756423950195,0.11259232461452484,0.5456429123878479,16.723648071289062,300,global,static_all,6,3
0.1038312166929245,0.2892889380455017,20.308561325073242,0.10839182883501053,0.3861556053161621,17.776580810546875,0.11595366150140762,0.5181092023849487,16.412015914916992,300,subject_z,cgm_static,6,3
0.11205874383449554,0.1721937656402588,21.667308807373047,0.11430402100086212,0.31736546754837036,19.057756423950195,0.11259232461452484,0.5456429123878479,16.723648071289062,300,subject_z,static_all,6,3
0.06488192081451416,0.7172031402587891,12.621487617492676,0.08763229846954346,0.7235569953918457,17.381103515625,0.10599254816770554,0.5938056111335754,20.468074798583984,300,global,cgm_static,6,4
0.08917693793773651,0.46576499938964844,20.659751892089844,0.1128382459282875,0.5416578054428101,23.599462509155273,0.11130328476428986,0.5520813465118408,22.517438888549805,300,global,static_all,6,4
0.0833054855465889,0.5337977409362793,18.711729049682617,0.11743892729282379,0.5035204887390137,24.126129150390625,0.11117427796125412,0.5531190633773804,22.44038963317871,300,subject_z,cgm_static,6,4
0.08917693793773651,0.46576499938964844,20.659751892089844,0.1128382459282875,0.5416578054428101,23.599462509155273,0.11130328476428986,0.5520813465118408,22.517438888549805,300,subject_z,static_all,6,4
0.0683969035744667,0.4884446859359741,16.25118637084961,0.10548299551010132,0.12022137641906738,23.186771392822266,0.09730567038059235,0.12274980545043945,18.346006393432617,300,global,cgm_static,7,0
0.09869147092103958,-0.06507217884063721,25.07135581970215,0.12202673405408859,-0.17738497257232666,27.272037506103516,0.10150120407342911,0.04547011852264404,19.52861213684082,300,global,static_all,7,0
0.08643785119056702,0.18298941850662231,21.785289764404297,0.12217450886964798,-0.1802382469177246,26.721296310424805,0.1043916791677475,-0.009668588638305664,19.945667266845703,300,subject_z,cgm_static,7,0
0.09869147092103958,-0.06507217884063721,25.07135581970215,0.12202673405408859,-0.17738497257232666,27.272037506103516,0.10150120407342911,0.04547011852264404,19.52861213684082,300,subject_z,static_all,7,0
0.08929614722728729,0.5877490043640137,15.6537504196167,0.117368683218956,0.605915904045105,20.434619903564453,0.13158713281154633,0.49353885650634766,20.965633392333984,300,global,cgm_static,7,1
0.11457249522209167,0.32133275270462036,21.291765213012695,0.1283348649740219,0.5288341045379639,23.132225036621094,0.14161039888858795,0.41344380378723145,23.635520935058594,300,global,static_all,7,1
0.10270099341869354,0.4546874165534973,18.738039016723633,0.1291242241859436,0.5230202674865723,22.60346031188965,0.14086686074733734,0.41958725452423096,23.601564407348633,300,subject_z,cgm_static,7,1
0.11457249522209167,0.32133275270462036,21.291765213012695,0.1283348649740219,0.5288341045379639,23.132225036621094,0.14161039888858795,0.41344380378723145,23.635520935058594,300,subject_z,static_all,7,1
0.06485976278781891,0.6154370307922363,12.672157287597656,0.08233232796192169,0.6518204212188721,14.674443244934082,0.10273851454257965,0.5200212001800537,19.20131492614746,300,global,cgm_static,7,2
0.096723273396492,0.144778311252594,19.983766555786133,0.10615532100200653,0.4211766719818115,19.3460693359375,0.11617518961429596,0.3862629532814026,21.174118041992188,300,global,static_all,7,2
0.08010455965995789,0.4134145975112915,15.845203399658203,0.10088830441236496,0.47718971967697144,18.553293228149414,0.1106162965297699,0.44359147548675537,20.519935607910156,300,subject_z,cgm_static,7,2
0.096723273396492,0.144778311252594,19.983766555786133,0.10615532100200653,0.4211766719818115,19.3460693359375,0.11617518961429596,0.3862629532814026,21.174118041992188,300,subject_z,static_all,7,2
0.0664675235748291,0.6451566815376282,12.475558280944824,0.1027761846780777,0.5064976215362549,16.034757614135742,0.12182667851448059,0.419994056224823,16.858264923095703,300,global,cgm_static,7,3
0.08894061297178268,0.364642858505249,16.402856826782227,0.11620274931192398,0.3691340684890747,17.67469024658203,0.1322811245918274,0.3161773681640625,18.110963821411133,300,global,static_all,7,3
0.08270420134067535,0.45062005519866943,15.241764068603516,0.11460413783788681,0.3863723874092102,17.381093978881836,0.1313892900943756,0.3253669738769531,18.381397247314453,300,subject_z,cgm_static,7,3
0.08894061297178268,0.364642858505249,16.402856826782227,0.11620274931192398,0.3691340684890747,17.67469024658203,0.1322811245918274,0.3161773681640625,18.110963821411133,300,subject_z,static_all,7,3
0.0783572867512703,0.7135238647460938,12.889975547790527,0.10499737411737442,0.6484897136688232,17.86555290222168,0.11641669273376465,0.5836737155914307,19.200103759765625,300,global,cgm_static,7,4
0.11498021334409714,0.38315528631210327,21.675426483154297,0.12578414380550385,0.495532751083374,21.500825881958008,0.12444783002138138,0.524250864982605,21.184125900268555,300,global,static_all,7,4
0.10199371725320816,0.5146260261535645,18.501840591430664,0.12441349029541016,0.5064670443534851,21.124574661254883,0.12418036162853241,0.5262936353683472,20.879453659057617,300,subject_z,cgm_static,7,4
0.11498021334409714,0.38315528631210327,21.675426483154297,0.12578414380550385,0.495532751083374,21.500825881958008,0.12444783002138138,0.524250864982605,21.184125900268555,300,subject_z,static_all,7,4
0.06899909675121307,0.7394390106201172,11.141655921936035,0.09269657731056213,0.6692255735397339,14.899577140808105,0.10472827404737473,0.597968578338623,15.90749454498291,500,global,cgm_static,0,0
0.10522355884313583,0.3940337300300598,17.437210083007812,0.11048118025064468,0.5301262140274048,19.07270622253418,0.11087599396705627,0.5493834018707275,18.162734985351562,500,global,static_all,0,0
0.09376031160354614,0.5188720226287842,15.452577590942383,0.10563410073518753,0.5704507827758789,17.51934814453125,0.11062715947628021,0.5514037609100342,17.559886932373047,500,subject_z,cgm_static,0,0
0.10522355884313583,0.3940337300300598,17.437210083007812,0.11048118025064468,0.5301262140274048,19.07270622253418,0.11087599396705627,0.5493834018707275,18.162734985351562,500,subject_z,static_all,0,0
0.08428085595369339,0.6177340745925903,12.787672996520996,0.1142914667725563,0.5832450985908508,15.880859375,0.137360617518425,0.5232728123664856,18.527175903320312,500,global,cgm_static,0,1
0.10737119615077972,0.37958359718322754,16.675020217895508,0.13743437826633453,0.39737963676452637,18.958152770996094,0.14396633207798004,0.476318359375,19.67701530456543,500,global,static_all,0,1
0.10229973495006561,0.43680763244628906,15.480324745178223,0.13540947437286377,0.4150063991546631,18.381439208984375,0.1475542038679123,0.44989120960235596,19.82848358154297,500,subject_z,cgm_static,0,1
0.10737119615077972,0.37958359718322754,16.675020217895508,0.13743437826633453,0.39737963676452637,18.958152770996094,0.14396633207798004,0.476318359375,19.67701530456543,500,subject_z,static_all,0,1
0.0672324001789093,0.5532339811325073,14.391657829284668,0.10364272445440292,0.4913455843925476,22.02594566345215,0.10353227704763412,0.453041672706604,20.65974235534668,500,global,cgm_static,0,2
0.10107985883951187,-0.00983893871307373,23.72979736328125,0.11906062066555023,0.32875436544418335,24.270931243896484,0.10404700040817261,0.4475896954536438,19.68077850341797,500,global,static_all,0,2
0.078922338783741,0.3843657374382019,18.118915557861328,0.11627522110939026,0.3597941994667053,23.936277389526367,0.11129927635192871,0.3678976893424988,21.09540367126465,500,subject_z,cgm_static,0,2
0.10107985883951187,-0.00983893871307373,23.72979736328125,0.11906062066555023,0.32875436544418335,24.270931243896484,0.10404700040817261,0.4475896954536438,19.68077850341797,500,subject_z,static_all,0,2
0.07863540947437286,0.5127970576286316,18.126136779785156,0.09975641965866089,0.46049559116363525,21.53715705871582,0.12132637947797775,0.10392916202545166,20.848997116088867,500,global,cgm_static,0,3
0.11654633283615112,-0.07021462917327881,27.799949645996094,0.10971066355705261,0.3474541902542114,23.819711685180664,0.13381430506706238,-0.09002625942230225,21.629037857055664,500,global,static_all,0,3
0.10027119517326355,0.20781612396240234,24.650449752807617,0.10197586566209793,0.4362220764160156,22.689245223999023,0.1279214322566986,0.0038642287254333496,21.62070655822754,500,subject_z,cgm_static,0,3
0.11654633283615112,-0.07021462917327881,27.799949645996094,0.10971066355705261,0.3474541902542114,23.819711685180664,0.13381430506706238,-0.09002625942230225,21.629037857055664,500,subject_z,static_all,0,3
0.06592830270528793,0.5319017171859741,13.828489303588867,0.11011300981044769,0.2635742425918579,21.177282333374023,0.09694725275039673,0.3235921263694763,18.626739501953125,500,global,cgm_static,0,4
0.10793446749448776,-0.2546241283416748,26.360469818115234,0.1555047631263733,-0.46872031688690186,31.47146987915039,0.10539960861206055,0.20050501823425293,21.272197723388672,500,global,static_all,0,4
0.09364737570285797,0.05553799867630005,21.485172271728516,0.15474405884742737,-0.45438599586486816,32.06521987915039,0.11321696639060974,0.07751208543777466,22.395740509033203,500,subject_z,cgm_static,0,4
0.10793446749448776,-0.2546241283416748,26.360469818115234,0.1555047631263733,-0.46872031688690186,31.47146987915039,0.10539960861206055,0.20050501823425293,21.272197723388672,500,subject_z,static_all,0,4
0.08429846912622452,0.5001667737960815,15.195052146911621,0.10750538855791092,0.5915660858154297,19.596494674682617,0.13543376326560974,0.2656209468841553,21.7495059967041,500,global,cgm_static,1,0
0.1313973069190979,-0.21439123153686523,25.54071044921875,0.14861679077148438,0.2194564938545227,26.93291664123535,0.15271493792533875,0.06625252962112427,24.989749908447266,500,global,static_all,1,0
0.11336707323789597,0.09601843357086182,21.6680965423584,0.1404958963394165,0.302428662776947,25.609886169433594,0.15094618499279022,0.08775675296783447,25.29660415649414,500,subject_z,cgm_static,1,0
0.1313973069190979,-0.21439123153686523,25.54071044921875,0.14861679077148438,0.2194564938545227,26.93291664123535,0.15271493792533875,0.06625252962112427,24.989749908447266,500,subject_z,static_all,1,0
0.07697414606809616,0.5649281740188599,13.283827781677246,0.11915729194879532,0.3856990933418274,18.728866577148438,0.12812158465385437,0.3207085132598877,20.202299118041992,500,global,cgm_static,1,1
0.10390996187925339,0.20716017484664917,17.343761444091797,0.1288936734199524,0.28120821714401245,19.117000579833984,0.13629968464374542,0.23122137784957886,21.263717651367188,500,global,static_all,1,1
0.09942913055419922,0.2740638256072998,16.68317413330078,0.13317416608333588,0.23267406225204468,19.688684463500977,0.14113600552082062,0.17569631338119507,22.33502197265625,500,subject_z,cgm_static,1,1
0.10390996187925339,0.20716017484664917,17.343761444091797,0.1288936734199524,0.28120821714401245,19.117000579833984,0.13629968464374542,0.23122137784957886,21.263717651367188,500,subject_z,static_all,1,1
0.08178538084030151,0.6709768772125244,16.49713134765625,0.11470314860343933,0.542273998260498,25.27725601196289,0.09848935902118683,0.5965380668640137,17.918386459350586,500,global,cgm_static,1,2
0.12024198472499847,0.2888072729110718,27.417247772216797,0.1381107121706009,0.33639490604400635,31.668508529663086,0.10466700047254562,0.5443373918533325,18.7491397857666,500,global,static_all,1,2
0.1059369221329689,0.44796109199523926,24.38089942932129,0.1362934410572052,0.3537435531616211,31.040781021118164,0.09928282350301743,0.5900111198425293,18.08149528503418,500,subject_z,cgm_static,1,2
0.12024198472499847,0.2888072729110718,27.417247772216797,0.1381107121706009,0.33639490604400635,31.668508529663086,0.10466700047254562,0.5443373918533325,18.7491397857666,500,subject_z,static_all,1,2
0.07085014134645462,0.6490410566329956,14.316225051879883,0.09278982132673264,0.5523226261138916,15.824370384216309,0.12197092920541763,0.42544758319854736,18.127765655517578,500,global,cgm_static,1,3
0.09582769870758057,0.35796767473220825,21.117277145385742,0.10374324768781662,0.44039177894592285,19.03767204284668,0.12603890895843506,0.38648349046707153,19.218189239501953,500,global,static_all,1,3
0.0845000371336937,0.5007838010787964,18.047372817993164,0.10027652233839035,0.477167010307312,18.349014282226562,0.12447039783000946,0.4016585350036621,18.883132934570312,500,subject_z,cgm_static,1,3
0.09582769870758057,0.35796767473220825,21.117277145385742,0.10374324768781662,0.44039177894592285,19.03767204284668,0.12603890895843506,0.38648349046707153,19.218189239501953,500,subject_z,static_all,1,3
0.06034094840288162,0.7534993886947632,11.348973274230957,0.08065012842416763,0.7402082681655884,15.442564964294434,0.09391295164823532,0.6862455606460571,19.655067443847656,500,global,cgm_static,1,4
0.07621879875659943,0.6067055463790894,17.517303466796875,0.09807083755731583,0.6158551573753357,19.157920837402344,0.09634977579116821,0.6697518825531006,21.037267684936523,500,global,static_all,1,4
0.0677182674407959,0.6895402073860168,15.472729682922363,0.09729320555925369,0.6219229698181152,18.613204956054688,0.09782222658395767,0.6595808267593384,21.096303939819336,500,subject_z,cgm_static,1,4
0.07621879875659943,0.6067055463790894,17.517303466796875,0.09807083755731583,0.6158551573753357,19.157920837402344,0.09634977579116821,0.6697518825531006,21.037267684936523,500,subject_z,static_all,1,4
0.0868348628282547,0.7177958488464355,12.528053283691406,0.1502305120229721,0.44902175664901733,20.587326049804688,0.1599213182926178,0.37682467699050903,22.227813720703125,500,global,cgm_static,2,0
0.14453446865081787,0.21815955638885498,22.14858627319336,0.19904541969299316,0.03278619050979614,29.37253761291504,0.1771361529827118,0.23543936014175415,25.38231658935547,500,global,static_all,2,0
0.13249370455741882,0.34299951791763306,19.953397750854492,0.19610489904880524,0.061152517795562744,28.510719299316406,0.1716703623533249,0.28189462423324585,24.159072875976562,500,subject_z,cgm_static,2,0
0.14453446865081787,0.21815955638885498,22.14858627319336,0.19904541969299316,0.03278619050979614,29.37253761291504,0.1771361529827118,0.23543936014175415,25.38231658935547,500,subject_z,static_all,2,0
0.07665304094552994,0.6031494140625,14.709362030029297,0.11267006397247314,0.49230724573135376,17.960172653198242,0.13141819834709167,0.4007493853569031,19.197296142578125,500,global,cgm_static,2,1
0.11320643126964569,0.13441359996795654,21.992359161376953,0.1335327923297882,0.2868846654891968,21.48220443725586,0.1342507004737854,0.37463921308517456,20.202665328979492,500,global,static_all,2,1
0.10091985762119293,0.31210601329803467,19.273452758789062,0.13197967410087585,0.3033766746520996,21.038198471069336,0.133971706032753,0.3772357702255249,20.248750686645508,500,subject_z,cgm_static,2,1
0.11320643126964569,0.13441359996795654,21.992359161376953,0.1335327923297882,0.2868846654891968,21.48220443725586,0.1342507004737854,0.37463921308517456,20.202665328979492,500,subject_z,static_all,2,1
0.06269196420907974,0.584453821182251,11.808981895446777,0.08570840209722519,0.4321228265762329,15.42922592163086,0.10599272698163986,0.40268075466156006,17.52074432373047,500,global,cgm_static,2,2
0.0880252793431282,0.18076151609420776,17.58074378967285,0.09932153671979904,0.23740410804748535,18.072553634643555,0.11307980120182037,0.32013219594955444,19.27579116821289,500,global,static_all,2,2
0.07330917567014694,0.4317857027053833,13.950417518615723,0.09568814188241959,0.2921784520149231,17.04723358154297,0.11101137101650238,0.3447767496109009,18.61438751220703,500,subject_z,cgm_static,2,2
0.0880252793431282,0.18076151609420776,17.58074378967285,0.09932153671979904,0.23740410804748535,18.072553634643555,0.11307980120182037,0.32013219594955444,19.27579116821289,500,subject_z,static_all,2,2
0.06829988956451416,0.41670745611190796,16.277355194091797,0.09882501512765884,0.23996508121490479,23.8175048828125,0.09124014526605606,0.315645694732666,19.605796813964844,500,global,cgm_static,2,3
0.10478830337524414,-0.3730047941207886,28.4698543548584,0.12002275139093399,-0.12105488777160645,30.02341651916504,0.09667333215475082,0.23171496391296387,20.615795135498047,500,global,static_all,2,3
0.08593021333217621,0.07670992612838745,23.44446563720703,0.12051938474178314,-0.13035154342651367,30.309036254882812,0.09522693604230881,0.2545326352119446,20.727937698364258,500,subject_z,cgm_static,2,3
0.10478830337524414,-0.3730047941207886,28.4698543548584,0.12002275139093399,-0.12105488777160645,30.02341651916504,0.09667333215475082,0.23171496391296387,20.615795135498047,500,subject_z,static_all,2,3
0.08631878346204758,0.4265897274017334,15.320550918579102,0.14519137144088745,0.0491752028465271,23.07729721069336,0.13631856441497803,0.009373605251312256,22.887088775634766,500,global,cgm_static,2,4
0.10738448798656464,0.11256206035614014,18.486051559448242,0.15710192918777466,-0.11322224140167236,23.261215209960938,0.14028196036815643,-0.04906785488128662,23.08449363708496,500,global,static_all,2,4
0.10259722918272018,0.18992328643798828,16.765499114990234,0.16310164332389832,-0.19987380504608154,24.55975914001465,0.14875416457653046,-0.17960941791534424,24.8283634185791,500,subject_z,cgm_static,2,4
0.10738448798656464,0.11256206035614014,18.486051559448242,0.15710192918777466,-0.11322224140167236,23.261215209960938,0.14028196036815643,-0.04906785488128662,23.08449363708496,500,subject_z,static_all,2,4
0.07379372417926788,0.5255258083343506,15.825535774230957,0.10206031799316406,0.4218828082084656,20.8367919921875,0.11748260259628296,0.13669830560684204,21.57255744934082,500,global,cgm_static,3,0
0.11683255434036255,-0.18932759761810303,26.439237594604492,0.11906266957521439,0.2132200002670288,25.840620040893555,0.1336940973997116,-0.11799538135528564,23.37110137939453,500,global,static_all,3,0
0.09291849285364151,0.2477225661277771,21.529132843017578,0.1117335855960846,0.30710166692733765,24.36433219909668,0.1288726031780243,-0.038811445236206055,23.571584701538086,500,subject_z,cgm_static,3,0
0.11683255434036255,-0.18932759761810303,26.439237594604492,0.11906266957521439,0.2132200002670288,25.840620040893555,0.1336940973997116,-0.11799538135528564,23.37110137939453,500,subject_z,static_all,3,0
0.06886571645736694,0.6540607213973999,12.68162727355957,0.11098331212997437,0.43078988790512085,19.271663665771484,0.1284029185771942,0.3299669623374939,19.84244728088379,500,global,cgm_static,3,1
0.10137901455163956,0.2502959966659546,18.71806526184082,0.12694552540779114,0.2552816867828369,22.195491790771484,0.12378482520580292,0.377296507358551,20.144834518432617,500,global,static_all,3,1
0.0906260684132576,0.40089911222457886,16.461698532104492,0.12801848351955414,0.2426397204399109,21.36766242980957,0.1318453997373581,0.2935582399368286,20.543865203857422,500,subject_z,cgm_static,3,1
0.10137901455163956,0.2502959966659546,18.71806526184082,0.12694552540779114,0.2552816867828369,22.195491790771484,0.12378482520580292,0.377296507358551,20.144834518432617,500,subject_z,static_all,3,1
0.05925602838397026,0.6750112771987915,11.515069961547852,0.08506234735250473,0.5064697265625,14.724034309387207,0.11578991264104843,0.3525760769844055,19.634153366088867,500,global,cgm_static,3,2
0.10160408169031143,0.044511377811431885,21.926408767700195,0.1030670627951622,0.2754324674606323,18.420207977294922,0.12107222527265549,0.2921578288078308,20.8011531829834,500,global,static_all,3,2
0.09385784715414047,0.1846492886543274,19.584217071533203,0.10049283504486084,0.3111744523048401,17.478435516357422,0.12299419194459915,0.2695060968399048,21.063615798950195,500,subject_z,cgm_static,3,2
0.10160408169031143,0.044511377811431885,21.926408767700195,0.1030670627951622,0.2754324674606323,18.420207977294922,0.12107222527265549,0.2921578288078308,20.8011531829834,500,subject_z,static_all,3,2
0.09240278601646423,0.579088032245636,16.708446502685547,0.11171229183673859,0.5917081236839294,19.806772232055664,0.10565388202667236,0.6140564680099487,17.797298431396484,500,global,cgm_static,3,3
0.12681251764297485,0.20723319053649902,24.28663444519043,0.14029596745967865,0.35603952407836914,24.502025604248047,0.1136137917637825,0.5537121295928955,19.348142623901367,500,global,static_all,3,3
0.11108402907848358,0.39169079065322876,20.119455337524414,0.13750264048576355,0.3814271092414856,22.999534606933594,0.10946375131607056,0.585720419883728,18.91694450378418,500,subject_z,cgm_static,3,3
0.12681251764297485,0.20723319053649902,24.28663444519043,0.14029596745967865,0.35603952407836914,24.502025604248047,0.1136137917637825,0.5537121295928955,19.348142623901367,500,subject_z,static_all,3,3
0.08251224458217621,0.6622663736343384,14.390705108642578,0.1215960830450058,0.6380598545074463,19.043291091918945,0.1287844330072403,0.5923054218292236,18.38990592956543,500,global,cgm_static,3,4
0.10662028193473816,0.4360805153846741,20.26900863647461,0.1473475843667984,0.4685240387916565,21.19007110595703,0.13935472071170807,0.5226339101791382,19.56465721130371,500,global,static_all,3,4
0.09423305839300156,0.5595018863677979,16.958847045898438,0.14593344926834106,0.4786764979362488,20.981334686279297,0.13877397775650024,0.5266042947769165,19.33794403076172,500,subject_z,cgm_static,3,4
0.10662028193473816,0.4360805153846741,20.26900863647461,0.1473475843667984,0.4685240387916565,21.19007110595703,0.13935472071170807,0.5226339101791382,19.56465721130371,500,subject_z,static_all,3,4
0.08014453947544098,0.6759740114212036,15.538512229919434,0.10468833893537521,0.6563563346862793,21.476903915405273,0.10904695093631744,0.6239182949066162,21.205665588378906,500,global,cgm_static,4,0
0.10772541910409927,0.414578914642334,25.75146484375,0.11764147877693176,0.5660568475723267,25.100378036499023,0.11231552064418793,0.6010351181030273,21.724519729614258,500,global,static_all,4,0
0.09853142499923706,0.5102419853210449,22.575729370117188,0.1223369687795639,0.5307251811027527,25.451961517333984,0.11636950820684433,0.5717142820358276,22.663169860839844,500,subject_z,cgm_static,4,0
0.10772541910409927,0.414578914642334,25.75146484375,0.11764147877693176,0.5660568475723267,25.100378036499023,0.11231552064418793,0.6010351181030273,21.724519729614258,500,subject_z,static_all,4,0
0.0747588500380516,0.5679433941841125,14.792253494262695,0.10973568260669708,0.5179483890533447,19.882244110107422,0.13792990148067474,0.20378714799880981,23.073026657104492,500,global,cgm_static,4,1
0.11773001402616501,-0.07149398326873779,24.121063232421875,0.12835243344306946,0.34051334857940674,21.44691276550293,0.15326876938343048,0.01685011386871338,23.252458572387695,500,global,static_all,4,1
0.09371736645698547,0.3210223317146301,19.437946319580078,0.11759541928768158,0.44642215967178345,20.431686401367188,0.15383325517177582,0.009594917297363281,24.242929458618164,500,subject_z,cgm_static,4,1
0.11773001402616501,-0.07149398326873779,24.121063232421875,0.12835243344306946,0.34051334857940674,21.44691276550293,0.15326876938343048,0.01685011386871338,23.252458572387695,500,subject_z,static_all,4,1
0.0766257718205452,0.6046286821365356,14.461194038391113,0.10963069647550583,0.5168828964233398,19.567092895507812,0.11644306033849716,0.4845069646835327,16.79601287841797,500,global,cgm_static,4,2
0.10907553881406784,0.19885694980621338,22.137563705444336,0.12483584135770798,0.37357836961746216,21.219863891601562,0.12492939829826355,0.4066309928894043,17.567434310913086,500,global,static_all,4,2
0.09585370123386383,0.38130998611450195,18.950401306152344,0.1189442127943039,0.43131107091903687,20.020828247070312,0.12394247949123383,0.41596895456314087,17.41547966003418,500,subject_z,cgm_static,4,2
0.10907553881406784,0.19885694980621338,22.137563705444336,0.12483584135770798,0.37357836961746216,21.219863891601562,0.12492939829826355,0.4066309928894043,17.567434310913086,500,subject_z,static_all,4,2
0.08343842625617981,0.6722514629364014,14.212064743041992,0.11509857326745987,0.5783861875534058,20.033966064453125,0.11804752051830292,0.5524559020996094,19.719186782836914,500,global,cgm_static,4,3
0.10262978821992874,0.5041442513465881,19.284879684448242,0.12400109320878983,0.5106428265571594,20.91992950439453,0.12303443998098373,0.5138441920280457,20.830961227416992,500,global,static_all,4,3
0.09256092458963394,0.5966669321060181,16.58565330505371,0.12756575644016266,0.482103168964386,20.837966918945312,0.1268673837184906,0.48308151960372925,21.811695098876953,500,subject_z,cgm_static,4,3
0.10262978821992874,0.5041442513465881,19.284879684448242,0.12400109320878983,0.5106428265571594,20.91992950439453,0.12303443998098373,0.5138441920280457,20.830961227416992,500,subject_z,static_all,4,3
0.055185720324516296,0.6724830865859985,11.199045181274414,0.08327144384384155,0.5041649341583252,14.51548957824707,0.10019801557064056,0.3991207480430603,16.88796043395996,500,global,cgm_static,4,4
0.0932433158159256,0.064991295337677,18.538578033447266,0.0967659056186676,0.33043962717056274,18.209243774414062,0.10853948444128036,0.2949100732803345,19.28614616394043,500,global,static_all,4,4
0.0837152749300003,0.24631530046463013,16.137439727783203,0.09450677782297134,0.3613382577896118,17.296533584594727,0.10733512043952942,0.31047070026397705,18.45865821838379,500,subject_z,cgm_static,4,4
0.0932433158159256,0.064991295337677,18.538578033447266,0.0967659056186676,0.33043962717056274,18.209243774414062,0.10853948444128036,0.2949100732803345,19.28614616394043,500,subject_z,static_all,4,4
0.06279230862855911,0.657082200050354,12.293191909790039,0.08530298620462418,0.5373165011405945,14.608137130737305,0.11625444889068604,0.2699773907661438,19.993194580078125,500,global,cgm_static,5,0
0.10520659387111664,0.037361860275268555,22.275653839111328,0.11170128732919693,0.2066369652748108,19.70168113708496,0.11432487517595291,0.2940099239349365,19.658761978149414,500,global,static_all,5,0
0.09611257165670395,0.1965894103050232,19.548355102539062,0.10824504494667053,0.25497370958328247,19.302627563476562,0.11738267540931702,0.2557392120361328,19.918867111206055,500,subject_z,cgm_static,5,0
0.10520659387111664,0.037361860275268555,22.275653839111328,0.11170128732919693,0.2066369652748108,19.70168113708496,0.11432487517595291,0.2940099239349365,19.658761978149414,500,subject_z,static_all,5,0
0.05786183848977089,0.49400365352630615,12.792454719543457,0.10430369526147842,-0.0509335994720459,23.897483825683594,0.09300094842910767,0.1532350778579712,19.690780639648438,500,global,cgm_static,5,1
0.0846472904086113,-0.08290183544158936,19.448266983032227,0.12725123763084412,-0.5642275810241699,29.45609474182129,0.0996658205986023,0.027520060539245605,21.978830337524414,500,global,static_all,5,1
0.06979404389858246,0.26379334926605225,16.09503173828125,0.12595373392105103,-0.5324913263320923,28.833141326904297,0.10151353478431702,-0.008871912956237793,22.1651611328125,500,subject_z,cgm_static,5,1
0.0846472904086113,-0.08290183544158936,19.448266983032227,0.12725123763084412,-0.5642275810241699,29.45609474182129,0.0996658205986023,0.027520060539245605,21.978830337524414,500,subject_z,static_all,5,1
0.07890082150697708,0.5610091686248779,16.768321990966797,0.11140628159046173,0.53031325340271,21.10025978088379,0.12250308692455292,0.40633130073547363,17.961742401123047,500,global,cgm_static,5,2
0.10641399025917053,0.20147258043289185,22.166257858276367,0.1369505226612091,0.2902320623397827,25.131195068359375,0.13410261273384094,0.28858262300491333,19.470218658447266,500,global,static_all,5,2
0.09336469322443008,0.3853076696395874,19.74136734008789,0.12923911213874817,0.36791300773620605,23.548110961914062,0.12948672473430634,0.3367144465446472,18.8614501953125,500,subject_z,cgm_static,5,2
0.10641399025917053,0.20147258043289185,22.166257858276367,0.1369505226612091,0.2902320623397827,25.131195068359375,0.13410261273384094,0.28858262300491333,19.470218658447266,500,subject_z,static_all,5,2
0.08067607134580612,0.7587425708770752,13.796074867248535,0.11017706245183945,0.7200480699539185,17.548940658569336,0.11382375657558441,0.6914915442466736,16.492412567138672,500,global,cgm_static,5,3
0.12632662057876587,0.40846431255340576,20.691709518432617,0.15235865116119385,0.46465301513671875,22.074445724487305,0.1448347121477127,0.5004873275756836,19.99669647216797,500,global,static_all,5,3
0.11146725714206696,0.5394404530525208,19.452159881591797,0.1467563807964325,0.5032988786697388,21.411361694335938,0.13705697655677795,0.5526952743530273,18.787858963012695,500,subject_z,cgm_static,5,3
0.12632662057876587,0.40846431255340576,20.691709518432617,0.15235865116119385,0.46465301513671875,22.074445724487305,0.1448347121477127,0.5004873275756836,19.99669647216797,500,subject_z,static_all,5,3
0.08080050349235535,0.601031482219696,12.5564546585083,0.12908348441123962,0.3342483639717102,18.82412338256836,0.15940611064434052,0.16345161199569702,22.965290069580078,500,global,cgm_static,5,4
0.12349005788564682,0.06808900833129883,19.65181541442871,0.15696053206920624,0.015644967555999756,22.680089950561523,0.16831810772418976,0.06729811429977417,24.483787536621094,500,global,static_all,5,4
0.11774702370166779,0.15275245904922485,18.450820922851562,0.15410827100276947,0.051094889640808105,22.22608184814453,0.1691470444202423,0.058088719844818115,24.403806686401367,500,subject_z,cgm_static,5,4
0.12349005788564682,0.06808900833129883,19.65181541442871,0.15696053206920624,0.015644967555999756,22.680089950561523,0.16831810772418976,0.06729811429977417,24.483787536621094,500,subject_z,static_all,5,4
0.09130005538463593,0.6302844285964966,16.344083786010742,0.12376370280981064,0.5942786931991577,20.969236373901367,0.14418591558933258,0.3427821397781372,21.85915184020996,500,global,cgm_static,6,0
0.12496738135814667,0.3073418140411377,23.744409561157227,0.1472681164741516,0.42554140090942383,23.88008689880371,0.16040191054344177,0.186640202999115,23.4691162109375,500,global,static_all,6,0
0.10892514139413834,0.4737623929977417,20.27053451538086,0.14227353036403656,0.4638460874557495,22.87325668334961,0.15503345429897308,0.24017339944839478,22.94318962097168,500,subject_z,cgm_static,6,0
0.12496738135814667,0.3073418140411377,23.744409561157227,0.1472681164741516,0.42554140090942383,23.88008689880371,0.16040191054344177,0.186640202999115,23.4691162109375,500,subject_z,static_all,6,0
0.06837435066699982,0.4683494567871094,13.339458465576172,0.0892057865858078,0.5440822839736938,17.139816284179688,0.1061059832572937,0.45921432971954346,18.681673049926758,500,global,cgm_static,6,1
0.09374231845140457,0.0006647109985351562,17.510160446166992,0.11165228486061096,0.2857739329338074,20.794069290161133,0.11872514337301254,0.3229343891143799,20.082191467285156,500,global,static_all,6,1
0.07972382754087448,0.2772032618522644,14.540169715881348,0.10271087288856506,0.3955877423286438,19.081356048583984,0.11457866430282593,0.3694015145301819,19.51398468017578,500,subject_z,cgm_static,6,1
0.09374231845140457,0.0006647109985351562,17.510160446166992,0.11165228486061096,0.2857739329338074,20.794069290161133,0.11872514337301254,0.3229343891143799,20.082191467285156,500,subject_z,static_all,6,1
0.06263188272714615,0.6431057453155518,12.860207557678223,0.09372913837432861,0.40896642208099365,17.44218635559082,0.10805409401655197,0.1998620629310608,20.853818893432617,500,global,cgm_static,6,2
0.08105998486280441,0.40219205617904663,18.422710418701172,0.1022181585431099,0.29705893993377686,19.67534637451172,0.10786949843168259,0.20259350538253784,20.96207046508789,500,global,static_all,6,2
0.06840074807405472,0.5743327140808105,15.703845024108887,0.10400310158729553,0.27229493856430054,19.664413452148438,0.11193712800741196,0.1413211226463318,21.75455093383789,500,subject_z,cgm_static,6,2
0.08105998486280441,0.40219205617904663,18.422710418701172,0.1022181585431099,0.29705893993377686,19.67534637451172,0.10786949843168259,0.20259350538253784,20.96207046508789,500,subject_z,static_all,6,2
0.07950213551521301,0.5833276510238647,15.271958351135254,0.09599737823009491,0.5185136795043945,15.784440994262695,0.11513258516788483,0.5249096155166626,16.20524787902832,500,global,cgm_static,6,3
0.11132403463125229,0.18301326036453247,21.42896270751953,0.11468590050935745,0.3127966523170471,19.076906204223633,0.11288699507713318,0.5432615280151367,16.673904418945312,500,global,static_all,6,3
0.10407011955976486,0.2860146760940552,20.333860397338867,0.1078973188996315,0.3917437791824341,17.690523147583008,0.11587271094322205,0.5187817811965942,16.347518920898438,500,subject_z,cgm_static,6,3
0.11132403463125229,0.18301326036453247,21.42896270751953,0.11468590050935745,0.3127966523170471,19.076906204223633,0.11288699507713318,0.5432615280151367,16.673904418945312,500,subject_z,static_all,6,3
0.06472934782505035,0.718531608581543,12.650644302368164,0.08778976649045944,0.7225625514984131,17.46668815612793,0.10563793033361435,0.5965191125869751,20.51853370666504,500,global,cgm_static,6,4
0.0886487141251564,0.4720752239227295,20.610315322875977,0.11254388093948364,0.5440460443496704,23.57193374633789,0.11084368079900742,0.5557727813720703,22.36902618408203,500,global,static_all,6,4
0.0840311124920845,0.5256407260894775,18.846023559570312,0.11654701083898544,0.5110330581665039,23.993436813354492,0.11097714304924011,0.5547024607658386,22.417821884155273,500,subject_z,cgm_static,6,4
0.0886487141251564,0.4720752239227295,20.610315322875977,0.11254388093948364,0.5440460443496704,23.57193374633789,0.11084368079900742,0.5557727813720703,22.36902618408203,500,subject_z,static_all,6,4
0.06843031197786331,0.4879447817802429,16.251239776611328,0.10497123003005981,0.12873750925064087,23.092243194580078,0.09732027351856232,0.12248647212982178,18.220497131347656,500,global,cgm_static,7,0
0.09803777188062668,-0.051009416580200195,24.7667236328125,0.12210243195295334,-0.17884600162506104,27.267541885375977,0.10114800184965134,0.05210167169570923,19.486499786376953,500,global,static_all,7,0
0.08622852712869644,0.18694168329238892,21.70337677001953,0.12181470543146133,-0.17329692840576172,26.666215896606445,0.10421644151210785,-0.006281733512878418,19.89554214477539,500,subject_z,cgm_static,7,0
0.09803777188062668,-0.051009416580200195,24.7667236328125,0.12210243195295334,-0.17884600162506104,27.267541885375977,0.10114800184965134,0.05210167169570923,19.486499786376953,500,subject_z,static_all,7,0
0.08875051885843277,0.5927717089653015,15.46353816986084,0.1172618567943573,0.6066329479217529,20.517271041870117,0.1314208209514618,0.4948183298110962,20.89771842956543,500,global,cgm_static,7,1
0.11433915793895721,0.32409417629241943,21.24860954284668,0.12749481201171875,0.5349822044372559,22.935409545898438,0.14175128936767578,0.41227614879608154,23.62073516845703,500,global,static_all,7,1
0.10278238356113434,0.4538228511810303,18.774213790893555,0.1281251460313797,0.5303727388381958,22.306535720825195,0.14115393161773682,0.4172191619873047,23.66096305847168,500,subject_z,cgm_static,7,1
0.11433915793895721,0.32409417629241943,21.24860954284668,0.12749481201171875,0.5349822044372559,22.935409545898438,0.14175128936767578,0.41227614879608154,23.62073516845703,500,subject_z,static_all,7,1
0.06454974412918091,0.6191045641899109,12.652344703674316,0.08243069052696228,0.650987982749939,14.68351936340332,0.10318820923566818,0.5158100724220276,19.1424560546875,500,global,cgm_static,7,2
0.09741652011871338,0.13247519731521606,20.176368713378906,0.10754595696926117,0.4059121608734131,19.63933753967285,0.11603782325983047,0.3877134919166565,20.963951110839844,500,global,static_all,7,2
0.07977896183729172,0.4181734323501587,15.801363945007324,0.10178563743829727,0.4678482413291931,18.794981002807617,0.11141955852508545,0.43548113107681274,20.50187873840332,500,subject_z,cgm_static,7,2
0.09741652011871338,0.13247519731521606,20.176368713378906,0.10754595696926117,0.4059121608734131,19.63933753967285,0.11603782325983047,0.3877134919166565,20.963951110839844,500,subject_z,static_all,7,2
0.06626808643341064,0.6472828388214111,12.360536575317383,0.10239212214946747,0.5101789832115173,15.951818466186523,0.12167036533355713,0.42148149013519287,16.867828369140625,500,global,cgm_static,7,3
0.08879107236862183,0.36677753925323486,16.292579650878906,0.11621018499135971,0.36905330419540405,17.642841339111328,0.13169869780540466,0.3221858739852905,18.037015914916992,500,global,static_all,7,3
0.08303503692150116,0.44621598720550537,15.267295837402344,0.11465129256248474,0.38586729764938354,17.323049545288086,0.13076412677764893,0.3317716121673584,18.336681365966797,500,subject_z,cgm_static,7,3
0.08879107236862183,0.36677753925323486,16.292579650878906,0.11621018499135971,0.36905330419540405,17.642841339111328,0.13169869780540466,0.3221858739852905,18.037015914916992,500,subject_z,static_all,7,3
0.07782601565122604,0.7173954248428345,12.723151206970215,0.10564076155424118,0.6441686153411865,17.991607666015625,0.11692874878644943,0.5800032615661621,19.29292106628418,500,global,cgm_static,7,4
0.1150091141462326,0.38284510374069214,21.729738235473633,0.12538652122020721,0.49871712923049927,21.49750328063965,0.1242075115442276,0.5260865688323975,21.088640213012695,500,global,static_all,7,4
0.1020250990986824,0.5143274068832397,18.601154327392578,0.12460357695817947,0.504957914352417,21.242826461791992,0.12359745800495148,0.5307304263114929,20.817895889282227,500,subject_z,cgm_static,7,4
0.1150091141462326,0.38284510374069214,21.729738235473633,0.12538652122020721,0.49871712923049927,21.49750328063965,0.1242075115442276,0.5260865688323975,21.088640213012695,500,subject_z,static_all,7,4
0.0687331110239029,0.7414441108703613,11.096435546875,0.09275314956903458,0.6688216924667358,15.005887985229492,0.10426142811775208,0.6015447378158569,15.885583877563477,1000,global,cgm_static,0,0
0.10517910122871399,0.3945457339286804,17.436321258544922,0.11085887998342514,0.5269080400466919,19.077198028564453,0.11077722907066345,0.5501857995986938,18.164127349853516,1000,global,static_all,0,0
0.09401067346334457,0.5162991881370544,15.472905158996582,0.10577850788831711,0.5692756772041321,17.471452713012695,0.11018699407577515,0.5549663305282593,17.514545440673828,1000,subject_z,cgm_static,0,0
0.10517910122871399,0.3945457339286804,17.436321258544922,0.11085887998342514,0.5269080400466919,19.077198028564453,0.11077722907066345,0.5501857995986938,18.164127349853516,1000,subject_z,static_all,0,0
0.08426641672849655,0.6178649663925171,12.769429206848145,0.1138792634010315,0.5862458944320679,15.82677936553955,0.13721387088298798,0.524290919303894,18.541820526123047,1000,global,cgm_static,0,1
0.1077115386724472,0.3756442070007324,16.641368865966797,0.13677869737148285,0.4031159281730652,18.851951599121094,0.14395521581172943,0.476399302482605,19.650232315063477,1000,global,static_all,0,1
0.10247617214918137,0.43486320972442627,15.489748001098633,0.13488365709781647,0.4195408821105957,18.241558074951172,0.14760930836200714,0.44948017597198486,19.76957130432129,1000,subject_z,cgm_static,0,1
0.1077115386724472,0.3756442070007324,16.641368865966797,0.13677869737148285,0.4031159281730652,18.851951599121094,0.14395521581172943,0.476399302482605,19.650232315063477,1000,subject_z,static_all,0,1
0.06718714535236359,0.5538352727890015,14.330201148986816,0.10349991917610168,0.49274617433547974,21.92306137084961,0.10327762365341187,0.4557289481163025,20.597047805786133,1000,global,cgm_static,0,2
0.10120712220668793,-0.012383341789245605,23.715696334838867,0.11976063251495361,0.32083797454833984,24.337308883666992,0.1044166088104248,0.4436579942703247,19.727222442626953,1000,global,static_all,0,2
0.07917766273021698,0.38037610054016113,18.23634147644043,0.11633782088756561,0.3591046929359436,23.92994499206543,0.11124682426452637,0.3684932589530945,21.114511489868164,1000,subject_z,cgm_static,0,2
0.10120712220668793,-0.012383341789245605,23.715696334838867,0.11976063251495361,0.32083797454833984,24.337308883666992,0.1044166088104248,0.4436579942703247,19.727222442626953,1000,subject_z,static_all,0,2
0.07883117347955704,0.5103682279586792,18.15434455871582,0.0999288484454155,0.45862895250320435,21.713865280151367,0.12182164192199707,0.09659850597381592,21.002296447753906,1000,global,cgm_static,0,3
0.1171579584479332,-0.08147680759429932,27.961978912353516,0.10905707627534866,0.35520607233047485,23.75954246520996,0.1332077980041504,-0.08016765117645264,21.595964431762695,1000,global,static_all,0,3
0.10014037787914276,0.20988184213638306,24.67605972290039,0.10188295692205429,0.4372488856315613,22.699892044067383,0.12769699096679688,0.007356524467468262,21.59373664855957,1000,subject_z,cgm_static,0,3
0.1171579584479332,-0.08147680759429932,27.961978912353516,0.10905707627534866,0.35520607233047485,23.75954246520996,0.1332077980041504,-0.08016765117645264,21.595964431762695,1000,subject_z,static_all,0,3
0.06570126116275787,0.5351201295852661,13.812342643737793,0.10939986258745193,0.27308231592178345,21.03529930114746,0.09653274714946747,0.3293638229370117,18.47608757019043,1000,global,cgm_static,0,4
0.10850927233695984,-0.26802265644073486,26.45793914794922,0.1535009741783142,-0.43111300468444824,31.031143188476562,0.1057649701833725,0.19495278596878052,21.339723587036133,1000,global,static_all,0,4
0.09372060745954514,0.054060280323028564,21.542770385742188,0.1543561965227127,-0.4471040964126587,31.960132598876953,0.11329975724220276,0.07616233825683594,22.508808135986328,1000,subject_z,cgm_static,0,4
0.10850927233695984,-0.26802265644073486,26.45793914794922,0.1535009741783142,-0.43111300468444824,31.031143188476562,0.1057649701833725,0.19495278596878052,21.339723587036133,1000,subject_z,static_all,0,4
0.08424258977174759,0.5008292198181152,15.2391996383667,0.10696800798177719,0.5956391096115112,19.4842529296875,0.13445523381233215,0.2761947512626648,21.535198211669922,1000,global,cgm_static,1,0
0.13198964297771454,-0.2253648042678833,25.62731170654297,0.14831377565860748,0.22263622283935547,26.775854110717773,0.15194882452487946,0.07559758424758911,24.74917221069336,1000,global,static_all,1,0
0.11376405507326126,0.08967632055282593,21.748218536376953,0.14128068089485168,0.29461395740509033,25.672319412231445,0.1505800187587738,0.0921773910522461,25.167774200439453,1000,subject_z,cgm_static,1,0
0.13198964297771454,-0.2253648042678833,25.62731170654297,0.14831377565860748,0.22263622283935547,26.775854110717773,0.15194882452487946,0.07559758424758911,24.74917221069336,1000,subject_z,static_all,1,0
0.07737496495246887,0.5603854060173035,13.383035659790039,0.11961069703102112,0.38101524114608765,18.896202087402344,0.12831786274909973,0.31862545013427734,20.20638656616211,1000,global,cgm_static,1,1
0.10373010486364365,0.2099023461341858,17.351016998291016,0.12926910817623138,0.2770147919654846,19.12075424194336,0.13654325902462006,0.22847121953964233,21.273466110229492,1000,global,static_all,1,1
0.09973631799221039,0.26957136392593384,16.677671432495117,0.13317131996154785,0.23270690441131592,19.713544845581055,0.1411977857351303,0.1749745011329651,22.322601318359375,1000,subject_z,cgm_static,1,1
0.10373010486364365,0.2099023461341858,17.351016998291016,0.12926910817623138,0.2770147919654846,19.12075424194336,0.13654325902462006,0.22847121953964233,21.273466110229492,1000,subject_z,static_all,1,1
0.08172169327735901,0.6714891195297241,16.569284439086914,0.11475743353366852,0.5418405532836914,25.248050689697266,0.09902772307395935,0.5921152830123901,17.955533981323242,1000,global,cgm_static,1,2
0.12057800590991974,0.2848268151283264,27.58016586303711,0.1384558528661728,0.33307403326034546,31.7684268951416,0.10500847548246384,0.5413591861724854,18.706209182739258,1000,global,static_all,1,2
0.10579247027635574,0.4494655728340149,24.224000930786133,0.13631463050842285,0.3535425066947937,31.048145294189453,0.09928012639284134,0.5900332927703857,18.081499099731445,1000,subject_z,cgm_static,1,2
0.12057800590991974,0.2848268151283264,27.58016586303711,0.1384558528661728,0.33307403326034546,31.7684268951416,0.10500847548246384,0.5413591861724854,18.706209182739258,1000,subject_z,static_all,1,2
0.07088496536016464,0.6486960053443909,14.261847496032715,0.09284120798110962,0.5518267750740051,15.82941722869873,0.12169350683689117,0.42805832624435425,18.12872886657715,1000,global,cgm_static,1,3
0.09632258117198944,0.35131919384002686,21.155561447143555,0.10387773811817169,0.4389398694038391,19.01293182373047,0.12650208175182343,0.381966233253479,19.310136795043945,1000,global,static_all,1,3
0.08452214300632477,0.5005226135253906,17.941957473754883,0.10093994438648224,0.47022610902786255,18.440431594848633,0.12452593445777893,0.4011244773864746,18.8306941986084,1000,subject_z,cgm_static,1,3
0.09632258117198944,0.35131919384002686,21.155561447143555,0.10387773811817169,0.4389398694038391,19.01293182373047,0.12650208175182343,0.381966233253479,19.310136795043945,1000,subject_z,static_all,1,3
0.060414500534534454,0.7528981566429138,11.398818016052246,0.08075160533189774,0.7395541667938232,15.511098861694336,0.09374625980854034,0.6873583793640137,19.633073806762695,1000,global,cgm_static,1,4
0.07590281963348389,0.6099597215652466,17.492366790771484,0.09786733984947205,0.6174477338790894,19.201391220092773,0.09611010551452637,0.6713927984237671,20.920541763305664,1000,global,static_all,1,4
0.06785569339990616,0.6882789134979248,15.536676406860352,0.09631649404764175,0.6294758319854736,18.460092544555664,0.09759017825126648,0.6611939668655396,21.029489517211914,1000,subject_z,cgm_static,1,4
0.07590281963348389,0.6099597215652466,17.492366790771484,0.09786733984947205,0.6174477338790894,19.201391220092773,0.09611010551452637,0.6713927984237671,20.920541763305664,1000,subject_z,static_all,1,4
0.08713098615407944,0.7158677577972412,12.53024673461914,0.15105070173740387,0.44298917055130005,20.672801971435547,0.15861715376377106,0.38694727420806885,22.136253356933594,1000,global,cgm_static,2,0
0.14513498544692993,0.2116493582725525,22.205364227294922,0.19871680438518524,0.035977065563201904,29.340883255004883,0.17646661400794983,0.24120819568634033,25.325143814086914,1000,global,static_all,2,0
0.1330956220626831,0.33701634407043457,20.04265785217285,0.19622096419334412,0.06004101037979126,28.598085403442383,0.170046865940094,0.29541271924972534,23.998905181884766,1000,subject_z,cgm_static,2,0
0.14513498544692993,0.2116493582725525,22.205364227294922,0.19871680438518524,0.035977065563201904,29.340883255004883,0.17646661400794983,0.24120819568634033,25.325143814086914,1000,subject_z,static_all,2,0
0.0763450413942337,0.6063321828842163,14.64403247833252,0.11353012919425964,0.4845266342163086,18.028766632080078,0.13071350753307343,0.4071587920188904,19.143373489379883,1000,global,cgm_static,2,1
0.11348842829465866,0.13009583950042725,22.02825164794922,0.13399969041347504,0.2818892002105713,21.588157653808594,0.13407213985919952,0.376301646232605,20.240854263305664,1000,global,static_all,2,1
0.10121702402830124,0.30804896354675293,19.273719787597656,0.13237392902374268,0.29920852184295654,21.110599517822266,0.1336435079574585,0.38028329610824585,20.19357681274414,1000,subject_z,cgm_static,2,1
0.11348842829465866,0.13009583950042725,22.02825164794922,0.13399969041347504,0.2818892002105713,21.588157653808594,0.13407213985919952,0.376301646232605,20.240854263305664,1000,subject_z,static_all,2,1
0.06266104429960251,0.5848636627197266,11.757394790649414,0.08595823496580124,0.4288073778152466,15.505406379699707,0.10615528374910355,0.40084707736968994,17.564138412475586,1000,global,cgm_static,2,2
0.08803436160087585,0.18059247732162476,17.60345458984375,0.09934289753437042,0.23707616329193115,18.068050384521484,0.11295492947101593,0.321632981300354,19.23676300048828,1000,global,static_all,2,2
0.07337489724159241,0.43076634407043457,13.95733642578125,0.09532040357589722,0.2976083755493164,17.015148162841797,0.11066526919603348,0.34885597229003906,18.471174240112305,1000,subject_z,cgm_static,2,2
0.08803436160087585,0.18059247732162476,17.60345458984375,0.09934289753437042,0.23707616329193115,18.068050384521484,0.11295492947101593,0.321632981300354,19.23676300048828,1000,subject_z,static_all,2,2
0.06772597879171371,0.4264688491821289,16.19196128845215,0.09926936775445938,0.23311501741409302,23.857086181640625,0.09137396514415741,0.3136368989944458,19.610563278198242,1000,global,cgm_static,2,3
0.10475087910890579,-0.37202417850494385,28.457921981811523,0.11885493248701096,-0.09934544563293457,29.72397804260254,0.09623876959085464,0.23860663175582886,20.506731033325195,1000,global,static_all,2,3
0.08587618917226791,0.0778704285621643,23.40330696105957,0.11933473497629166,-0.1082390546798706,29.96617317199707,0.09549777209758759,0.25028616189956665,20.80958366394043,1000,subject_z,cgm_static,2,3
0.10475087910890579,-0.37202417850494385,28.457921981811523,0.11885493248701096,-0.09934544563293457,29.72397804260254,0.09623876959085464,0.23860663175582886,20.506731033325195,1000,subject_z,static_all,2,3
0.08630971610546112,0.4267101287841797,15.304267883300781,0.14553149044513702,0.044715166091918945,23.087087631225586,0.13649584352970123,0.006795287132263184,23.0364990234375,1000,global,cgm_static,2,4
0.10706645995378494,0.11781084537506104,18.524738311767578,0.15736036002635956,-0.11688768863677979,23.200841903686523,0.1406322568655014,-0.0543135404586792,23.134700775146484,1000,global,static_all,2,4
0.10290160775184631,0.1851096749305725,16.822633743286133,0.16240698099136353,-0.1896747350692749,24.294950485229492,0.14896319806575775,-0.18292677402496338,24.85470199584961,1000,subject_z,cgm_static,2,4
0.10706645995378494,0.11781084537506104,18.524738311767578,0.15736036002635956,-0.11688768863677979,23.200841903686523,0.1406322568655014,-0.0543135404586792,23.134700775146484,1000,subject_z,static_all,2,4
0.07399359345436096,0.5229520797729492,15.857987403869629,0.10195886343717575,0.4230315685272217,20.88721466064453,0.11757416278123856,0.13535195589065552,21.580289840698242,1000,global,cgm_static,3,0
0.11721914261579514,-0.19721126556396484,26.541799545288086,0.11902376264333725,0.21373414993286133,25.827390670776367,0.13397817313671112,-0.12275147438049316,23.336938858032227,1000,global,static_all,3,0
0.09334982931613922,0.24072200059890747,21.61208152770996,0.11170803010463715,0.3074185252189636,24.363801956176758,0.12843795120716095,-0.03181612491607666,23.435749053955078,1000,subject_z,cgm_static,3,0
0.11721914261579514,-0.19721126556396484,26.541799545288086,0.11902376264333725,0.21373414993286133,25.827390670776367,0.13397817313671112,-0.12275147438049316,23.336938858032227,1000,subject_z,static_all,3,0
0.0686691477894783,0.6560328006744385,12.660348892211914,0.11051391810178757,0.43559467792510986,19.188392639160156,0.12952792644500732,0.31817442178726196,19.895606994628906,1000,global,cgm_static,3,1
0.10111023485660553,0.2542659640312195,18.720182418823242,0.125742107629776,0.26933443546295166,22.04079818725586,0.12351201474666595,0.3800382614135742,20.078771591186523,1000,global,static_all,3,1
0.09077946096658707,0.39886927604675293,16.496864318847656,0.12741178274154663,0.24980121850967407,21.365888595581055,0.13144180178642273,0.2978765368461609,20.414079666137695,1000,subject_z,cgm_static,3,1
0.10111023485660553,0.2542659640312195,18.720182418823242,0.125742107629776,0.26933443546295166,22.04079818725586,0.12351201474666595,0.3800382614135742,20.078771591186523,1000,subject_z,static_all,3,1
0.05914672091603279,0.6762091517448425,11.518904685974121,0.08486653119325638,0.5087393522262573,14.717348098754883,0.11590265482664108,0.35131460428237915,19.54359245300293,1000,global,cgm_static,3,2
0.10171161592006683,0.04248780012130737,22.001155853271484,0.10301350057125092,0.27618545293807983,18.430126190185547,0.1211373433470726,0.29139626026153564,20.833213806152344,1000,global,static_all,3,2
0.09345126897096634,0.19169795513153076,19.559036254882812,0.10022343695163727,0.31486278772354126,17.453638076782227,0.12352187186479568,0.263224720954895,21.062015533447266,1000,subject_z,cgm_static,3,2
0.10171161592006683,0.04248780012130737,22.001155853271484,0.10301350057125092,0.27618545293807983,18.430126190185547,0.1211373433470726,0.29139626026153564,20.833213806152344,1000,subject_z,static_all,3,2
0.09237471967935562,0.5793437361717224,16.745254516601562,0.11140114814043045,0.5939792394638062,19.773990631103516,0.10556819289922714,0.6146821975708008,17.772525787353516,1000,global,cgm_static,3,3
0.12684239447116852,0.20685982704162598,24.299997329711914,0.13942691683769226,0.3639926314353943,24.26613998413086,0.11316763609647751,0.557210385799408,19.181472778320312,1000,global,static_all,3,3
0.11129524558782578,0.38937532901763916,20.19353675842285,0.1369350552558899,0.38652312755584717,22.876758575439453,0.10947638750076294,0.5856246948242188,18.88199806213379,1000,subject_z,cgm_static,3,3
0.12684239447116852,0.20685982704162598,24.299997329711914,0.13942691683769226,0.3639926314353943,24.26613998413086,0.11316763609647751,0.557210385799408,19.181472778320312,1000,subject_z,static_all,3,3
0.0823131650686264,0.6638940572738647,14.335171699523926,0.12178291380405426,0.6369467973709106,19.051923751831055,0.12835802137851715,0.5950007438659668,18.36016082763672,1000,global,cgm_static,3,4
0.1068001538515091,0.4341762065887451,20.312410354614258,0.147713303565979,0.4658825397491455,21.231645584106445,0.1390211135149002,0.5249166488647461,19.540834426879883,1000,global,static_all,3,4
0.09462384134531021,0.5558407306671143,17.03097915649414,0.14557373523712158,0.481243371963501,20.86721420288086,0.13898883759975433,0.5251372456550598,19.309097290039062,1000,subject_z,cgm_static,3,4
0.1068001538515091,0.4341762065887451,20.312410354614258,0.147713303565979,0.4658825397491455,21.231645584106445,0.1390211135149002,0.5249166488647461,19.540834426879883,1000,subject_z,static_all,3,4
0.08031641691923141,0.6745827198028564,15.555265426635742,0.10488307476043701,0.6550766229629517,21.52902603149414,0.10989442467689514,0.6180500388145447,21.295536041259766,1000,global,cgm_static,4,0
0.10771068930625916,0.41473907232284546,25.78577423095703,0.11735240370035172,0.56818687915802,25.078889846801758,0.11280371993780136,0.5975592136383057,21.753673553466797,1000,global,static_all,4,0
0.09905480593442917,0.5050252676010132,22.690567016601562,0.12194368243217468,0.5337375402450562,25.317625045776367,0.11689809709787369,0.5678147077560425,22.74749755859375,1000,subject_z,cgm_static,4,0
0.10771068930625916,0.41473907232284546,25.78577423095703,0.11735240370035172,0.56818687915802,25.078889846801758,0.11280371993780136,0.5975592136383057,21.753673553466797,1000,subject_z,static_all,4,0
0.07480181753635406,0.5674465894699097,14.792898178100586,0.10968729853630066,0.5183733105659485,19.820444107055664,0.1373700499534607,0.21023744344711304,22.996047973632812,1000,global,cgm_static,4,1
0.11779052764177322,-0.07259583473205566,24.021282196044922,0.12853509187698364,0.33863478899002075,21.356809616088867,0.15259578824043274,0.025464892387390137,23.21073341369629,1000,global,static_all,4,1
0.09407682716846466,0.3158037066459656,19.512392044067383,0.11870141327381134,0.4359603524208069,20.55310821533203,0.15333643555641174,0.015981733798980713,24.21116065979004,1000,subject_z,cgm_static,4,1
0.11779052764177322,-0.07259583473205566,24.021282196044922,0.12853509187698364,0.33863478899002075,21.356809616088867,0.15259578824043274,0.025464892387390137,23.21073341369629,1000,subject_z,static_all,4,1
0.07658214867115021,0.6050788164138794,14.418174743652344,0.10987267643213272,0.5147477388381958,19.516511917114258,0.11697976291179657,0.4797440767288208,16.744216918945312,1000,global,cgm_static,4,2
0.10880016535520554,0.20289689302444458,22.065481185913086,0.12481829524040222,0.37375444173812866,21.156810760498047,0.12459821254014969,0.4097728133201599,17.518898010253906,1000,global,static_all,4,2
0.09600139409303665,0.37940192222595215,18.90868377685547,0.11853069067001343,0.4352584481239319,19.971820831298828,0.12407492846250534,0.41471999883651733,17.303361892700195,1000,subject_z,cgm_static,4,2
0.10880016535520554,0.20289689302444458,22.065481185913086,0.12481829524040222,0.37375444173812866,21.156810760498047,0.12459821254014969,0.4097728133201599,17.518898010253906,1000,subject_z,static_all,4,2
0.08336946368217468,0.6727930307388306,14.20119571685791,0.11544374376535416,0.5758536458015442,20.110334396362305,0.11808373034000397,0.5521812438964844,19.656614303588867,1000,global,cgm_static,4,3
0.10277189314365387,0.5027700662612915,19.297958374023438,0.12396310269832611,0.5109425783157349,20.864978790283203,0.12275797128677368,0.5160265564918518,20.702882766723633,1000,global,static_all,4,3
0.09236446768045425,0.5983772277832031,16.580034255981445,0.12805147469043732,0.47815191745758057,20.95119285583496,0.1265401840209961,0.4857444167137146,21.700563430786133,1000,subject_z,cgm_static,4,3
0.10277189314365387,0.5027700662612915,19.297958374023438,0.12396310269832611,0.5109425783157349,20.864978790283203,0.12275797128677368,0.5160265564918518,20.702882766723633,1000,subject_z,static_all,4,3
0.05534389242529869,0.6706029176712036,11.188372611999512,0.0834675282239914,0.5018270015716553,14.539514541625977,0.10075660794973373,0.39240241050720215,16.95162010192871,1000,global,cgm_static,4,4
0.09207542985677719,0.08826678991317749,18.41410255432129,0.09672493487596512,0.3310062885284424,18.199892044067383,0.10867783427238464,0.29311150312423706,19.34616470336914,1000,global,static_all,4,4
0.08333826810121536,0.2530882954597473,16.110300064086914,0.09418462216854095,0.36568498611450195,17.218975067138672,0.1081402376294136,0.30008769035339355,18.61465835571289,1000,subject_z,cgm_static,4,4
0.09207542985677719,0.08826678991317749,18.41410255432129,0.09672493487596512,0.3310062885284424,18.199892044067383,0.10867783427238464,0.29311150312423706,19.34616470336914,1000,subject_z,static_all,4,4
0.063095822930336,0.6537590622901917,12.313882827758789,0.08504641056060791,0.5400955677032471,14.632102966308594,0.11613597720861435,0.27146458625793457,19.979450225830078,1000,global,cgm_static,5,0
0.10508597642183304,0.03956788778305054,22.21309471130371,0.11158532649278641,0.20828330516815186,19.735811233520508,0.11364227533340454,0.30241531133651733,19.610984802246094,1000,global,static_all,5,0
0.09595175087451935,0.19927585124969482,19.53995704650879,0.10795187950134277,0.25900375843048096,19.369115829467773,0.11663208156824112,0.2652270793914795,19.763683319091797,1000,subject_z,cgm_static,5,0
0.10508597642183304,0.03956788778305054,22.21309471130371,0.11158532649278641,0.20828330516815186,19.735811233520508,0.11364227533340454,0.30241531133651733,19.610984802246094,1000,subject_z,static_all,5,0
0.0579543337225914,0.4923846125602722,12.800749778747559,0.1043672040104866,-0.05221378803253174,23.88006019592285,0.09266580641269684,0.15932679176330566,19.59341812133789,1000,global,cgm_static,5,1
0.08494682610034943,-0.09057939052581787,19.55872344970703,0.12631285190582275,-0.5412423610687256,29.220497131347656,0.09929803013801575,0.03468424081802368,21.941579818725586,1000,global,static_all,5,1
0.07016713172197342,0.255901575088501,16.23647689819336,0.12534403800964355,-0.5176907777786255,28.70843505859375,0.1008930578827858,0.0034235119819641113,22.004308700561523,1000,subject_z,cgm_static,5,1
0.08494682610034943,-0.09057939052581787,19.55872344970703,0.12631285190582275,-0.5412423610687256,29.220497131347656,0.09929803013801575,0.03468424081802368,21.941579818725586,1000,subject_z,static_all,5,1
0.07851789891719818,0.5652598142623901,16.701204299926758,0.11114468425512314,0.5325164794921875,21.101144790649414,0.12173629552125931,0.4137400984764099,17.853757858276367,1000,global,cgm_static,5,2
0.10643713921308517,0.20112502574920654,22.22661590576172,0.1375294178724289,0.2842189073562622,25.19048500061035,0.1333443820476532,0.2966046929359436,19.290281295776367,1000,global,static_all,5,2
0.09379474818706512,0.3796318769454956,19.898256301879883,0.12922419607639313,0.3680589199066162,23.53444480895996,0.12886923551559448,0.34302544593811035,18.814247131347656,1000,subject_z,cgm_static,5,2
0.10643713921308517,0.20112502574920654,22.22661590576172,0.1375294178724289,0.2842189073562622,25.19048500061035,0.1333443820476532,0.2966046929359436,19.290281295776367,1000,subject_z,static_all,5,2
0.08053679764270782,0.759574830532074,13.706927299499512,0.11072234064340591,0.7172701358795166,17.599653244018555,0.11325541138648987,0.6945648193359375,16.378435134887695,1000,global,cgm_static,5,3
0.12718349695205688,0.40041226148605347,20.812150955200195,0.15244454145431519,0.46404922008514404,22.062658309936523,0.14417989552021027,0.5049937963485718,19.930667877197266,1000,global,static_all,5,3
0.11160789430141449,0.5382775068283081,19.348196029663086,0.14681926369667053,0.5028730630874634,21.461444854736328,0.13688775897026062,0.553799033164978,18.72316551208496,1000,subject_z,cgm_static,5,3
0.12718349695205688,0.40041226148605347,20.812150955200195,0.15244454145431519,0.46404922008514404,22.062658309936523,0.14417989552021027,0.5049937963485718,19.930667877197266,1000,subject_z,static_all,5,3
0.08123365789651871,0.5967424511909485,12.602962493896484,0.12921063601970673,0.3329363465309143,18.838518142700195,0.15906734764575958,0.167003333568573,22.863718032836914,1000,global,cgm_static,5,4
0.12363326549530029,0.06592631340026855,19.699417114257812,0.15639901161193848,0.02267533540725708,22.604137420654297,0.16830432415008545,0.06745094060897827,24.48717498779297,1000,global,static_all,5,4
0.11749690026044846,0.1563481092453003,18.376047134399414,0.15337257087230682,0.060133397579193115,22.10525131225586,0.16874119639396667,0.06260335445404053,24.39767837524414,1000,subject_z,cgm_static,5,4
0.12363326549530029,0.06592631340026855,19.699417114257812,0.15639901161193848,0.02267533540725708,22.604137420654297,0.16830432415008545,0.06745094060897827,24.48717498779297,1000,subject_z,static_all,5,4
0.09127569198608398,0.6304817199707031,16.36890983581543,0.12429887056350708,0.5907623171806335,21.00255584716797,0.14352035522460938,0.3488355875015259,21.71238899230957,1000,global,cgm_static,6,0
0.12554167211055756,0.30096083879470825,23.88838005065918,0.14717315137386322,0.4262821078300476,23.87322425842285,0.16063734889030457,0.18425071239471436,23.519542694091797,1000,global,static_all,6,0
0.10852176696062088,0.4776526689529419,20.21720314025879,0.14206764101982117,0.46539682149887085,22.83462905883789,0.15509384870529175,0.23958128690719604,22.9851131439209,1000,subject_z,cgm_static,6,0
0.12554167211055756,0.30096083879470825,23.88838005065918,0.14717315137386322,0.4262821078300476,23.87322425842285,0.16063734889030457,0.18425071239471436,23.519542694091797,1000,subject_z,static_all,6,0
0.06862272322177887,0.46447986364364624,13.360142707824707,0.0887303426861763,0.5489290952682495,17.0921630859375,0.10563010722398758,0.4640542268753052,18.54515266418457,1000,global,cgm_static,6,1
0.0939924567937851,-0.004675507545471191,17.603168487548828,0.11159629374742508,0.28649014234542847,20.77716827392578,0.1178927794098854,0.33239471912384033,19.910457611083984,1000,global,static_all,6,1
0.07954154163599014,0.28050488233566284,14.468647956848145,0.10270356386899948,0.3956737518310547,19.03590965270996,0.11389441043138504,0.37691086530685425,19.396509170532227,1000,subject_z,cgm_static,6,1
0.0939924567937851,-0.004675507545471191,17.603168487548828,0.11159629374742508,0.28649014234542847,20.77716827392578,0.1178927794098854,0.33239471912384033,19.910457611083984,1000,subject_z,static_all,6,1
0.06236186996102333,0.6461763381958008,12.802569389343262,0.09370648860931396,0.40925198793411255,17.475914001464844,0.10775360465049744,0.20430594682693481,20.801313400268555,1000,global,cgm_static,6,2
0.08036621659994125,0.4123811721801758,18.259296417236328,0.10239940136671066,0.2945639491081238,19.734086990356445,0.10855183750391006,0.19247353076934814,21.0505313873291,1000,global,static_all,6,2
0.06826528906822205,0.5760170221328735,15.61164379119873,0.1040450781583786,0.27170729637145996,19.706018447875977,0.11241621524095535,0.13395506143569946,21.841171264648438,1000,subject_z,cgm_static,6,2
0.08036621659994125,0.4123811721801758,18.259296417236328,0.10239940136671066,0.2945639491081238,19.734086990356445,0.10855183750391006,0.19247353076934814,21.0505313873291,1000,subject_z,static_all,6,2
0.07917192578315735,0.5867816209793091,15.163500785827637,0.09576854109764099,0.5208064317703247,15.79267692565918,0.11480091512203217,0.5276429057121277,16.203214645385742,1000,global,cgm_static,6,3
0.1115259900689125,0.18004626035690308,21.401548385620117,0.11470619589090347,0.312553346157074,19.043590545654297,0.1127605140209198,0.544284462928772,16.771883010864258,1000,global,static_all,6,3
0.10441289842128754,0.28130364418029785,20.394628524780273,0.10840223729610443,0.3860376477241516,17.755075454711914,0.11585648357868195,0.5189166069030762,16.433658599853516,1000,subject_z,cgm_static,6,3
0.1115259900689125,0.18004626035690308,21.401548385620117,0.11470619589090347,0.312553346157074,19.043590545654297,0.1127605140209198,0.544284462928772,16.771883010864258,1000,subject_z,static_all,6,3
0.0646294578909874,0.7193996906280518,12.66066837310791,0.08804817497730255,0.7209268808364868,17.520551681518555,0.10499467700719833,0.6014178991317749,20.376209259033203,1000,global,cgm_static,6,4
0.08867975324392319,0.47170549631118774,20.668498992919922,0.11364825814962387,0.5350537300109863,23.794578552246094,0.10973773896694183,0.5645931959152222,22.141881942749023,1000,global,static_all,6,4
0.0842098742723465,0.5236203074455261,18.90163803100586,0.11703814566135406,0.5069032907485962,24.03007698059082,0.11146469414234161,0.55078125,22.503726959228516,1000,subject_z,cgm_static,6,4
0.08867975324392319,0.47170549631118774,20.668498992919922,0.11364825814962387,0.5350537300109863,23.794578552246094,0.10973773896694183,0.5645931959152222,22.141881942749023,1000,subject_z,static_all,6,4
0.06853695958852768,0.486347496509552,16.267946243286133,0.10426489263772964,0.14042329788208008,23.008615493774414,0.09707032144069672,0.12698835134506226,18.228687286376953,1000,global,cgm_static,7,0
0.09728389233350754,-0.03490781784057617,24.603208541870117,0.1217069923877716,-0.17122280597686768,27.154953002929688,0.10049131512641907,0.06436997652053833,19.314895629882812,1000,global,static_all,7,0
0.08596750348806381,0.19185662269592285,21.61419105529785,0.1204446405172348,-0.14705288410186768,26.401952743530273,0.10363945364952087,0.004829823970794678,19.75104522705078,1000,subject_z,cgm_static,7,0
0.09728389233350754,-0.03490781784057617,24.603208541870117,0.1217069923877716,-0.17122280597686768,27.154953002929688,0.10049131512641907,0.06436997652053833,19.314895629882812,1000,subject_z,static_all,7,0
0.08872970193624496,0.5929626822471619,15.503758430480957,0.11690974980592728,0.6089917421340942,20.475799560546875,0.13107599318027496,0.49746572971343994,20.86714744567871,1000,global,cgm_static,7,1
0.11436166614294052,0.3238280415534973,21.20076560974121,0.12755945324897766,0.534510612487793,23.037471771240234,0.1418081372976303,0.4118046760559082,23.718019485473633,1000,global,static_all,7,1
0.10260223597288132,0.4557356834411621,18.72303009033203,0.12856408953666687,0.527149498462677,22.42802619934082,0.1407998949289322,0.420138955116272,23.63030433654785,1000,subject_z,cgm_static,7,1
0.11436166614294052,0.3238280415534973,21.20076560974121,0.12755945324897766,0.534510612487793,23.037471771240234,0.1418081372976303,0.4118046760559082,23.718019485473633,1000,subject_z,static_all,7,1
0.0646766871213913,0.6176049709320068,12.724998474121094,0.08307700604200363,0.6454935073852539,14.709043502807617,0.10347279906272888,0.5131356716156006,19.17341423034668,1000,global,cgm_static,7,2
0.09669070690870285,0.14535397291183472,19.93463134765625,0.10783808678388596,0.4026802182197571,19.763891220092773,0.11621855944395065,0.38580453395843506,20.994810104370117,1000,global,static_all,7,2
0.07944534718990326,0.423029363155365,15.675176620483398,0.10198724269866943,0.46573805809020996,18.91345977783203,0.11206167936325073,0.42895573377609253,20.578475952148438,1000,subject_z,cgm_static,7,2
0.09669070690870285,0.14535397291183472,19.93463134765625,0.10783808678388596,0.4026802182197571,19.763891220092773,0.11621855944395065,0.38580453395843506,20.994810104370117,1000,subject_z,static_all,7,2
0.06625082343816757,0.6474666595458984,12.315585136413574,0.10277935862541199,0.5064671039581299,16.014543533325195,0.12142343819141388,0.42382723093032837,16.885276794433594,1000,global,cgm_static,7,3
0.08858683705329895,0.3696872591972351,16.22683334350586,0.11659982055425644,0.36481523513793945,17.71052360534668,0.1326431781053543,0.31242913007736206,18.11371612548828,1000,global,static_all,7,3
0.08335798978805542,0.441899836063385,15.323101043701172,0.11480996757745743,0.38416624069213867,17.43259048461914,0.13090208172798157,0.3303608298301697,18.35784912109375,1000,subject_z,cgm_static,7,3
0.08858683705329895,0.3696872591972351,16.22683334350586,0.11659982055425644,0.36481523513793945,17.71052360534668,0.1326431781053543,0.31242913007736206,18.11371612548828,1000,subject_z,static_all,7,3
0.07734224200248718,0.7208978533744812,12.619108200073242,0.1056523323059082,0.6440906524658203,17.93466567993164,0.11669935286045074,0.5816495418548584,19.300405502319336,1000,global,cgm_static,7,4
0.11471449583768845,0.3860030770301819,21.68268394470215,0.1246275082230568,0.504767656326294,21.37097930908203,0.12396606802940369,0.5279272198677063,21.052413940429688,1000,global,static_all,7,4
0.10167238116264343,0.5176795721054077,18.473825454711914,0.12442199885845184,0.5063996315002441,21.173307418823242,0.12289676070213318,0.5360361337661743,20.67747688293457,1000,subject_z,cgm_static,7,4
0.11471449583768845,0.3860030770301819,21.68268394470215,0.1246275082230568,0.504767656326294,21.37097930908203,0.12396606802940369,0.5279272198677063,21.052413940429688,1000,subject_z,static_all,7,4
