scenario,sim,comparison,ddR2,lo,hi,perm_p,holm_p,seed_pos_frac,verdict,ref_ddR2,ci_covers_ref
level_dominant,0,global_vs_premeal,0.23952414039101255,0.16756595065822005,0.3404925255052199,9.999000099990002e-05,0.00029997000299970003,1.0,CHANGES,0.25403134318928433,True
level_dominant,0,global_vs_subz,0.1632120732210162,0.09893059087523416,0.2499238010369896,9.999000099990002e-05,0.00029997000299970003,1.0,CHANGES,0.17034733950238645,True
level_dominant,0,global_vs_subcenter,0.1530617787961288,0.09016560663861431,0.23597970561949078,9.999000099990002e-05,0.00029997000299970003,1.0,CHANGES,0.15757835712662946,True
level_dominant,1,global_vs_premeal,0.3245061162260886,0.24521440765876468,0.44177549271181177,9.999000099990002e-05,0.00029997000299970003,1.0,CHANGES,0.25403134318928433,True
level_dominant,1,global_vs_subz,0.22444365554997195,0.1469822507993962,0.33992698785675457,9.999000099990002e-05,0.00029997000299970003,1.0,CHANGES,0.17034733950238645,True
level_dominant,1,global_vs_subcenter,0.2110747697597556,0.1318684219141606,0.32594384437130436,9.999000099990002e-05,0.00029997000299970003,1.0,CHANGES,0.15757835712662946,True
level_dominant,2,global_vs_premeal,0.2293487758817877,0.16861878222111018,0.31435688296519765,9.999000099990002e-05,0.00029997000299970003,1.0,CHANGES,0.25403134318928433,True
level_dominant,2,global_vs_subz,0.1389835290029863,0.09321915892064252,0.19856070954353489,9.999000099990002e-05,0.00029997000299970003,1.0,CHANGES,0.17034733950238645,True
level_dominant,2,global_vs_subcenter,0.12564904483066683,0.08084014457364541,0.18397552417500548,9.999000099990002e-05,0.00029997000299970003,1.0,CHANGES,0.15757835712662946,True
level_dominant,3,global_vs_premeal,0.2155454699880794,0.15128540804890522,0.3010750862706082,9.999000099990002e-05,0.00029997000299970003,1.0,CHANGES,0.25403134318928433,True
level_dominant,3,global_vs_subz,0.13181530677432712,0.08327182479526384,0.19608044405943761,9.999000099990002e-05,0.00029997000299970003,1.0,CHANGES,0.17034733950238645,True
level_dominant,3,global_vs_subcenter,0.1225370146701874,0.07463346728843324,0.18612901858630101,9.999000099990002e-05,0.00029997000299970003,1.0,CHANGES,0.15757835712662946,True
level_dominant,4,global_vs_premeal,0.29635275848402365,0.20707416269424353,0.4175195546542402,9.999000099990002e-05,0.00029997000299970003,1.0,CHANGES,0.25403134318928433,True
level_dominant,4,global_vs_subz,0.22075257980684143,0.13498134738279977,0.32870080614038144,9.999000099990002e-05,0.00029997000299970003,1.0,CHANGES,0.17034733950238645,True
level_dominant,4,global_vs_subcenter,0.20792979607627451,0.12313312680081505,0.31441360102633825,0.00019998000199980003,0.00029997000299970003,1.0,CHANGES,0.15757835712662946,True
level_dominant,5,global_vs_premeal,0.36914138072682817,0.28427627939369826,0.47969872086515897,9.999000099990002e-05,0.00029997000299970003,1.0,CHANGES,0.25403134318928433,False
level_dominant,5,global_vs_subz,0.24973613306852688,0.16489983441033648,0.3636649911031612,9.999000099990002e-05,0.00029997000299970003,1.0,CHANGES,0.17034733950238645,True
level_dominant,5,global_vs_subcenter,0.24490062063824822,0.16033982874885866,0.35690476596921217,9.999000099990002e-05,0.00029997000299970003,1.0,CHANGES,0.15757835712662946,False
level_dominant,6,global_vs_premeal,0.2455863470482344,0.18152305283673856,0.3376862075949197,9.999000099990002e-05,0.00029997000299970003,1.0,CHANGES,0.25403134318928433,True
level_dominant,6,global_vs_subz,0.16667823588804365,0.10988816485185494,0.24468689288789938,9.999000099990002e-05,0.00029997000299970003,1.0,CHANGES,0.17034733950238645,True
level_dominant,6,global_vs_subcenter,0.1485577653038749,0.0900126662455839,0.22616042002288334,9.999000099990002e-05,0.00029997000299970003,1.0,CHANGES,0.15757835712662946,True
level_dominant,7,global_vs_premeal,0.371250150245639,0.27467287552427017,0.5055089389278979,9.999000099990002e-05,0.00029997000299970003,1.0,CHANGES,0.25403134318928433,False
level_dominant,7,global_vs_subz,0.26237804524648467,0.16778438325510012,0.3899570505591822,9.999000099990002e-05,0.00029997000299970003,1.0,CHANGES,0.17034733950238645,True
level_dominant,7,global_vs_subcenter,0.253958992171283,0.15737324692633603,0.38063586635001323,9.999000099990002e-05,0.00029997000299970003,1.0,CHANGES,0.15757835712662946,True
level_dominant,8,global_vs_premeal,0.4029719832641181,0.28741666226062146,0.5685892805535715,9.999000099990002e-05,0.00029997000299970003,1.0,CHANGES,0.25403134318928433,False
level_dominant,8,global_vs_subz,0.3146324983316297,0.21272111265041505,0.454067005729323,9.999000099990002e-05,0.00029997000299970003,1.0,CHANGES,0.17034733950238645,False
level_dominant,8,global_vs_subcenter,0.30950072002668083,0.20664378862553812,0.45115446675871695,9.999000099990002e-05,0.00029997000299970003,1.0,CHANGES,0.15757835712662946,False
level_dominant,9,global_vs_premeal,0.3511224001051381,0.22884982007795399,0.5065695212594428,9.999000099990002e-05,0.00029997000299970003,1.0,CHANGES,0.25403134318928433,True
level_dominant,9,global_vs_subz,0.2683625306676972,0.15285601558496711,0.41372076071279235,9.999000099990002e-05,0.00029997000299970003,1.0,CHANGES,0.17034733950238645,True
level_dominant,9,global_vs_subcenter,0.25234595102975027,0.1365261313509272,0.39778427035845715,9.999000099990002e-05,0.00029997000299970003,1.0,CHANGES,0.15757835712662946,True
level_dominant,10,global_vs_premeal,0.29971846394591023,0.22092730569116226,0.4068815984702241,9.999000099990002e-05,0.00029997000299970003,1.0,CHANGES,0.25403134318928433,True
level_dominant,10,global_vs_subz,0.2004735163949985,0.1235161539289256,0.29988912142034546,9.999000099990002e-05,0.00029997000299970003,1.0,CHANGES,0.17034733950238645,True
level_dominant,10,global_vs_subcenter,0.188423517243246,0.11257444761649645,0.28684021392998854,9.999000099990002e-05,0.00029997000299970003,1.0,CHANGES,0.15757835712662946,True
level_dominant,11,global_vs_premeal,0.32544736187095585,0.2219999235789825,0.48272306041170415,9.999000099990002e-05,0.00029997000299970003,1.0,CHANGES,0.25403134318928433,True
level_dominant,11,global_vs_subz,0.23941711994904044,0.14526228882351266,0.37782957299718684,9.999000099990002e-05,0.00029997000299970003,1.0,CHANGES,0.17034733950238645,True
level_dominant,11,global_vs_subcenter,0.22890728244341466,0.13355610068588553,0.36773410835273235,9.999000099990002e-05,0.00029997000299970003,1.0,CHANGES,0.15757835712662946,True
level_dominant,12,global_vs_premeal,0.2514024172975593,0.17720971896765678,0.36572668669231934,9.999000099990002e-05,0.00029997000299970003,1.0,CHANGES,0.25403134318928433,True
level_dominant,12,global_vs_subz,0.17549945987100155,0.10904870718957702,0.2745256185633158,9.999000099990002e-05,0.00029997000299970003,1.0,CHANGES,0.17034733950238645,True
level_dominant,12,global_vs_subcenter,0.16046172206972478,0.09448676096522322,0.260322155597294,9.999000099990002e-05,0.00029997000299970003,1.0,CHANGES,0.15757835712662946,True
level_dominant,13,global_vs_premeal,0.3375981400101555,0.23230000922094635,0.5035843596771303,9.999000099990002e-05,0.00029997000299970003,1.0,CHANGES,0.25403134318928433,True
level_dominant,13,global_vs_subz,0.26490492419925254,0.16297654255796423,0.420435793262512,9.999000099990002e-05,0.00029997000299970003,1.0,CHANGES,0.17034733950238645,True
level_dominant,13,global_vs_subcenter,0.25383374155853006,0.15539866331538332,0.4015056299443132,9.999000099990002e-05,0.00029997000299970003,1.0,CHANGES,0.15757835712662946,True
level_dominant,14,global_vs_premeal,0.26245524401002357,0.20564816756159543,0.34506250300098357,9.999000099990002e-05,0.00029997000299970003,1.0,CHANGES,0.25403134318928433,True
level_dominant,14,global_vs_subz,0.15956190871881087,0.10944086839209805,0.22620691399646548,9.999000099990002e-05,0.00029997000299970003,1.0,CHANGES,0.17034733950238645,True
level_dominant,14,global_vs_subcenter,0.14254837054340852,0.09452370628974587,0.20627173179833885,9.999000099990002e-05,0.00029997000299970003,1.0,CHANGES,0.15757835712662946,True
level_dominant,15,global_vs_premeal,0.2553563533652044,0.19842393151266613,0.3322917369856724,9.999000099990002e-05,0.00029997000299970003,1.0,CHANGES,0.25403134318928433,True
level_dominant,15,global_vs_subz,0.17100311384468778,0.12042932982231665,0.23758995071273764,9.999000099990002e-05,0.00029997000299970003,1.0,CHANGES,0.17034733950238645,True
level_dominant,15,global_vs_subcenter,0.155118095467476,0.10675675922640569,0.2178407918480552,9.999000099990002e-05,0.00029997000299970003,1.0,CHANGES,0.15757835712662946,True
level_dominant,16,global_vs_premeal,0.30970362014208647,0.23597744505809765,0.4227230255381484,9.999000099990002e-05,0.00029997000299970003,1.0,CHANGES,0.25403134318928433,True
level_dominant,16,global_vs_subz,0.20315889154250963,0.14057269986022125,0.30019023136533207,9.999000099990002e-05,0.00029997000299970003,1.0,CHANGES,0.17034733950238645,True
level_dominant,16,global_vs_subcenter,0.17578958806155673,0.11469086907821148,0.2658302862074422,9.999000099990002e-05,0.00029997000299970003,1.0,CHANGES,0.15757835712662946,True
level_dominant,17,global_vs_premeal,0.30758874285458565,0.21836521007546666,0.44537218054262784,9.999000099990002e-05,0.00029997000299970003,1.0,CHANGES,0.25403134318928433,True
level_dominant,17,global_vs_subz,0.21093179269611753,0.1318180806533202,0.33510322294978173,9.999000099990002e-05,0.00029997000299970003,1.0,CHANGES,0.17034733950238645,True
level_dominant,17,global_vs_subcenter,0.19499463597651664,0.11894571150976034,0.3119571027047352,9.999000099990002e-05,0.00029997000299970003,1.0,CHANGES,0.15757835712662946,True
level_dominant,18,global_vs_premeal,0.2199533950502895,0.16804754297783242,0.2878914603020633,9.999000099990002e-05,0.00029997000299970003,1.0,CHANGES,0.25403134318928433,True
level_dominant,18,global_vs_subz,0.1559561111097198,0.10627546637818237,0.21684711488849695,9.999000099990002e-05,0.00029997000299970003,1.0,CHANGES,0.17034733950238645,True
level_dominant,18,global_vs_subcenter,0.14211520400613253,0.09673706951723492,0.19727269980152518,9.999000099990002e-05,0.00029997000299970003,1.0,CHANGES,0.15757835712662946,True
level_dominant,19,global_vs_premeal,0.28375789944257196,0.2018315311350351,0.3943715450610559,9.999000099990002e-05,0.00029997000299970003,1.0,CHANGES,0.25403134318928433,True
level_dominant,19,global_vs_subz,0.21077216990373646,0.12856287294192414,0.31438341804718156,9.999000099990002e-05,0.00029997000299970003,1.0,CHANGES,0.17034733950238645,True
level_dominant,19,global_vs_subcenter,0.20445707910520777,0.1176675602367708,0.31510139451935143,9.999000099990002e-05,0.00029997000299970003,1.0,CHANGES,0.15757835712662946,True
level_dominant,20,global_vs_premeal,0.2651739953275271,0.18827740346480304,0.3798668651723383,9.999000099990002e-05,0.00029997000299970003,1.0,CHANGES,0.25403134318928433,True
level_dominant,20,global_vs_subz,0.19011838918411422,0.12260581337204576,0.28498198559441884,9.999000099990002e-05,0.00029997000299970003,1.0,CHANGES,0.17034733950238645,True
level_dominant,20,global_vs_subcenter,0.16793258844103406,0.10115078515451945,0.2624492465292248,9.999000099990002e-05,0.00029997000299970003,1.0,CHANGES,0.15757835712662946,True
level_dominant,21,global_vs_premeal,0.29915474152190474,0.22533654545166415,0.41085296118466097,9.999000099990002e-05,0.00029997000299970003,1.0,CHANGES,0.25403134318928433,True
level_dominant,21,global_vs_subz,0.20026859489799037,0.1310690141950282,0.3003353498356883,9.999000099990002e-05,0.00029997000299970003,1.0,CHANGES,0.17034733950238645,True
level_dominant,21,global_vs_subcenter,0.1882479062297294,0.11986768083147141,0.2862744786144991,9.999000099990002e-05,0.00029997000299970003,1.0,CHANGES,0.15757835712662946,True
level_dominant,22,global_vs_premeal,0.3871496687140138,0.27157764755643954,0.5524537077556343,9.999000099990002e-05,0.00029997000299970003,1.0,CHANGES,0.25403134318928433,False
level_dominant,22,global_vs_subz,0.2592882828323472,0.15675859019542968,0.39721505114706296,9.999000099990002e-05,0.00029997000299970003,1.0,CHANGES,0.17034733950238645,True
level_dominant,22,global_vs_subcenter,0.2520097182928519,0.14823140423405717,0.38864113354072555,9.999000099990002e-05,0.00029997000299970003,1.0,CHANGES,0.15757835712662946,True
level_dominant,23,global_vs_premeal,0.23974434809496903,0.17138602909031952,0.3294162387141004,9.999000099990002e-05,0.00029997000299970003,1.0,CHANGES,0.25403134318928433,True
level_dominant,23,global_vs_subz,0.17113478899464712,0.10851803461980064,0.2515555046804277,9.999000099990002e-05,0.00029997000299970003,1.0,CHANGES,0.17034733950238645,True
level_dominant,23,global_vs_subcenter,0.15623894082583692,0.09657756241044724,0.23438707599932582,9.999000099990002e-05,0.00029997000299970003,1.0,CHANGES,0.15757835712662946,True
level_dominant,24,global_vs_premeal,0.27271887837199166,0.20196119274543395,0.36618684512310806,9.999000099990002e-05,0.00029997000299970003,1.0,CHANGES,0.25403134318928433,True
level_dominant,24,global_vs_subz,0.1858515982301708,0.12683883055518136,0.26275514570003716,9.999000099990002e-05,0.00029997000299970003,1.0,CHANGES,0.17034733950238645,True
level_dominant,24,global_vs_subcenter,0.16692537661384252,0.10889552908034435,0.24096264878260523,9.999000099990002e-05,0.00029997000299970003,1.0,CHANGES,0.15757835712662946,True
level_dominant,25,global_vs_premeal,0.3086946425449175,0.23841471550080834,0.39759160571135005,9.999000099990002e-05,0.00029997000299970003,1.0,CHANGES,0.25403134318928433,True
level_dominant,25,global_vs_subz,0.22496272230497844,0.1582448158916825,0.3050632030566659,9.999000099990002e-05,0.00029997000299970003,1.0,CHANGES,0.17034733950238645,True
level_dominant,25,global_vs_subcenter,0.2179753217130538,0.15258578095704373,0.297568685434928,9.999000099990002e-05,0.00029997000299970003,1.0,CHANGES,0.15757835712662946,True
level_dominant,26,global_vs_premeal,0.37071600370907526,0.2689302056271602,0.5247055098319842,9.999000099990002e-05,0.00029997000299970003,1.0,CHANGES,0.25403134318928433,False
level_dominant,26,global_vs_subz,0.2681365219604235,0.1825364514486791,0.3944450696225001,9.999000099990002e-05,0.00029997000299970003,1.0,CHANGES,0.17034733950238645,False
level_dominant,26,global_vs_subcenter,0.2643029293837995,0.18047097867261055,0.3862567196130709,9.999000099990002e-05,0.00029997000299970003,1.0,CHANGES,0.15757835712662946,False
level_dominant,27,global_vs_premeal,0.3713205072369511,0.27659264497848096,0.5049227008672592,9.999000099990002e-05,0.00029997000299970003,1.0,CHANGES,0.25403134318928433,False
level_dominant,27,global_vs_subz,0.26041786695456065,0.18090708898381233,0.3672359861910073,9.999000099990002e-05,0.00029997000299970003,1.0,CHANGES,0.17034733950238645,False
level_dominant,27,global_vs_subcenter,0.2378551326999678,0.15974755853553102,0.34327066830615877,9.999000099990002e-05,0.00029997000299970003,1.0,CHANGES,0.15757835712662946,False
level_dominant,28,global_vs_premeal,0.26863082979855235,0.19872027100852338,0.3638479520900746,9.999000099990002e-05,0.00029997000299970003,1.0,CHANGES,0.25403134318928433,True
level_dominant,28,global_vs_subz,0.18645760770466743,0.12521592893465364,0.2699297516362312,9.999000099990002e-05,0.00029997000299970003,1.0,CHANGES,0.17034733950238645,True
level_dominant,28,global_vs_subcenter,0.17475486715671698,0.11524775835845033,0.2552112130792615,9.999000099990002e-05,0.00029997000299970003,1.0,CHANGES,0.15757835712662946,True
level_dominant,29,global_vs_premeal,0.331866451532657,0.24194148915677893,0.44140703233242373,9.999000099990002e-05,0.00029997000299970003,1.0,CHANGES,0.25403134318928433,True
level_dominant,29,global_vs_subz,0.2367342068217174,0.14813921259383991,0.33439034907233794,9.999000099990002e-05,0.00029997000299970003,1.0,CHANGES,0.17034733950238645,True
level_dominant,29,global_vs_subcenter,0.2185457976051452,0.12762630921888,0.31840321943677696,9.999000099990002e-05,0.00029997000299970003,1.0,CHANGES,0.15757835712662946,True
level_dominant,30,global_vs_premeal,0.3106835009212177,0.2364797959091916,0.4164072683827988,9.999000099990002e-05,0.00029997000299970003,1.0,CHANGES,0.25403134318928433,True
level_dominant,30,global_vs_subz,0.21487870781068613,0.15043718849850563,0.30351639173175543,9.999000099990002e-05,0.00029997000299970003,1.0,CHANGES,0.17034733950238645,True
level_dominant,30,global_vs_subcenter,0.1981340466257515,0.13667340765059996,0.28399258785277004,9.999000099990002e-05,0.00029997000299970003,1.0,CHANGES,0.15757835712662946,True
level_dominant,31,global_vs_premeal,0.3056784277756086,0.22935884057488654,0.403128373082592,9.999000099990002e-05,0.00029997000299970003,1.0,CHANGES,0.25403134318928433,True
level_dominant,31,global_vs_subz,0.20725065802866502,0.13432950315634287,0.29916354712334997,9.999000099990002e-05,0.00029997000299970003,1.0,CHANGES,0.17034733950238645,True
level_dominant,31,global_vs_subcenter,0.20154758432272424,0.1277878966821991,0.29588640087317475,9.999000099990002e-05,0.00029997000299970003,1.0,CHANGES,0.15757835712662946,True
level_dominant,32,global_vs_premeal,0.34345981347414356,0.2509867297789042,0.48448024843037096,9.999000099990002e-05,0.00029997000299970003,1.0,CHANGES,0.25403134318928433,True
level_dominant,32,global_vs_subz,0.27211273068575526,0.181585374899945,0.40159548822766394,9.999000099990002e-05,0.00029997000299970003,1.0,CHANGES,0.17034733950238645,False
level_dominant,32,global_vs_subcenter,0.27379101849190063,0.18346289046636194,0.40464857456346714,9.999000099990002e-05,0.00029997000299970003,1.0,CHANGES,0.15757835712662946,False
level_dominant,33,global_vs_premeal,0.2457567346670075,0.18325210212562115,0.3321410504212606,9.999000099990002e-05,0.00029997000299970003,1.0,CHANGES,0.25403134318928433,True
level_dominant,33,global_vs_subz,0.16761970239417362,0.12311343765731948,0.22766987133972463,9.999000099990002e-05,0.00029997000299970003,1.0,CHANGES,0.17034733950238645,True
level_dominant,33,global_vs_subcenter,0.15395573759394915,0.10614865069434255,0.21784876710465065,9.999000099990002e-05,0.00029997000299970003,1.0,CHANGES,0.15757835712662946,True
level_dominant,34,global_vs_premeal,0.3489409338432152,0.26944553346562533,0.4666684521917576,9.999000099990002e-05,0.00029997000299970003,1.0,CHANGES,0.25403134318928433,False
level_dominant,34,global_vs_subz,0.2688440089867823,0.19359691680951727,0.3803042738254957,9.999000099990002e-05,0.00029997000299970003,1.0,CHANGES,0.17034733950238645,False
level_dominant,34,global_vs_subcenter,0.2513979819854712,0.1761497659343419,0.35846503915484,9.999000099990002e-05,0.00029997000299970003,1.0,CHANGES,0.15757835712662946,False
level_dominant,35,global_vs_premeal,0.24712051425315398,0.16500098485884246,0.3638187130022123,9.999000099990002e-05,0.00029997000299970003,1.0,CHANGES,0.25403134318928433,True
level_dominant,35,global_vs_subz,0.17063236442976337,0.09152726544157112,0.2786707615956732,9.999000099990002e-05,0.00029997000299970003,1.0,CHANGES,0.17034733950238645,True
level_dominant,35,global_vs_subcenter,0.15891614267169835,0.08027507693505627,0.2635103505753842,9.999000099990002e-05,0.00029997000299970003,1.0,CHANGES,0.15757835712662946,True
level_dominant,36,global_vs_premeal,0.34922887385970525,0.26824160259672025,0.43870492721411514,9.999000099990002e-05,0.00029997000299970003,1.0,CHANGES,0.25403134318928433,False
level_dominant,36,global_vs_subz,0.24102364085881656,0.16826102052942998,0.32138658099539735,9.999000099990002e-05,0.00029997000299970003,1.0,CHANGES,0.17034733950238645,True
level_dominant,36,global_vs_subcenter,0.2277133636035375,0.156798753526022,0.30676990576999397,9.999000099990002e-05,0.00029997000299970003,1.0,CHANGES,0.15757835712662946,True
level_dominant,37,global_vs_premeal,0.3293951879632606,0.21352227039325888,0.4982004823578076,9.999000099990002e-05,0.00029997000299970003,1.0,CHANGES,0.25403134318928433,True
level_dominant,37,global_vs_subz,0.243133516877085,0.14039473430028218,0.39983385846871894,9.999000099990002e-05,0.00029997000299970003,1.0,CHANGES,0.17034733950238645,True
level_dominant,37,global_vs_subcenter,0.24064858656886526,0.13512693809356902,0.39748262814767676,9.999000099990002e-05,0.00029997000299970003,1.0,CHANGES,0.15757835712662946,True
level_dominant,38,global_vs_premeal,0.34298762494979956,0.24447393701782957,0.48620245996823913,9.999000099990002e-05,0.00029997000299970003,1.0,CHANGES,0.25403134318928433,True
level_dominant,38,global_vs_subz,0.2544544558973453,0.15634801687776814,0.39355643942791846,9.999000099990002e-05,0.00029997000299970003,1.0,CHANGES,0.17034733950238645,True
level_dominant,38,global_vs_subcenter,0.23876092217754016,0.14283180087860542,0.3731148705307894,9.999000099990002e-05,0.00029997000299970003,1.0,CHANGES,0.15757835712662946,True
level_dominant,39,global_vs_premeal,0.36674870484248995,0.251451989929175,0.5559135026966918,9.999000099990002e-05,0.00029997000299970003,1.0,CHANGES,0.25403134318928433,True
level_dominant,39,global_vs_subz,0.25793517534403065,0.15364556022944367,0.4218255953368518,9.999000099990002e-05,0.00029997000299970003,1.0,CHANGES,0.17034733950238645,True
level_dominant,39,global_vs_subcenter,0.24327672933546884,0.13710512903373528,0.4050165541252242,9.999000099990002e-05,0.00029997000299970003,1.0,CHANGES,0.15757835712662946,True
level_dominant,40,global_vs_premeal,0.2834090076999558,0.20264269683641828,0.3936760765984101,9.999000099990002e-05,0.00029997000299970003,1.0,CHANGES,0.25403134318928433,True
level_dominant,40,global_vs_subz,0.20153006482228178,0.12532133617349653,0.3003838521190881,9.999000099990002e-05,0.00029997000299970003,1.0,CHANGES,0.17034733950238645,True
level_dominant,40,global_vs_subcenter,0.1847412335417537,0.10833697468614374,0.28264924778390854,9.999000099990002e-05,0.00029997000299970003,1.0,CHANGES,0.15757835712662946,True
level_dominant,41,global_vs_premeal,0.2851785386237348,0.1945079333890505,0.4226633745157568,9.999000099990002e-05,0.00029997000299970003,1.0,CHANGES,0.25403134318928433,True
level_dominant,41,global_vs_subz,0.1968263847111123,0.11606529148502721,0.31628477222318635,9.999000099990002e-05,0.00029997000299970003,1.0,CHANGES,0.17034733950238645,True
level_dominant,41,global_vs_subcenter,0.17641938848938826,0.10155480515428755,0.2885253164460067,9.999000099990002e-05,0.00029997000299970003,1.0,CHANGES,0.15757835712662946,True
level_dominant,42,global_vs_premeal,0.29946223903824587,0.2083961334378532,0.42702033473124223,9.999000099990002e-05,0.00029997000299970003,1.0,CHANGES,0.25403134318928433,True
level_dominant,42,global_vs_subz,0.22663903367693125,0.1510330138294338,0.3314750482536137,9.999000099990002e-05,0.00029997000299970003,1.0,CHANGES,0.17034733950238645,True
level_dominant,42,global_vs_subcenter,0.21051620925657916,0.13850516240176533,0.30872018086546843,9.999000099990002e-05,0.00029997000299970003,1.0,CHANGES,0.15757835712662946,True
level_dominant,43,global_vs_premeal,0.33631968234761905,0.24391032727647818,0.4717265736507521,9.999000099990002e-05,0.00029997000299970003,1.0,CHANGES,0.25403134318928433,True
level_dominant,43,global_vs_subz,0.2466776792375104,0.1638500610227679,0.35996413992488674,9.999000099990002e-05,0.00029997000299970003,1.0,CHANGES,0.17034733950238645,True
level_dominant,43,global_vs_subcenter,0.2189642371144159,0.1357115730783954,0.3320359423778992,9.999000099990002e-05,0.00029997000299970003,1.0,CHANGES,0.15757835712662946,True
level_dominant,44,global_vs_premeal,0.30905427370149297,0.22710299464268108,0.42188370889304594,9.999000099990002e-05,0.00029997000299970003,1.0,CHANGES,0.25403134318928433,True
level_dominant,44,global_vs_subz,0.2062261914698931,0.13390862843511775,0.30200081779459675,9.999000099990002e-05,0.00029997000299970003,1.0,CHANGES,0.17034733950238645,True
level_dominant,44,global_vs_subcenter,0.19465768326518035,0.12480202012251168,0.2863791864683795,9.999000099990002e-05,0.00029997000299970003,1.0,CHANGES,0.15757835712662946,True
level_dominant,45,global_vs_premeal,0.23729018589243284,0.17750312378590538,0.3160152232508238,9.999000099990002e-05,0.00029997000299970003,1.0,CHANGES,0.25403134318928433,True
level_dominant,45,global_vs_subz,0.1611750036941928,0.10907461546921475,0.22576080060359036,9.999000099990002e-05,0.00029997000299970003,1.0,CHANGES,0.17034733950238645,True
level_dominant,45,global_vs_subcenter,0.14423720114294422,0.09534835237189893,0.205110796647144,9.999000099990002e-05,0.00029997000299970003,1.0,CHANGES,0.15757835712662946,True
level_dominant,46,global_vs_premeal,0.4523109701510027,0.35155504806331545,0.5861207076323751,9.999000099990002e-05,0.00029997000299970003,1.0,CHANGES,0.25403134318928433,False
level_dominant,46,global_vs_subz,0.3536953163012842,0.24982062193055818,0.4811973299437263,9.999000099990002e-05,0.00029997000299970003,1.0,CHANGES,0.17034733950238645,False
level_dominant,46,global_vs_subcenter,0.34193307496464653,0.23601756345340613,0.4705403653322281,9.999000099990002e-05,0.00029997000299970003,1.0,CHANGES,0.15757835712662946,False
level_dominant,47,global_vs_premeal,0.30932557943542843,0.22473370793533812,0.41984714576039683,9.999000099990002e-05,0.00029997000299970003,1.0,CHANGES,0.25403134318928433,True
level_dominant,47,global_vs_subz,0.22151887503989917,0.15642964345688662,0.3072568654251331,9.999000099990002e-05,0.00029997000299970003,1.0,CHANGES,0.17034733950238645,True
level_dominant,47,global_vs_subcenter,0.2072380391287885,0.14129904298689122,0.29262144235893894,9.999000099990002e-05,0.00029997000299970003,1.0,CHANGES,0.15757835712662946,True
level_dominant,48,global_vs_premeal,0.41063772050010067,0.3175851265611986,0.5450576908200848,9.999000099990002e-05,0.00029997000299970003,1.0,CHANGES,0.25403134318928433,False
level_dominant,48,global_vs_subz,0.2869469948361809,0.19949900174266444,0.40067367705325296,9.999000099990002e-05,0.00029997000299970003,1.0,CHANGES,0.17034733950238645,False
level_dominant,48,global_vs_subcenter,0.26301446991254956,0.17836105229848415,0.37406979912395255,9.999000099990002e-05,0.00029997000299970003,1.0,CHANGES,0.15757835712662946,False
level_dominant,49,global_vs_premeal,0.2826029748129583,0.2016163439474367,0.3918684564771102,9.999000099990002e-05,0.00029997000299970003,1.0,CHANGES,0.25403134318928433,True
level_dominant,49,global_vs_subz,0.17762833893462943,0.10778917226453592,0.27010898772358394,9.999000099990002e-05,0.00029997000299970003,1.0,CHANGES,0.17034733950238645,True
level_dominant,49,global_vs_subcenter,0.1596823375491402,0.08828940050102725,0.25221669085116816,9.999000099990002e-05,0.00029997000299970003,1.0,CHANGES,0.15757835712662946,True
level_dominant,50,global_vs_premeal,0.2844931957593378,0.21552264413882863,0.3776430440557596,9.999000099990002e-05,0.00029997000299970003,1.0,CHANGES,0.25403134318928433,True
level_dominant,50,global_vs_subz,0.17440232661301583,0.11771510113612632,0.25213323229021994,9.999000099990002e-05,0.00029997000299970003,1.0,CHANGES,0.17034733950238645,True
level_dominant,50,global_vs_subcenter,0.1548300565418539,0.09722658681147515,0.232126040751398,9.999000099990002e-05,0.00029997000299970003,1.0,CHANGES,0.15757835712662946,True
level_dominant,51,global_vs_premeal,0.26864939238619123,0.19510704086497832,0.3706988822202255,9.999000099990002e-05,0.00029997000299970003,1.0,CHANGES,0.25403134318928433,True
level_dominant,51,global_vs_subz,0.1641522811915572,0.10157497044416416,0.24879639848315277,9.999000099990002e-05,0.00029997000299970003,1.0,CHANGES,0.17034733950238645,True
level_dominant,51,global_vs_subcenter,0.1512284022833283,0.08903758809967163,0.23424521536756257,9.999000099990002e-05,0.00029997000299970003,1.0,CHANGES,0.15757835712662946,True
level_dominant,52,global_vs_premeal,0.25987277267530806,0.18867992078677465,0.36612876913679904,9.999000099990002e-05,0.00029997000299970003,1.0,CHANGES,0.25403134318928433,True
level_dominant,52,global_vs_subz,0.20223253777054992,0.1399268046964551,0.29287672124804237,9.999000099990002e-05,0.00029997000299970003,1.0,CHANGES,0.17034733950238645,True
level_dominant,52,global_vs_subcenter,0.18334376948834039,0.1205251211589238,0.2741089725425736,9.999000099990002e-05,0.00029997000299970003,1.0,CHANGES,0.15757835712662946,True
level_dominant,53,global_vs_premeal,0.2820763631688319,0.20558172491856846,0.39366088018814477,9.999000099990002e-05,0.00029997000299970003,1.0,CHANGES,0.25403134318928433,True
level_dominant,53,global_vs_subz,0.20405021569257,0.1337158108908105,0.30464803438252547,9.999000099990002e-05,0.00029997000299970003,1.0,CHANGES,0.17034733950238645,True
level_dominant,53,global_vs_subcenter,0.20200756920567098,0.12917801140076424,0.3044455762401574,9.999000099990002e-05,0.00029997000299970003,1.0,CHANGES,0.15757835712662946,True
level_dominant,54,global_vs_premeal,0.34478410716613095,0.24514142795301314,0.485323696483017,9.999000099990002e-05,0.00029997000299970003,1.0,CHANGES,0.25403134318928433,True
level_dominant,54,global_vs_subz,0.2665074843189965,0.17029325046050356,0.3999275327862773,9.999000099990002e-05,0.00029997000299970003,1.0,CHANGES,0.17034733950238645,True
level_dominant,54,global_vs_subcenter,0.24843382680512363,0.1529008916200238,0.381888321606269,9.999000099990002e-05,0.00029997000299970003,1.0,CHANGES,0.15757835712662946,True
level_dominant,55,global_vs_premeal,0.23307606352601928,0.17770201150012616,0.31554358860446424,9.999000099990002e-05,0.00029997000299970003,1.0,CHANGES,0.25403134318928433,True
level_dominant,55,global_vs_subz,0.14493960187592825,0.09742440638417874,0.21354756522020824,9.999000099990002e-05,0.00029997000299970003,1.0,CHANGES,0.17034733950238645,True
level_dominant,55,global_vs_subcenter,0.13691680869523043,0.09122939466327018,0.20283171111206733,9.999000099990002e-05,0.00029997000299970003,1.0,CHANGES,0.15757835712662946,True
level_dominant,56,global_vs_premeal,0.26402709961262494,0.1887144813043487,0.38207872312673496,9.999000099990002e-05,0.00029997000299970003,1.0,CHANGES,0.25403134318928433,True
level_dominant,56,global_vs_subz,0.1898477021525339,0.12197508243202075,0.28175949973432374,9.999000099990002e-05,0.00029997000299970003,1.0,CHANGES,0.17034733950238645,True
level_dominant,56,global_vs_subcenter,0.1734571781456917,0.10869603906277911,0.26005152188277114,9.999000099990002e-05,0.00029997000299970003,1.0,CHANGES,0.15757835712662946,True
level_dominant,57,global_vs_premeal,0.2668885398078197,0.18401445551895437,0.39499800362530724,9.999000099990002e-05,0.00029997000299970003,1.0,CHANGES,0.25403134318928433,True
level_dominant,57,global_vs_subz,0.18499117543322707,0.1188480797573929,0.28767878781799544,9.999000099990002e-05,0.00029997000299970003,1.0,CHANGES,0.17034733950238645,True
level_dominant,57,global_vs_subcenter,0.171641646010434,0.10659634920924901,0.27199235362158186,9.999000099990002e-05,0.00029997000299970003,1.0,CHANGES,0.15757835712662946,True
level_dominant,58,global_vs_premeal,0.2615273125574704,0.1954408521115486,0.35891498683006623,9.999000099990002e-05,0.00029997000299970003,1.0,CHANGES,0.25403134318928433,True
level_dominant,58,global_vs_subz,0.17977744083141176,0.11722739272335012,0.2654101687774038,9.999000099990002e-05,0.00029997000299970003,1.0,CHANGES,0.17034733950238645,True
level_dominant,58,global_vs_subcenter,0.17304768030695517,0.11044460044501765,0.2583568671421299,9.999000099990002e-05,0.00029997000299970003,1.0,CHANGES,0.15757835712662946,True
level_dominant,59,global_vs_premeal,0.34881152323196096,0.24096728673961887,0.5195712013470365,9.999000099990002e-05,0.00029997000299970003,1.0,CHANGES,0.25403134318928433,True
level_dominant,59,global_vs_subz,0.2708988145328552,0.16489617543833004,0.4268241179977662,9.999000099990002e-05,0.00029997000299970003,1.0,CHANGES,0.17034733950238645,True
level_dominant,59,global_vs_subcenter,0.24883745565589047,0.1425606087136698,0.4042549409865749,9.999000099990002e-05,0.00029997000299970003,1.0,CHANGES,0.15757835712662946,True
level_dominant,60,global_vs_premeal,0.23620276701692666,0.1642440297317601,0.33736197207510665,9.999000099990002e-05,0.00029997000299970003,1.0,CHANGES,0.25403134318928433,True
level_dominant,60,global_vs_subz,0.1630758836042075,0.11361588377731056,0.23488669271950754,9.999000099990002e-05,0.00029997000299970003,1.0,CHANGES,0.17034733950238645,True
level_dominant,60,global_vs_subcenter,0.14685453351047137,0.09986024300652727,0.21388888083990273,9.999000099990002e-05,0.00029997000299970003,1.0,CHANGES,0.15757835712662946,True
level_dominant,61,global_vs_premeal,0.3623140017444693,0.24705859134924113,0.5116675297376182,9.999000099990002e-05,0.00029997000299970003,1.0,CHANGES,0.25403134318928433,True
level_dominant,61,global_vs_subz,0.30154290407659184,0.18235765641113275,0.4522962097934568,9.999000099990002e-05,0.00029997000299970003,1.0,CHANGES,0.17034733950238645,False
level_dominant,61,global_vs_subcenter,0.28774094835463093,0.17358249101055265,0.4336390351549206,9.999000099990002e-05,0.00029997000299970003,1.0,CHANGES,0.15757835712662946,False
level_dominant,62,global_vs_premeal,0.2530036095876138,0.19072501286734658,0.34280951529945886,9.999000099990002e-05,0.00029997000299970003,1.0,CHANGES,0.25403134318928433,True
level_dominant,62,global_vs_subz,0.18653407521382034,0.1366199426056715,0.2583003077939436,9.999000099990002e-05,0.00029997000299970003,1.0,CHANGES,0.17034733950238645,True
level_dominant,62,global_vs_subcenter,0.1556548565340847,0.10704135042623783,0.22451814445792914,9.999000099990002e-05,0.00029997000299970003,1.0,CHANGES,0.15757835712662946,True
level_dominant,63,global_vs_premeal,0.2807979115413004,0.20989350161981957,0.37693608889077734,9.999000099990002e-05,0.00029997000299970003,1.0,CHANGES,0.25403134318928433,True
level_dominant,63,global_vs_subz,0.15309772921808065,0.10749627309799271,0.21392878782807723,9.999000099990002e-05,0.00029997000299970003,1.0,CHANGES,0.17034733950238645,True
level_dominant,63,global_vs_subcenter,0.13846167527746614,0.09486377734994544,0.19549528459564514,9.999000099990002e-05,0.00029997000299970003,1.0,CHANGES,0.15757835712662946,True
level_dominant,64,global_vs_premeal,0.21271115083585782,0.14224815237630392,0.32495555809325455,9.999000099990002e-05,0.00029997000299970003,1.0,CHANGES,0.25403134318928433,True
level_dominant,64,global_vs_subz,0.15823507303323087,0.0947375977531256,0.25639461442288336,9.999000099990002e-05,0.00029997000299970003,1.0,CHANGES,0.17034733950238645,True
level_dominant,64,global_vs_subcenter,0.14905663348520956,0.08965058552731463,0.2418058989276188,9.999000099990002e-05,0.00029997000299970003,1.0,CHANGES,0.15757835712662946,True
level_dominant,65,global_vs_premeal,0.3503220403236269,0.24820079201750617,0.4968041931920358,9.999000099990002e-05,0.00029997000299970003,1.0,CHANGES,0.25403134318928433,True
level_dominant,65,global_vs_subz,0.2938891576783139,0.19002933217703358,0.43970798106245335,9.999000099990002e-05,0.00029997000299970003,1.0,CHANGES,0.17034733950238645,False
level_dominant,65,global_vs_subcenter,0.2741359662268609,0.17312257244650517,0.4146568927139829,9.999000099990002e-05,0.00029997000299970003,1.0,CHANGES,0.15757835712662946,False
level_dominant,66,global_vs_premeal,0.26857311509600107,0.19786476946082637,0.3698093438689548,9.999000099990002e-05,0.00029997000299970003,1.0,CHANGES,0.25403134318928433,True
level_dominant,66,global_vs_subz,0.1953444250031273,0.1303699910529076,0.285779180112455,9.999000099990002e-05,0.00029997000299970003,1.0,CHANGES,0.17034733950238645,True
level_dominant,66,global_vs_subcenter,0.17606514027231476,0.11244814021487429,0.2617903077943979,9.999000099990002e-05,0.00029997000299970003,1.0,CHANGES,0.15757835712662946,True
level_dominant,67,global_vs_premeal,0.23105236159312642,0.17025726388323378,0.31992631258703635,9.999000099990002e-05,0.00029997000299970003,1.0,CHANGES,0.25403134318928433,True
level_dominant,67,global_vs_subz,0.1264280013971286,0.07188319834877777,0.2079364551736338,9.999000099990002e-05,0.00029997000299970003,1.0,CHANGES,0.17034733950238645,True
level_dominant,67,global_vs_subcenter,0.11149035302178469,0.06225779261072931,0.18551698231457142,9.999000099990002e-05,0.00029997000299970003,1.0,CHANGES,0.15757835712662946,True
level_dominant,68,global_vs_premeal,0.25527937355398805,0.1823433597385364,0.38737378515976467,9.999000099990002e-05,0.00029997000299970003,1.0,CHANGES,0.25403134318928433,True
level_dominant,68,global_vs_subz,0.19181924922462096,0.13187691461737722,0.29263457612946225,9.999000099990002e-05,0.00029997000299970003,1.0,CHANGES,0.17034733950238645,True
level_dominant,68,global_vs_subcenter,0.18354046065810137,0.12346277964869062,0.2832917030706198,9.999000099990002e-05,0.00029997000299970003,1.0,CHANGES,0.15757835712662946,True
level_dominant,69,global_vs_premeal,0.21749729118146693,0.15192981038797845,0.3270579498168297,9.999000099990002e-05,0.00029997000299970003,1.0,CHANGES,0.25403134318928433,True
level_dominant,69,global_vs_subz,0.15335269091809758,0.0892952789924027,0.2521726986824029,9.999000099990002e-05,0.00029997000299970003,1.0,CHANGES,0.17034733950238645,True
level_dominant,69,global_vs_subcenter,0.13981491040289884,0.08053423436946579,0.23346264905869235,9.999000099990002e-05,0.00029997000299970003,1.0,CHANGES,0.15757835712662946,True
level_dominant,70,global_vs_premeal,0.24592357594319214,0.17752343051665598,0.34583369341115705,9.999000099990002e-05,0.00029997000299970003,1.0,CHANGES,0.25403134318928433,True
level_dominant,70,global_vs_subz,0.15226706645919297,0.0943457661399644,0.2351316381130145,9.999000099990002e-05,0.00029997000299970003,1.0,CHANGES,0.17034733950238645,True
level_dominant,70,global_vs_subcenter,0.13985832533908285,0.08133320498189138,0.22449417403846147,9.999000099990002e-05,0.00029997000299970003,1.0,CHANGES,0.15757835712662946,True
level_dominant,71,global_vs_premeal,0.29138116969552613,0.21435281264091072,0.40001129443909383,9.999000099990002e-05,0.00029997000299970003,1.0,CHANGES,0.25403134318928433,True
level_dominant,71,global_vs_subz,0.22311066107033667,0.15255288454501245,0.32230483126238724,9.999000099990002e-05,0.00029997000299970003,1.0,CHANGES,0.17034733950238645,True
level_dominant,71,global_vs_subcenter,0.21103707463299895,0.1408444714433641,0.30669908874613305,9.999000099990002e-05,0.00029997000299970003,1.0,CHANGES,0.15757835712662946,True
level_dominant,72,global_vs_premeal,0.2790654328306173,0.20010127873217592,0.3898161822288551,9.999000099990002e-05,0.00029997000299970003,1.0,CHANGES,0.25403134318928433,True
level_dominant,72,global_vs_subz,0.2082286637827495,0.1372887537387875,0.30055769376738023,9.999000099990002e-05,0.00029997000299970003,1.0,CHANGES,0.17034733950238645,True
level_dominant,72,global_vs_subcenter,0.20553556134868564,0.13473908397295353,0.29680428891986455,9.999000099990002e-05,0.00029997000299970003,1.0,CHANGES,0.15757835712662946,True
level_dominant,73,global_vs_premeal,0.33030593482343595,0.24559475450785198,0.4461566025739902,9.999000099990002e-05,0.00029997000299970003,1.0,CHANGES,0.25403134318928433,True
level_dominant,73,global_vs_subz,0.23956263286243645,0.16393631316481014,0.3428530625129573,9.999000099990002e-05,0.00029997000299970003,1.0,CHANGES,0.17034733950238645,True
level_dominant,73,global_vs_subcenter,0.22487559659516795,0.15129604811980882,0.3242455380943655,9.999000099990002e-05,0.00029997000299970003,1.0,CHANGES,0.15757835712662946,True
level_dominant,74,global_vs_premeal,0.33456819947684924,0.24456197320831172,0.4666178133990953,9.999000099990002e-05,0.00029997000299970003,1.0,CHANGES,0.25403134318928433,True
level_dominant,74,global_vs_subz,0.26253232989157915,0.18056222023472818,0.3814011411599181,9.999000099990002e-05,0.00029997000299970003,1.0,CHANGES,0.17034733950238645,False
level_dominant,74,global_vs_subcenter,0.24448372953846853,0.16410808352393697,0.3606405468450012,9.999000099990002e-05,0.00029997000299970003,1.0,CHANGES,0.15757835712662946,False
level_dominant,75,global_vs_premeal,0.29048423033111725,0.21886315785344157,0.3951020850470788,9.999000099990002e-05,0.00029997000299970003,1.0,CHANGES,0.25403134318928433,True
level_dominant,75,global_vs_subz,0.2110212530774406,0.1524404020610515,0.2953596089702679,9.999000099990002e-05,0.00029997000299970003,1.0,CHANGES,0.17034733950238645,True
level_dominant,75,global_vs_subcenter,0.2001762665867022,0.14079255222709636,0.28447019202222035,9.999000099990002e-05,0.00029997000299970003,1.0,CHANGES,0.15757835712662946,True
level_dominant,76,global_vs_premeal,0.2735734153129937,0.19637095790771472,0.38125610477667854,9.999000099990002e-05,0.00029997000299970003,1.0,CHANGES,0.25403134318928433,True
level_dominant,76,global_vs_subz,0.1615742132075903,0.08830716951608722,0.26184242249932554,9.999000099990002e-05,0.00029997000299970003,1.0,CHANGES,0.17034733950238645,True
level_dominant,76,global_vs_subcenter,0.15129377034270047,0.08480683817650042,0.24375520216045757,9.999000099990002e-05,0.00029997000299970003,1.0,CHANGES,0.15757835712662946,True
level_dominant,77,global_vs_premeal,0.33020714127058576,0.21973565449436944,0.47939301255684696,9.999000099990002e-05,0.00029997000299970003,1.0,CHANGES,0.25403134318928433,True
level_dominant,77,global_vs_subz,0.24360675549879707,0.13780505701083615,0.38365277611883636,9.999000099990002e-05,0.00029997000299970003,1.0,CHANGES,0.17034733950238645,True
level_dominant,77,global_vs_subcenter,0.2334243391111119,0.12618252951932707,0.3729049550353245,9.999000099990002e-05,0.00029997000299970003,1.0,CHANGES,0.15757835712662946,True
level_dominant,78,global_vs_premeal,0.2566648303397638,0.1732019337469174,0.39355941007443956,9.999000099990002e-05,0.00029997000299970003,1.0,CHANGES,0.25403134318928433,True
level_dominant,78,global_vs_subz,0.15893455526372408,0.09040691741363918,0.27361318951238073,9.999000099990002e-05,0.00029997000299970003,1.0,CHANGES,0.17034733950238645,True
level_dominant,78,global_vs_subcenter,0.14991636470452083,0.08191402623060133,0.2618791595886442,9.999000099990002e-05,0.00029997000299970003,1.0,CHANGES,0.15757835712662946,True
level_dominant,79,global_vs_premeal,0.2958834838710245,0.20346491338420786,0.4211338269868273,9.999000099990002e-05,0.00029997000299970003,1.0,CHANGES,0.25403134318928433,True
level_dominant,79,global_vs_subz,0.2041931124234055,0.12025192042005864,0.3137269411242081,9.999000099990002e-05,0.00029997000299970003,1.0,CHANGES,0.17034733950238645,True
level_dominant,79,global_vs_subcenter,0.18939242521508476,0.10679021380551815,0.29663956763140986,9.999000099990002e-05,0.00029997000299970003,1.0,CHANGES,0.15757835712662946,True
level_dominant,80,global_vs_premeal,0.23225116388287792,0.17704509465494417,0.31561575835582484,9.999000099990002e-05,0.00029997000299970003,1.0,CHANGES,0.25403134318928433,True
level_dominant,80,global_vs_subz,0.1384811987484015,0.0968774521905617,0.19475475704712286,9.999000099990002e-05,0.00029997000299970003,1.0,CHANGES,0.17034733950238645,True
level_dominant,80,global_vs_subcenter,0.13041491901828028,0.0898578499602846,0.18455982728238957,9.999000099990002e-05,0.00029997000299970003,1.0,CHANGES,0.15757835712662946,True
level_dominant,81,global_vs_premeal,0.2667407489848313,0.18651614058609878,0.3967335307798451,9.999000099990002e-05,0.00029997000299970003,1.0,CHANGES,0.25403134318928433,True
level_dominant,81,global_vs_subz,0.20925797187160267,0.13746017076875494,0.32532061051104366,9.999000099990002e-05,0.00029997000299970003,1.0,CHANGES,0.17034733950238645,True
level_dominant,81,global_vs_subcenter,0.20227818255261598,0.13080032403429373,0.3186496030516793,9.999000099990002e-05,0.00029997000299970003,1.0,CHANGES,0.15757835712662946,True
level_dominant,82,global_vs_premeal,0.2748923535726342,0.2107425906751254,0.3698918650341347,9.999000099990002e-05,0.00029997000299970003,1.0,CHANGES,0.25403134318928433,True
level_dominant,82,global_vs_subz,0.1779571768357615,0.12615712440449847,0.26262277279218454,9.999000099990002e-05,0.00029997000299970003,1.0,CHANGES,0.17034733950238645,True
level_dominant,82,global_vs_subcenter,0.16114598611375253,0.10608848800072661,0.24862986134029044,9.999000099990002e-05,0.00029997000299970003,1.0,CHANGES,0.15757835712662946,True
level_dominant,83,global_vs_premeal,0.38409925046909627,0.2782966198217822,0.5272212878135581,9.999000099990002e-05,0.00029997000299970003,1.0,CHANGES,0.25403134318928433,False
level_dominant,83,global_vs_subz,0.2889130166138008,0.19334523157357852,0.4151188549119749,9.999000099990002e-05,0.00029997000299970003,1.0,CHANGES,0.17034733950238645,False
level_dominant,83,global_vs_subcenter,0.2637530036710182,0.16635208971243437,0.3872131606310704,9.999000099990002e-05,0.00029997000299970003,1.0,CHANGES,0.15757835712662946,False
level_dominant,84,global_vs_premeal,0.3076422935670641,0.2185521920425908,0.4400690902093788,9.999000099990002e-05,0.00029997000299970003,1.0,CHANGES,0.25403134318928433,True
level_dominant,84,global_vs_subz,0.20389393458917163,0.11995900905009527,0.32689282025476224,9.999000099990002e-05,0.00029997000299970003,1.0,CHANGES,0.17034733950238645,True
level_dominant,84,global_vs_subcenter,0.19305110906973066,0.11066122554819911,0.3124888755536252,9.999000099990002e-05,0.00029997000299970003,1.0,CHANGES,0.15757835712662946,True
level_dominant,85,global_vs_premeal,0.2701967300503615,0.19946110562314007,0.36776674326298214,9.999000099990002e-05,0.00029997000299970003,1.0,CHANGES,0.25403134318928433,True
level_dominant,85,global_vs_subz,0.19811169522233918,0.13109123403671638,0.28497066914602104,9.999000099990002e-05,0.00029997000299970003,1.0,CHANGES,0.17034733950238645,True
level_dominant,85,global_vs_subcenter,0.18633823503227706,0.12179749586682966,0.2718918795032548,9.999000099990002e-05,0.00029997000299970003,1.0,CHANGES,0.15757835712662946,True
level_dominant,86,global_vs_premeal,0.3931488989469897,0.2871156173096195,0.5375054677714858,9.999000099990002e-05,0.00029997000299970003,1.0,CHANGES,0.25403134318928433,False
level_dominant,86,global_vs_subz,0.2719916455210795,0.17769719413176555,0.39527755230420186,9.999000099990002e-05,0.00029997000299970003,1.0,CHANGES,0.17034733950238645,False
level_dominant,86,global_vs_subcenter,0.25344618619382747,0.15561607999760604,0.37788699350699184,9.999000099990002e-05,0.00029997000299970003,1.0,CHANGES,0.15757835712662946,True
level_dominant,87,global_vs_premeal,0.27212639740816796,0.21484752925136108,0.35238889926352174,9.999000099990002e-05,0.00029997000299970003,1.0,CHANGES,0.25403134318928433,True
level_dominant,87,global_vs_subz,0.17188498464638863,0.12474253414094867,0.228369469233496,9.999000099990002e-05,0.00029997000299970003,1.0,CHANGES,0.17034733950238645,True
level_dominant,87,global_vs_subcenter,0.15446673996344484,0.1089670457919386,0.20838939278966506,9.999000099990002e-05,0.00029997000299970003,1.0,CHANGES,0.15757835712662946,True
level_dominant,88,global_vs_premeal,0.39094502369942463,0.30008241314228995,0.5068814269564432,9.999000099990002e-05,0.00029997000299970003,1.0,CHANGES,0.25403134318928433,False
level_dominant,88,global_vs_subz,0.28370324209498277,0.18499311078637176,0.3995238053214082,9.999000099990002e-05,0.00029997000299970003,1.0,CHANGES,0.17034733950238645,False
level_dominant,88,global_vs_subcenter,0.26420209346601375,0.16625715357119653,0.3786269476494116,9.999000099990002e-05,0.00029997000299970003,1.0,CHANGES,0.15757835712662946,False
level_dominant,89,global_vs_premeal,0.3705494169368517,0.2877032488229184,0.4783166121296124,9.999000099990002e-05,0.00029997000299970003,1.0,CHANGES,0.25403134318928433,False
level_dominant,89,global_vs_subz,0.24995527405267245,0.16756851038809856,0.3525729954495396,9.999000099990002e-05,0.00029997000299970003,1.0,CHANGES,0.17034733950238645,True
level_dominant,89,global_vs_subcenter,0.23188799507308688,0.1515501651257152,0.33200837567372293,9.999000099990002e-05,0.00029997000299970003,1.0,CHANGES,0.15757835712662946,True
level_dominant,90,global_vs_premeal,0.25737200004382044,0.1951722806240155,0.3489104698140216,9.999000099990002e-05,0.00029997000299970003,1.0,CHANGES,0.25403134318928433,True
level_dominant,90,global_vs_subz,0.15014197914914124,0.10285236003872958,0.2144658088808732,9.999000099990002e-05,0.00029997000299970003,1.0,CHANGES,0.17034733950238645,True
level_dominant,90,global_vs_subcenter,0.12764445441295108,0.08321260670322148,0.18811899202949514,9.999000099990002e-05,0.00029997000299970003,1.0,CHANGES,0.15757835712662946,True
level_dominant,91,global_vs_premeal,0.4126119560450142,0.33139637309428205,0.5381299274215449,9.999000099990002e-05,0.00029997000299970003,1.0,CHANGES,0.25403134318928433,False
level_dominant,91,global_vs_subz,0.2962753856594214,0.21973823204718004,0.4015336199101643,9.999000099990002e-05,0.00029997000299970003,1.0,CHANGES,0.17034733950238645,False
level_dominant,91,global_vs_subcenter,0.27391911856800605,0.19825873611875966,0.37444724599154355,9.999000099990002e-05,0.00029997000299970003,1.0,CHANGES,0.15757835712662946,False
level_dominant,92,global_vs_premeal,0.27345497015422143,0.20394133123490207,0.3678127914605713,9.999000099990002e-05,0.00029997000299970003,1.0,CHANGES,0.25403134318928433,True
level_dominant,92,global_vs_subz,0.14768009999847573,0.08800515946050791,0.23166319165367188,9.999000099990002e-05,0.00029997000299970003,1.0,CHANGES,0.17034733950238645,True
level_dominant,92,global_vs_subcenter,0.13996716645315993,0.07959452122310819,0.22536302999086635,9.999000099990002e-05,0.00029997000299970003,1.0,CHANGES,0.15757835712662946,True
level_dominant,93,global_vs_premeal,0.24632626603519242,0.16578021747253058,0.3694648322076624,9.999000099990002e-05,0.00029997000299970003,1.0,CHANGES,0.25403134318928433,True
level_dominant,93,global_vs_subz,0.1501986400662546,0.09725563422342723,0.23497506581300873,9.999000099990002e-05,0.00029997000299970003,1.0,CHANGES,0.17034733950238645,True
level_dominant,93,global_vs_subcenter,0.1410854429310222,0.08570489926188046,0.22626925895602587,9.999000099990002e-05,0.00029997000299970003,1.0,CHANGES,0.15757835712662946,True
level_dominant,94,global_vs_premeal,0.35182403265160117,0.25301890734354365,0.48756318520299996,9.999000099990002e-05,0.00029997000299970003,1.0,CHANGES,0.25403134318928433,True
level_dominant,94,global_vs_subz,0.24755567575064735,0.1622441189052382,0.36259942939662543,9.999000099990002e-05,0.00029997000299970003,1.0,CHANGES,0.17034733950238645,True
level_dominant,94,global_vs_subcenter,0.23950780183038695,0.15420397123816598,0.35310709794125394,9.999000099990002e-05,0.00029997000299970003,1.0,CHANGES,0.15757835712662946,True
level_dominant,95,global_vs_premeal,0.24002039893344254,0.182557648707703,0.32280868509280014,9.999000099990002e-05,0.00029997000299970003,1.0,CHANGES,0.25403134318928433,True
level_dominant,95,global_vs_subz,0.170380797767453,0.11910673655281784,0.24034453069360218,9.999000099990002e-05,0.00029997000299970003,1.0,CHANGES,0.17034733950238645,True
level_dominant,95,global_vs_subcenter,0.15926253894248382,0.10818692899442735,0.22982168880587805,9.999000099990002e-05,0.00029997000299970003,1.0,CHANGES,0.15757835712662946,True
level_dominant,96,global_vs_premeal,0.2457607648637286,0.17127715010160136,0.3469435929574956,9.999000099990002e-05,0.00029997000299970003,1.0,CHANGES,0.25403134318928433,True
level_dominant,96,global_vs_subz,0.18113599483968082,0.10880432203575358,0.2781764022193004,9.999000099990002e-05,0.00029997000299970003,1.0,CHANGES,0.17034733950238645,True
level_dominant,96,global_vs_subcenter,0.16772754990728084,0.1001273258461057,0.2586669098511023,9.999000099990002e-05,0.00029997000299970003,1.0,CHANGES,0.15757835712662946,True
level_dominant,97,global_vs_premeal,0.35728025407973374,0.2724814873681898,0.48674100248651503,9.999000099990002e-05,0.00029997000299970003,1.0,CHANGES,0.25403134318928433,False
level_dominant,97,global_vs_subz,0.2769942404546567,0.18971202822752478,0.3916699736469731,9.999000099990002e-05,0.00029997000299970003,1.0,CHANGES,0.17034733950238645,False
level_dominant,97,global_vs_subcenter,0.24426372866473492,0.15611199263296732,0.35438711236126336,9.999000099990002e-05,0.00029997000299970003,1.0,CHANGES,0.15757835712662946,True
level_dominant,98,global_vs_premeal,0.2735451315429433,0.20312553140260434,0.3592278499639751,9.999000099990002e-05,0.00029997000299970003,1.0,CHANGES,0.25403134318928433,True
level_dominant,98,global_vs_subz,0.17442269535252444,0.109546425028614,0.24847328044460473,9.999000099990002e-05,0.00029997000299970003,1.0,CHANGES,0.17034733950238645,True
level_dominant,98,global_vs_subcenter,0.1553701095048483,0.09266594457217205,0.22649083167732015,9.999000099990002e-05,0.00029997000299970003,1.0,CHANGES,0.15757835712662946,True
level_dominant,99,global_vs_premeal,0.26111187627457333,0.18946826209969478,0.35737820357760913,9.999000099990002e-05,0.00029997000299970003,1.0,CHANGES,0.25403134318928433,True
level_dominant,99,global_vs_subz,0.19391427480058893,0.12487945001478826,0.28446192657422315,9.999000099990002e-05,0.00029997000299970003,1.0,CHANGES,0.17034733950238645,True
level_dominant,99,global_vs_subcenter,0.17449396745488574,0.10606029509020735,0.25994863536697854,9.999000099990002e-05,0.00029997000299970003,1.0,CHANGES,0.15757835712662946,True
level_dominant,100,global_vs_premeal,0.2972215933956596,0.21491752054436516,0.4329187363280089,9.999000099990002e-05,0.00029997000299970003,1.0,CHANGES,0.25403134318928433,True
level_dominant,100,global_vs_subz,0.19717105348246947,0.13008424869120655,0.30363234223341207,9.999000099990002e-05,0.00029997000299970003,1.0,CHANGES,0.17034733950238645,True
level_dominant,100,global_vs_subcenter,0.18592912920829946,0.11870765261627786,0.29241916957245506,9.999000099990002e-05,0.00029997000299970003,1.0,CHANGES,0.15757835712662946,True
level_dominant,101,global_vs_premeal,0.3717041127745242,0.2772010521321304,0.5238340160059086,9.999000099990002e-05,0.00029997000299970003,1.0,CHANGES,0.25403134318928433,False
level_dominant,101,global_vs_subz,0.2410963663367756,0.15369117194546145,0.3718690022808335,9.999000099990002e-05,0.00029997000299970003,1.0,CHANGES,0.17034733950238645,True
level_dominant,101,global_vs_subcenter,0.23572070377731813,0.148338275514531,0.3644800364363668,9.999000099990002e-05,0.00029997000299970003,1.0,CHANGES,0.15757835712662946,True
level_dominant,102,global_vs_premeal,0.22874532915403564,0.17313986814026697,0.3037107439037035,9.999000099990002e-05,0.00029997000299970003,1.0,CHANGES,0.25403134318928433,True
level_dominant,102,global_vs_subz,0.1342018513583598,0.07225940643695646,0.21238171066382616,9.999000099990002e-05,0.00029997000299970003,1.0,CHANGES,0.17034733950238645,True
level_dominant,102,global_vs_subcenter,0.12204702857657032,0.06328126515792107,0.19667621034342203,9.999000099990002e-05,0.00029997000299970003,1.0,CHANGES,0.15757835712662946,True
level_dominant,103,global_vs_premeal,0.32783470311794566,0.22214533452867147,0.47615878019904107,9.999000099990002e-05,0.00029997000299970003,1.0,CHANGES,0.25403134318928433,True
level_dominant,103,global_vs_subz,0.2555218520134875,0.15642401118081264,0.3873007953190367,9.999000099990002e-05,0.00029997000299970003,1.0,CHANGES,0.17034733950238645,True
level_dominant,103,global_vs_subcenter,0.23503865187847905,0.14094807652194394,0.36147567196359814,9.999000099990002e-05,0.00029997000299970003,1.0,CHANGES,0.15757835712662946,True
level_dominant,104,global_vs_premeal,0.2685005637902812,0.1821152627829498,0.39232533925199115,9.999000099990002e-05,0.00029997000299970003,1.0,CHANGES,0.25403134318928433,True
level_dominant,104,global_vs_subz,0.18143970005562923,0.11323762615350631,0.2857770499269132,9.999000099990002e-05,0.00029997000299970003,1.0,CHANGES,0.17034733950238645,True
level_dominant,104,global_vs_subcenter,0.16839020413924408,0.1038423491831704,0.268776542012947,9.999000099990002e-05,0.00029997000299970003,1.0,CHANGES,0.15757835712662946,True
level_dominant,105,global_vs_premeal,0.3736627419554174,0.2655437064770596,0.5241619172687686,9.999000099990002e-05,0.00029997000299970003,1.0,CHANGES,0.25403134318928433,False
level_dominant,105,global_vs_subz,0.2846399156150455,0.18286873575356583,0.4195972747792612,9.999000099990002e-05,0.00029997000299970003,1.0,CHANGES,0.17034733950238645,False
level_dominant,105,global_vs_subcenter,0.26381464693867596,0.1643238731976103,0.39276565907833816,9.999000099990002e-05,0.00029997000299970003,1.0,CHANGES,0.15757835712662946,False
level_dominant,106,global_vs_premeal,0.28834633966123574,0.21466954642530983,0.3934509965367115,9.999000099990002e-05,0.00029997000299970003,1.0,CHANGES,0.25403134318928433,True
level_dominant,106,global_vs_subz,0.20797875481876343,0.13974887374416128,0.3045067681660963,9.999000099990002e-05,0.00029997000299970003,1.0,CHANGES,0.17034733950238645,True
level_dominant,106,global_vs_subcenter,0.19432753016875146,0.12685791609741687,0.2873952853425238,9.999000099990002e-05,0.00029997000299970003,1.0,CHANGES,0.15757835712662946,True
level_dominant,107,global_vs_premeal,0.36246408067103775,0.27649816442168185,0.4766168389293404,9.999000099990002e-05,0.00029997000299970003,1.0,CHANGES,0.25403134318928433,False
level_dominant,107,global_vs_subz,0.2502300398593029,0.17015569538655467,0.3498439281362328,9.999000099990002e-05,0.00029997000299970003,1.0,CHANGES,0.17034733950238645,True
level_dominant,107,global_vs_subcenter,0.24156656837050514,0.16259320422654808,0.3378451600943878,9.999000099990002e-05,0.00029997000299970003,1.0,CHANGES,0.15757835712662946,False
level_dominant,108,global_vs_premeal,0.2727106859493732,0.22266068659754643,0.3365139649070255,9.999000099990002e-05,0.00029997000299970003,1.0,CHANGES,0.25403134318928433,True
level_dominant,108,global_vs_subz,0.18453747469493442,0.13247604644536404,0.24910891688103573,9.999000099990002e-05,0.00029997000299970003,1.0,CHANGES,0.17034733950238645,True
level_dominant,108,global_vs_subcenter,0.16278732216693265,0.1081855857060251,0.22464772035991754,9.999000099990002e-05,0.00029997000299970003,1.0,CHANGES,0.15757835712662946,True
level_dominant,109,global_vs_premeal,0.2891719208848822,0.21191129857248164,0.40219955439984223,9.999000099990002e-05,0.00029997000299970003,1.0,CHANGES,0.25403134318928433,True
level_dominant,109,global_vs_subz,0.21318231163200405,0.14107514305535226,0.3091391415246578,9.999000099990002e-05,0.00029997000299970003,1.0,CHANGES,0.17034733950238645,True
level_dominant,109,global_vs_subcenter,0.20519404269740293,0.13335991612729767,0.2999345621071837,9.999000099990002e-05,0.00029997000299970003,1.0,CHANGES,0.15757835712662946,True
level_dominant,110,global_vs_premeal,0.31765889353388843,0.2484242311140634,0.41887580437519023,9.999000099990002e-05,0.00029997000299970003,1.0,CHANGES,0.25403134318928433,True
level_dominant,110,global_vs_subz,0.22264627071069173,0.15725777078665323,0.30887926006308325,9.999000099990002e-05,0.00029997000299970003,1.0,CHANGES,0.17034733950238645,True
level_dominant,110,global_vs_subcenter,0.20392460482779903,0.13553716878102984,0.29278328456791813,9.999000099990002e-05,0.00029997000299970003,1.0,CHANGES,0.15757835712662946,True
level_dominant,111,global_vs_premeal,0.29465676643057137,0.21029633638945078,0.4165851229494027,9.999000099990002e-05,0.00029997000299970003,1.0,CHANGES,0.25403134318928433,True
level_dominant,111,global_vs_subz,0.22106553310309096,0.13705276201822253,0.3408636983774154,9.999000099990002e-05,0.00029997000299970003,1.0,CHANGES,0.17034733950238645,True
level_dominant,111,global_vs_subcenter,0.20273518018593012,0.1210609455017097,0.32017228779788537,9.999000099990002e-05,0.00029997000299970003,1.0,CHANGES,0.15757835712662946,True
level_dominant,112,global_vs_premeal,0.30974203866704964,0.2355611740317345,0.41543017608788757,9.999000099990002e-05,0.00029997000299970003,1.0,CHANGES,0.25403134318928433,True
level_dominant,112,global_vs_subz,0.21853905123027637,0.14909330487295686,0.31192064451096757,9.999000099990002e-05,0.00029997000299970003,1.0,CHANGES,0.17034733950238645,True
level_dominant,112,global_vs_subcenter,0.20632571725884796,0.13853375757398806,0.2988125714013725,9.999000099990002e-05,0.00029997000299970003,1.0,CHANGES,0.15757835712662946,True
level_dominant,113,global_vs_premeal,0.23328124031022446,0.1662550651747123,0.32487065141475335,9.999000099990002e-05,0.00029997000299970003,1.0,CHANGES,0.25403134318928433,True
level_dominant,113,global_vs_subz,0.12083831146520194,0.07465788150585562,0.18198427392490618,9.999000099990002e-05,0.00029997000299970003,1.0,CHANGES,0.17034733950238645,True
level_dominant,113,global_vs_subcenter,0.10933440725488379,0.06537969278822998,0.16761382235959787,9.999000099990002e-05,0.00029997000299970003,1.0,CHANGES,0.15757835712662946,True
level_dominant,114,global_vs_premeal,0.29575979718926654,0.24336967541441057,0.36643011005300263,9.999000099990002e-05,0.00029997000299970003,1.0,CHANGES,0.25403134318928433,True
level_dominant,114,global_vs_subz,0.2014846048236555,0.14426129405117824,0.2638113592330935,9.999000099990002e-05,0.00029997000299970003,1.0,CHANGES,0.17034733950238645,True
level_dominant,114,global_vs_subcenter,0.18839529905240945,0.1278609983447383,0.2503777893508776,9.999000099990002e-05,0.00029997000299970003,1.0,CHANGES,0.15757835712662946,True
level_dominant,115,global_vs_premeal,0.4340206419646966,0.31339756117504114,0.6149196799346937,9.999000099990002e-05,0.00029997000299970003,1.0,CHANGES,0.25403134318928433,False
level_dominant,115,global_vs_subz,0.32826049445339,0.2119246426006976,0.4928664959179062,9.999000099990002e-05,0.00029997000299970003,1.0,CHANGES,0.17034733950238645,False
level_dominant,115,global_vs_subcenter,0.3160493799019524,0.19981321122731327,0.4801097476031567,9.999000099990002e-05,0.00029997000299970003,1.0,CHANGES,0.15757835712662946,False
level_dominant,116,global_vs_premeal,0.25104199088909546,0.18710707501431054,0.3464292576849835,9.999000099990002e-05,0.00029997000299970003,1.0,CHANGES,0.25403134318928433,True
level_dominant,116,global_vs_subz,0.1505951884312768,0.09134752376483724,0.23788662372920286,9.999000099990002e-05,0.00029997000299970003,1.0,CHANGES,0.17034733950238645,True
level_dominant,116,global_vs_subcenter,0.1335575199164347,0.07735218450499831,0.2169070646027144,9.999000099990002e-05,0.00029997000299970003,1.0,CHANGES,0.15757835712662946,True
level_dominant,117,global_vs_premeal,0.3216524319880215,0.24287837909407578,0.4336456457628674,9.999000099990002e-05,0.00029997000299970003,1.0,CHANGES,0.25403134318928433,True
level_dominant,117,global_vs_subz,0.26330126530547215,0.18644733930715987,0.36460944082486924,9.999000099990002e-05,0.00029997000299970003,1.0,CHANGES,0.17034733950238645,False
level_dominant,117,global_vs_subcenter,0.24900478412889995,0.17259551714215027,0.3495987424455277,9.999000099990002e-05,0.00029997000299970003,1.0,CHANGES,0.15757835712662946,False
level_dominant,118,global_vs_premeal,0.20280085946908114,0.14594891004604263,0.28849395722510995,9.999000099990002e-05,0.00029997000299970003,1.0,CHANGES,0.25403134318928433,True
level_dominant,118,global_vs_subz,0.14007808859144236,0.08869645695370781,0.21773185462648595,9.999000099990002e-05,0.00029997000299970003,1.0,CHANGES,0.17034733950238645,True
level_dominant,118,global_vs_subcenter,0.12745922885759603,0.07654322374268617,0.20277175081536436,9.999000099990002e-05,0.00029997000299970003,1.0,CHANGES,0.15757835712662946,True
level_dominant,119,global_vs_premeal,0.5005815269233214,0.4072110922162947,0.6265380477728624,9.999000099990002e-05,0.00029997000299970003,1.0,CHANGES,0.25403134318928433,False
level_dominant,119,global_vs_subz,0.36981071053024606,0.27670719092648244,0.4910732908723498,9.999000099990002e-05,0.00029997000299970003,1.0,CHANGES,0.17034733950238645,False
level_dominant,119,global_vs_subcenter,0.3560941681751827,0.26154550134151133,0.47706075347237903,9.999000099990002e-05,0.00029997000299970003,1.0,CHANGES,0.15757835712662946,False
level_dominant,120,global_vs_premeal,0.23114236410027741,0.1677082642302252,0.32849824701557706,9.999000099990002e-05,0.00029997000299970003,1.0,CHANGES,0.25403134318928433,True
level_dominant,120,global_vs_subz,0.1442939260951284,0.09290369649761988,0.2225285399289398,9.999000099990002e-05,0.00029997000299970003,1.0,CHANGES,0.17034733950238645,True
level_dominant,120,global_vs_subcenter,0.12619644457343093,0.07787580895266712,0.1980764873852806,9.999000099990002e-05,0.00029997000299970003,1.0,CHANGES,0.15757835712662946,True
level_dominant,121,global_vs_premeal,0.3341471424079819,0.24067718423438297,0.46638394015881024,9.999000099990002e-05,0.00029997000299970003,1.0,CHANGES,0.25403134318928433,True
level_dominant,121,global_vs_subz,0.2623142671841937,0.171231377630505,0.391263125218649,9.999000099990002e-05,0.00029997000299970003,1.0,CHANGES,0.17034733950238645,False
level_dominant,121,global_vs_subcenter,0.2499731860303128,0.16330234355823584,0.37195744706277745,9.999000099990002e-05,0.00029997000299970003,1.0,CHANGES,0.15757835712662946,False
level_dominant,122,global_vs_premeal,0.2733319429495073,0.19862257418627893,0.3756018792620797,9.999000099990002e-05,0.00029997000299970003,1.0,CHANGES,0.25403134318928433,True
level_dominant,122,global_vs_subz,0.20401577877467858,0.12744107241453512,0.30037874230484923,9.999000099990002e-05,0.00029997000299970003,1.0,CHANGES,0.17034733950238645,True
level_dominant,122,global_vs_subcenter,0.19930520235384885,0.12349427843183515,0.2943209720891941,9.999000099990002e-05,0.00029997000299970003,1.0,CHANGES,0.15757835712662946,True
level_dominant,123,global_vs_premeal,0.38511537914041144,0.27015417768726435,0.5529954281836823,9.999000099990002e-05,0.00029997000299970003,1.0,CHANGES,0.25403134318928433,False
level_dominant,123,global_vs_subz,0.28882446261280753,0.19006774693550701,0.44211590061329503,9.999000099990002e-05,0.00029997000299970003,1.0,CHANGES,0.17034733950238645,False
level_dominant,123,global_vs_subcenter,0.26624919295734717,0.16783347882331784,0.4145444175150947,9.999000099990002e-05,0.00029997000299970003,1.0,CHANGES,0.15757835712662946,False
level_dominant,124,global_vs_premeal,0.29562130779996304,0.21645477964849894,0.4122697346051189,9.999000099990002e-05,0.00029997000299970003,1.0,CHANGES,0.25403134318928433,True
level_dominant,124,global_vs_subz,0.20097868291773127,0.13370577818834142,0.29493967692450185,9.999000099990002e-05,0.00029997000299970003,1.0,CHANGES,0.17034733950238645,True
level_dominant,124,global_vs_subcenter,0.18706148955921537,0.11999167898097385,0.2787791338456125,9.999000099990002e-05,0.00029997000299970003,1.0,CHANGES,0.15757835712662946,True
level_dominant,125,global_vs_premeal,0.30024799560345417,0.2186707306744686,0.4146706643132481,9.999000099990002e-05,0.00029997000299970003,1.0,CHANGES,0.25403134318928433,True
level_dominant,125,global_vs_subz,0.16388782200017313,0.10153703643725302,0.2503022763415558,9.999000099990002e-05,0.00029997000299970003,1.0,CHANGES,0.17034733950238645,True
level_dominant,125,global_vs_subcenter,0.1517999212065929,0.08830166643677224,0.2373569486051452,9.999000099990002e-05,0.00029997000299970003,1.0,CHANGES,0.15757835712662946,True
level_dominant,126,global_vs_premeal,0.3564440461852061,0.2698742488803326,0.4641766362456214,9.999000099990002e-05,0.00029997000299970003,1.0,CHANGES,0.25403134318928433,False
level_dominant,126,global_vs_subz,0.27151654443871803,0.18761964286587218,0.37267151295302503,9.999000099990002e-05,0.00029997000299970003,1.0,CHANGES,0.17034733950238645,False
level_dominant,126,global_vs_subcenter,0.25308524481836425,0.16721097164179444,0.35495694025920377,9.999000099990002e-05,0.00029997000299970003,1.0,CHANGES,0.15757835712662946,False
level_dominant,127,global_vs_premeal,0.41273597481645075,0.2916564182389421,0.5948484041919714,9.999000099990002e-05,0.00029997000299970003,1.0,CHANGES,0.25403134318928433,False
level_dominant,127,global_vs_subz,0.3301471586615073,0.21005413346852359,0.5046720154667573,9.999000099990002e-05,0.00029997000299970003,1.0,CHANGES,0.17034733950238645,False
level_dominant,127,global_vs_subcenter,0.31148828832616143,0.19533703826226134,0.48188923696120106,9.999000099990002e-05,0.00029997000299970003,1.0,CHANGES,0.15757835712662946,False
level_dominant,128,global_vs_premeal,0.3042986139736904,0.2141571113247719,0.419594989718595,9.999000099990002e-05,0.00029997000299970003,1.0,CHANGES,0.25403134318928433,True
level_dominant,128,global_vs_subz,0.21654542828227344,0.14240488752177233,0.3135924344364,9.999000099990002e-05,0.00029997000299970003,1.0,CHANGES,0.17034733950238645,True
level_dominant,128,global_vs_subcenter,0.2001163269125681,0.12866620994603178,0.2935577806253662,9.999000099990002e-05,0.00029997000299970003,1.0,CHANGES,0.15757835712662946,True
level_dominant,129,global_vs_premeal,0.33702045774094624,0.25921302014884356,0.43947727345080867,9.999000099990002e-05,0.00029997000299970003,1.0,CHANGES,0.25403134318928433,False
level_dominant,129,global_vs_subz,0.24486754303396316,0.16840245646066412,0.3377082262535793,9.999000099990002e-05,0.00029997000299970003,1.0,CHANGES,0.17034733950238645,True
level_dominant,129,global_vs_subcenter,0.23482294180049582,0.1566199897576019,0.3291668420764208,9.999000099990002e-05,0.00029997000299970003,1.0,CHANGES,0.15757835712662946,True
level_dominant,130,global_vs_premeal,0.27592893431065035,0.191002724525576,0.4014603596440699,9.999000099990002e-05,0.00029997000299970003,1.0,CHANGES,0.25403134318928433,True
level_dominant,130,global_vs_subz,0.16829270931900794,0.09094436363517487,0.2774920185060733,9.999000099990002e-05,0.00029997000299970003,1.0,CHANGES,0.17034733950238645,True
level_dominant,130,global_vs_subcenter,0.16017027029918485,0.08246394366457928,0.26972743693687495,9.999000099990002e-05,0.00029997000299970003,1.0,CHANGES,0.15757835712662946,True
level_dominant,131,global_vs_premeal,0.32025255765173805,0.24998363015707345,0.40921191493156495,9.999000099990002e-05,0.00029997000299970003,1.0,CHANGES,0.25403134318928433,True
level_dominant,131,global_vs_subz,0.2074115869361088,0.13377280882695802,0.2882488314021432,9.999000099990002e-05,0.00029997000299970003,1.0,CHANGES,0.17034733950238645,True
level_dominant,131,global_vs_subcenter,0.19726436795708013,0.12533973648256408,0.2787676089985465,9.999000099990002e-05,0.00029997000299970003,1.0,CHANGES,0.15757835712662946,True
level_dominant,132,global_vs_premeal,0.3279178240471202,0.23168937553135813,0.44901747845304646,9.999000099990002e-05,0.00029997000299970003,1.0,CHANGES,0.25403134318928433,True
level_dominant,132,global_vs_subz,0.2279541918325678,0.12837740989390733,0.34967627026998854,9.999000099990002e-05,0.00029997000299970003,1.0,CHANGES,0.17034733950238645,True
level_dominant,132,global_vs_subcenter,0.21010446496931887,0.11282544773187324,0.33047986259625994,9.999000099990002e-05,0.00029997000299970003,1.0,CHANGES,0.15757835712662946,True
level_dominant,133,global_vs_premeal,0.24708073665158997,0.1821742641383875,0.3379460950510132,9.999000099990002e-05,0.00029997000299970003,1.0,CHANGES,0.25403134318928433,True
level_dominant,133,global_vs_subz,0.182651312578925,0.12249493576717763,0.2632097099544767,9.999000099990002e-05,0.00029997000299970003,1.0,CHANGES,0.17034733950238645,True
level_dominant,133,global_vs_subcenter,0.1694581468957083,0.11005823417265646,0.2518172993328097,9.999000099990002e-05,0.00029997000299970003,1.0,CHANGES,0.15757835712662946,True
level_dominant,134,global_vs_premeal,0.30698182735262985,0.2260991671600921,0.4355338091792296,9.999000099990002e-05,0.00029997000299970003,1.0,CHANGES,0.25403134318928433,True
level_dominant,134,global_vs_subz,0.22454116621230297,0.1507813064855259,0.33608897608077204,9.999000099990002e-05,0.00029997000299970003,1.0,CHANGES,0.17034733950238645,True
level_dominant,134,global_vs_subcenter,0.2114442961748568,0.13696258574868253,0.3227845536996524,9.999000099990002e-05,0.00029997000299970003,1.0,CHANGES,0.15757835712662946,True
level_dominant,135,global_vs_premeal,0.26489239025302913,0.19555513738360625,0.3512980110258819,9.999000099990002e-05,0.00029997000299970003,1.0,CHANGES,0.25403134318928433,True
level_dominant,135,global_vs_subz,0.17983577985732177,0.11098203777177615,0.2540002042492927,9.999000099990002e-05,0.00029997000299970003,1.0,CHANGES,0.17034733950238645,True
level_dominant,135,global_vs_subcenter,0.16476437936288102,0.09908477929265126,0.23745509474004217,9.999000099990002e-05,0.00029997000299970003,1.0,CHANGES,0.15757835712662946,True
level_dominant,136,global_vs_premeal,0.26388867140522365,0.18490613078895476,0.3714108047634481,9.999000099990002e-05,0.00029997000299970003,1.0,CHANGES,0.25403134318928433,True
level_dominant,136,global_vs_subz,0.14665396938558337,0.0876281693788121,0.22769366535688515,9.999000099990002e-05,0.00029997000299970003,1.0,CHANGES,0.17034733950238645,True
level_dominant,136,global_vs_subcenter,0.13451970390352616,0.07491834605317563,0.21227301484379324,9.999000099990002e-05,0.00029997000299970003,1.0,CHANGES,0.15757835712662946,True
level_dominant,137,global_vs_premeal,0.30950618506446825,0.23498772870576198,0.40816198628514133,9.999000099990002e-05,0.00029997000299970003,1.0,CHANGES,0.25403134318928433,True
level_dominant,137,global_vs_subz,0.20683357285330542,0.1431983877093884,0.2865480651127372,9.999000099990002e-05,0.00029997000299970003,1.0,CHANGES,0.17034733950238645,True
level_dominant,137,global_vs_subcenter,0.1762099169122259,0.11675927896826635,0.24927543911852598,9.999000099990002e-05,0.00029997000299970003,1.0,CHANGES,0.15757835712662946,True
level_dominant,138,global_vs_premeal,0.2937950912775957,0.18226540729837737,0.4436030730515323,9.999000099990002e-05,0.00029997000299970003,1.0,CHANGES,0.25403134318928433,True
level_dominant,138,global_vs_subz,0.22769440558850057,0.12565488070134453,0.36696552173576846,9.999000099990002e-05,0.00029997000299970003,1.0,CHANGES,0.17034733950238645,True
level_dominant,138,global_vs_subcenter,0.21528779549607985,0.11218901600098112,0.3558337451304447,9.999000099990002e-05,0.00029997000299970003,1.0,CHANGES,0.15757835712662946,True
level_dominant,139,global_vs_premeal,0.23518195878861026,0.17285325119319142,0.32785592484418896,9.999000099990002e-05,0.00029997000299970003,1.0,CHANGES,0.25403134318928433,True
level_dominant,139,global_vs_subz,0.1546255299937033,0.09444834556607332,0.23435918297627192,9.999000099990002e-05,0.00029997000299970003,1.0,CHANGES,0.17034733950238645,True
level_dominant,139,global_vs_subcenter,0.1419730083209919,0.08105217071060096,0.22010523374294597,9.999000099990002e-05,0.00029997000299970003,1.0,CHANGES,0.15757835712662946,True
level_dominant,140,global_vs_premeal,0.31761263538635737,0.24322183403340555,0.4108221631273808,9.999000099990002e-05,0.00029997000299970003,1.0,CHANGES,0.25403134318928433,True
level_dominant,140,global_vs_subz,0.2354968360911113,0.1695628350025576,0.31589024797977244,9.999000099990002e-05,0.00029997000299970003,1.0,CHANGES,0.17034733950238645,True
level_dominant,140,global_vs_subcenter,0.2058766921345122,0.13935032013390494,0.2863032546998118,9.999000099990002e-05,0.00029997000299970003,1.0,CHANGES,0.15757835712662946,True
level_dominant,141,global_vs_premeal,0.3167625804024764,0.2482668078851868,0.4107489797270007,9.999000099990002e-05,0.00029997000299970003,1.0,CHANGES,0.25403134318928433,True
level_dominant,141,global_vs_subz,0.20439702319797484,0.1396200902534453,0.2836902449108388,9.999000099990002e-05,0.00029997000299970003,1.0,CHANGES,0.17034733950238645,True
level_dominant,141,global_vs_subcenter,0.2039747281806789,0.13754199514194715,0.2852991059192776,9.999000099990002e-05,0.00029997000299970003,1.0,CHANGES,0.15757835712662946,True
level_dominant,142,global_vs_premeal,0.30176544988908044,0.20803547833048372,0.45626884397580314,9.999000099990002e-05,0.00029997000299970003,1.0,CHANGES,0.25403134318928433,True
level_dominant,142,global_vs_subz,0.21458995255564678,0.1330532906844344,0.34680926092267744,9.999000099990002e-05,0.00029997000299970003,1.0,CHANGES,0.17034733950238645,True
level_dominant,142,global_vs_subcenter,0.19745573782806863,0.11979102610168688,0.3231327620435293,9.999000099990002e-05,0.00029997000299970003,1.0,CHANGES,0.15757835712662946,True
level_dominant,143,global_vs_premeal,0.2417680572787813,0.17474187238029207,0.34812114124757315,9.999000099990002e-05,0.00029997000299970003,1.0,CHANGES,0.25403134318928433,True
level_dominant,143,global_vs_subz,0.16899892197799654,0.11434098913558192,0.2504113405582028,9.999000099990002e-05,0.00029997000299970003,1.0,CHANGES,0.17034733950238645,True
level_dominant,143,global_vs_subcenter,0.16252674237226583,0.10811254774606119,0.2415584061632342,9.999000099990002e-05,0.00029997000299970003,1.0,CHANGES,0.15757835712662946,True
level_dominant,144,global_vs_premeal,0.4056859798109081,0.294436694624464,0.543810665426411,9.999000099990002e-05,0.00029997000299970003,1.0,CHANGES,0.25403134318928433,False
level_dominant,144,global_vs_subz,0.3297040206609012,0.20735873527065368,0.4697705230550447,9.999000099990002e-05,0.00029997000299970003,1.0,CHANGES,0.17034733950238645,False
level_dominant,144,global_vs_subcenter,0.31654430936558137,0.19633321627642233,0.4519256933046376,9.999000099990002e-05,0.00029997000299970003,1.0,CHANGES,0.15757835712662946,False
level_dominant,145,global_vs_premeal,0.26195278977756514,0.18009303687281764,0.38276948476918277,9.999000099990002e-05,0.00029997000299970003,1.0,CHANGES,0.25403134318928433,True
level_dominant,145,global_vs_subz,0.19434934767226314,0.11808727575742631,0.3059315185046,9.999000099990002e-05,0.00029997000299970003,1.0,CHANGES,0.17034733950238645,True
level_dominant,145,global_vs_subcenter,0.17983831484383914,0.10609885741007848,0.2882612181496198,9.999000099990002e-05,0.00029997000299970003,1.0,CHANGES,0.15757835712662946,True
level_dominant,146,global_vs_premeal,0.25365098268650255,0.1886865826817971,0.3451448265668299,9.999000099990002e-05,0.00029997000299970003,1.0,CHANGES,0.25403134318928433,True
level_dominant,146,global_vs_subz,0.189485399870977,0.12807107295169268,0.2716314335609688,9.999000099990002e-05,0.00029997000299970003,1.0,CHANGES,0.17034733950238645,True
level_dominant,146,global_vs_subcenter,0.166142795901396,0.10498080431134942,0.2466364689522246,9.999000099990002e-05,0.00029997000299970003,1.0,CHANGES,0.15757835712662946,True
level_dominant,147,global_vs_premeal,0.3753764701198116,0.2703781174246707,0.5163612935561324,9.999000099990002e-05,0.00029997000299970003,1.0,CHANGES,0.25403134318928433,False
level_dominant,147,global_vs_subz,0.26703927975660646,0.15743490012477887,0.4022848448093972,9.999000099990002e-05,0.00029997000299970003,1.0,CHANGES,0.17034733950238645,True
level_dominant,147,global_vs_subcenter,0.2595095752844453,0.1480861494204061,0.3955184085632627,9.999000099990002e-05,0.00029997000299970003,1.0,CHANGES,0.15757835712662946,True
level_dominant,148,global_vs_premeal,0.39214845991945324,0.27524744335501516,0.5518172352472288,9.999000099990002e-05,0.00029997000299970003,1.0,CHANGES,0.25403134318928433,False
level_dominant,148,global_vs_subz,0.30711416902473915,0.19111401836767725,0.4631095867576339,9.999000099990002e-05,0.00029997000299970003,1.0,CHANGES,0.17034733950238645,False
level_dominant,148,global_vs_subcenter,0.2938308341384831,0.17944734837114223,0.4442350998697483,9.999000099990002e-05,0.00029997000299970003,1.0,CHANGES,0.15757835712662946,False
level_dominant,149,global_vs_premeal,0.3238844292115023,0.2525516011197075,0.4153841380051351,9.999000099990002e-05,0.00029997000299970003,1.0,CHANGES,0.25403134318928433,True
level_dominant,149,global_vs_subz,0.22835274382616136,0.15722791441447034,0.31297797716158454,9.999000099990002e-05,0.00029997000299970003,1.0,CHANGES,0.17034733950238645,True
level_dominant,149,global_vs_subcenter,0.21145469062764474,0.14100580414011873,0.293558008894325,9.999000099990002e-05,0.00029997000299970003,1.0,CHANGES,0.15757835712662946,True
level_dominant,150,global_vs_premeal,0.25621325867081524,0.19818670621883552,0.35760361726960394,9.999000099990002e-05,0.00029997000299970003,1.0,CHANGES,0.25403134318928433,True
level_dominant,150,global_vs_subz,0.17628124561366088,0.12428575895683763,0.25735015607276424,9.999000099990002e-05,0.00029997000299970003,1.0,CHANGES,0.17034733950238645,True
level_dominant,150,global_vs_subcenter,0.16449271135816096,0.11524215835861348,0.2378796469611705,9.999000099990002e-05,0.00029997000299970003,1.0,CHANGES,0.15757835712662946,True
level_dominant,151,global_vs_premeal,0.2892867179256903,0.20226404371977183,0.41272691047834265,9.999000099990002e-05,0.00029997000299970003,1.0,CHANGES,0.25403134318928433,True
level_dominant,151,global_vs_subz,0.19901532889669843,0.12659481248095875,0.2923191805931692,9.999000099990002e-05,0.00029997000299970003,1.0,CHANGES,0.17034733950238645,True
level_dominant,151,global_vs_subcenter,0.18963160802562162,0.1186564881987033,0.282819820100885,9.999000099990002e-05,0.00029997000299970003,1.0,CHANGES,0.15757835712662946,True
level_dominant,152,global_vs_premeal,0.2676902407196502,0.20591385287445096,0.3607509972020295,9.999000099990002e-05,0.00029997000299970003,1.0,CHANGES,0.25403134318928433,True
level_dominant,152,global_vs_subz,0.19561863281137296,0.13537540405029963,0.27157652256084314,9.999000099990002e-05,0.00029997000299970003,1.0,CHANGES,0.17034733950238645,True
level_dominant,152,global_vs_subcenter,0.18518048357872935,0.12597428433340077,0.25944049585144063,9.999000099990002e-05,0.00029997000299970003,1.0,CHANGES,0.15757835712662946,True
level_dominant,153,global_vs_premeal,0.2886767651676479,0.21697996800064603,0.40118634279385534,9.999000099990002e-05,0.00029997000299970003,1.0,CHANGES,0.25403134318928433,True
level_dominant,153,global_vs_subz,0.20779458768051845,0.14826509229897927,0.30043213241537153,9.999000099990002e-05,0.00029997000299970003,1.0,CHANGES,0.17034733950238645,True
level_dominant,153,global_vs_subcenter,0.19469651235760557,0.13266331576957924,0.2866992377905285,9.999000099990002e-05,0.00029997000299970003,1.0,CHANGES,0.15757835712662946,True
level_dominant,154,global_vs_premeal,0.2864470295139342,0.1964696329584973,0.41102620567375747,9.999000099990002e-05,0.00029997000299970003,1.0,CHANGES,0.25403134318928433,True
level_dominant,154,global_vs_subz,0.20245780404057456,0.11554903425664263,0.3210026880828283,9.999000099990002e-05,0.00029997000299970003,1.0,CHANGES,0.17034733950238645,True
level_dominant,154,global_vs_subcenter,0.1949134614869068,0.11049240955558343,0.3121398830257719,9.999000099990002e-05,0.00029997000299970003,1.0,CHANGES,0.15757835712662946,True
level_dominant,155,global_vs_premeal,0.3895096580378521,0.23969319746715084,0.6614796204420477,9.999000099990002e-05,0.00029997000299970003,1.0,CHANGES,0.25403134318928433,True
level_dominant,155,global_vs_subz,0.32603652956513623,0.17542996626679808,0.6004835135769753,9.999000099990002e-05,0.00029997000299970003,1.0,CHANGES,0.17034733950238645,False
level_dominant,155,global_vs_subcenter,0.3140967997413174,0.16638620760021136,0.5811868533779432,9.999000099990002e-05,0.00029997000299970003,1.0,CHANGES,0.15757835712662946,False
level_dominant,156,global_vs_premeal,0.2773586520679393,0.21416890763464919,0.365107757095909,9.999000099990002e-05,0.00029997000299970003,1.0,CHANGES,0.25403134318928433,True
level_dominant,156,global_vs_subz,0.20812344653384296,0.14995559635929107,0.28267827019784436,9.999000099990002e-05,0.00029997000299970003,1.0,CHANGES,0.17034733950238645,True
level_dominant,156,global_vs_subcenter,0.19351939632199466,0.13592199984914752,0.2682618870804732,9.999000099990002e-05,0.00029997000299970003,1.0,CHANGES,0.15757835712662946,True
level_dominant,157,global_vs_premeal,0.3408131159389547,0.2516756504704499,0.46859810878824615,9.999000099990002e-05,0.00029997000299970003,1.0,CHANGES,0.25403134318928433,True
level_dominant,157,global_vs_subz,0.25943137561851454,0.171378207064,0.37526339515420903,9.999000099990002e-05,0.00029997000299970003,1.0,CHANGES,0.17034733950238645,False
level_dominant,157,global_vs_subcenter,0.25114323840185887,0.16561281453677779,0.3595160419109844,9.999000099990002e-05,0.00029997000299970003,1.0,CHANGES,0.15757835712662946,False
level_dominant,158,global_vs_premeal,0.29110931514829136,0.23630119786057818,0.3690435867416964,9.999000099990002e-05,0.00029997000299970003,1.0,CHANGES,0.25403134318928433,True
level_dominant,158,global_vs_subz,0.15617663997249076,0.10416000487387664,0.22835741498106538,9.999000099990002e-05,0.00029997000299970003,1.0,CHANGES,0.17034733950238645,True
level_dominant,158,global_vs_subcenter,0.14792531951268872,0.09601853430053808,0.21952879999444727,9.999000099990002e-05,0.00029997000299970003,1.0,CHANGES,0.15757835712662946,True
level_dominant,159,global_vs_premeal,0.2998735217244985,0.24695322771268552,0.3679426710342202,9.999000099990002e-05,0.00029997000299970003,1.0,CHANGES,0.25403134318928433,True
level_dominant,159,global_vs_subz,0.1526670941042992,0.10751273250514498,0.21100387798685705,9.999000099990002e-05,0.00029997000299970003,1.0,CHANGES,0.17034733950238645,True
level_dominant,159,global_vs_subcenter,0.140026128630086,0.09398046923970291,0.19787149705312498,9.999000099990002e-05,0.00029997000299970003,1.0,CHANGES,0.15757835712662946,True
level_dominant,160,global_vs_premeal,0.3102422822745055,0.2041472252526102,0.4756220972193193,9.999000099990002e-05,0.00029997000299970003,1.0,CHANGES,0.25403134318928433,True
level_dominant,160,global_vs_subz,0.23942433550247036,0.1436853634744701,0.38965822250439774,9.999000099990002e-05,0.00029997000299970003,1.0,CHANGES,0.17034733950238645,True
level_dominant,160,global_vs_subcenter,0.21832524213193646,0.12506798968389637,0.3666088188676076,9.999000099990002e-05,0.00029997000299970003,1.0,CHANGES,0.15757835712662946,True
level_dominant,161,global_vs_premeal,0.24643041843605668,0.17606845874815957,0.34236430067912216,9.999000099990002e-05,0.00029997000299970003,1.0,CHANGES,0.25403134318928433,True
level_dominant,161,global_vs_subz,0.17557502035740477,0.11498543155455221,0.2546339756259568,9.999000099990002e-05,0.00029997000299970003,1.0,CHANGES,0.17034733950238645,True
level_dominant,161,global_vs_subcenter,0.16281811145085415,0.1000022809023884,0.24375900795289765,9.999000099990002e-05,0.00029997000299970003,1.0,CHANGES,0.15757835712662946,True
level_dominant,162,global_vs_premeal,0.34865752834153235,0.23251114388621216,0.5074661976422132,9.999000099990002e-05,0.00029997000299970003,1.0,CHANGES,0.25403134318928433,True
level_dominant,162,global_vs_subz,0.2844330308754099,0.17209279271090147,0.4295418996746549,9.999000099990002e-05,0.00029997000299970003,1.0,CHANGES,0.17034733950238645,False
level_dominant,162,global_vs_subcenter,0.2697428748269479,0.15649821136581865,0.4141720423966523,9.999000099990002e-05,0.00029997000299970003,1.0,CHANGES,0.15757835712662946,True
level_dominant,163,global_vs_premeal,0.2588703192133605,0.1818578463914583,0.37909155689646973,9.999000099990002e-05,0.00029997000299970003,1.0,CHANGES,0.25403134318928433,True
level_dominant,163,global_vs_subz,0.1873597597100936,0.11912226392602232,0.29474165117149964,9.999000099990002e-05,0.00029997000299970003,1.0,CHANGES,0.17034733950238645,True
level_dominant,163,global_vs_subcenter,0.16571912082118725,0.09997328933084777,0.2695031829051672,9.999000099990002e-05,0.00029997000299970003,1.0,CHANGES,0.15757835712662946,True
level_dominant,164,global_vs_premeal,0.31783346664815143,0.22694745981718273,0.452106158016439,9.999000099990002e-05,0.00029997000299970003,1.0,CHANGES,0.25403134318928433,True
level_dominant,164,global_vs_subz,0.24605666912986285,0.15835257116389456,0.3674788475357508,9.999000099990002e-05,0.00029997000299970003,1.0,CHANGES,0.17034733950238645,True
level_dominant,164,global_vs_subcenter,0.2295178100416342,0.14326851570168464,0.35062289773472144,9.999000099990002e-05,0.00029997000299970003,1.0,CHANGES,0.15757835712662946,True
level_dominant,165,global_vs_premeal,0.26530101760899444,0.1869671585350455,0.38358569293735695,9.999000099990002e-05,0.00029997000299970003,1.0,CHANGES,0.25403134318928433,True
level_dominant,165,global_vs_subz,0.15283377320335262,0.09641795728934227,0.24091209293928725,9.999000099990002e-05,0.00029997000299970003,1.0,CHANGES,0.17034733950238645,True
level_dominant,165,global_vs_subcenter,0.12781911326624507,0.07764427591751215,0.2060522130214218,9.999000099990002e-05,0.00029997000299970003,1.0,CHANGES,0.15757835712662946,True
level_dominant,166,global_vs_premeal,0.373526954816537,0.25673308239851445,0.557063877146645,9.999000099990002e-05,0.00029997000299970003,1.0,CHANGES,0.25403134318928433,False
level_dominant,166,global_vs_subz,0.2944350166840484,0.18495982356782953,0.4698070552032625,9.999000099990002e-05,0.00029997000299970003,1.0,CHANGES,0.17034733950238645,False
level_dominant,166,global_vs_subcenter,0.2786277146115025,0.16753896692875425,0.45597869657034656,9.999000099990002e-05,0.00029997000299970003,1.0,CHANGES,0.15757835712662946,False
level_dominant,167,global_vs_premeal,0.3544841260387624,0.2591988779550724,0.48792274428834315,9.999000099990002e-05,0.00029997000299970003,1.0,CHANGES,0.25403134318928433,False
level_dominant,167,global_vs_subz,0.2441841329804176,0.14242689388296706,0.3769645774106599,9.999000099990002e-05,0.00029997000299970003,1.0,CHANGES,0.17034733950238645,True
level_dominant,167,global_vs_subcenter,0.21945995501932222,0.12322562006168258,0.3433320780435512,9.999000099990002e-05,0.00029997000299970003,1.0,CHANGES,0.15757835712662946,True
level_dominant,168,global_vs_premeal,0.30490156937432633,0.22414222533724562,0.43991345374600055,9.999000099990002e-05,0.00029997000299970003,1.0,CHANGES,0.25403134318928433,True
level_dominant,168,global_vs_subz,0.23344605318722902,0.15396989260404334,0.35651633682231876,9.999000099990002e-05,0.00029997000299970003,1.0,CHANGES,0.17034733950238645,True
level_dominant,168,global_vs_subcenter,0.21863410950029138,0.1388969990825376,0.33838820994180246,9.999000099990002e-05,0.00029997000299970003,1.0,CHANGES,0.15757835712662946,True
level_dominant,169,global_vs_premeal,0.4028434827802972,0.3001358061489751,0.5607905731919113,9.999000099990002e-05,0.00029997000299970003,1.0,CHANGES,0.25403134318928433,False
level_dominant,169,global_vs_subz,0.2553961546244279,0.16344516422682914,0.3924389150897653,9.999000099990002e-05,0.00029997000299970003,1.0,CHANGES,0.17034733950238645,True
level_dominant,169,global_vs_subcenter,0.24272724599007364,0.15164728008600314,0.38110967655195954,9.999000099990002e-05,0.00029997000299970003,1.0,CHANGES,0.15757835712662946,True
level_dominant,170,global_vs_premeal,0.3112065567335621,0.24874172724609464,0.39601741305866534,9.999000099990002e-05,0.00029997000299970003,1.0,CHANGES,0.25403134318928433,True
level_dominant,170,global_vs_subz,0.19258092044445763,0.1352864097917994,0.2659646188148996,9.999000099990002e-05,0.00029997000299970003,1.0,CHANGES,0.17034733950238645,True
level_dominant,170,global_vs_subcenter,0.1826027169471728,0.1253756298762904,0.256988725774539,9.999000099990002e-05,0.00029997000299970003,1.0,CHANGES,0.15757835712662946,True
level_dominant,171,global_vs_premeal,0.3196485673052497,0.2616616623211538,0.3991180561702936,9.999000099990002e-05,0.00029997000299970003,1.0,CHANGES,0.25403134318928433,False
level_dominant,171,global_vs_subz,0.19102499238632809,0.11930253949470815,0.2797223548578769,9.999000099990002e-05,0.00029997000299970003,1.0,CHANGES,0.17034733950238645,True
level_dominant,171,global_vs_subcenter,0.1869325643265184,0.1154623512080926,0.274705567718861,9.999000099990002e-05,0.00029997000299970003,1.0,CHANGES,0.15757835712662946,True
level_dominant,172,global_vs_premeal,0.25118409096932154,0.1816805861260714,0.3432451400628155,9.999000099990002e-05,0.00029997000299970003,1.0,CHANGES,0.25403134318928433,True
level_dominant,172,global_vs_subz,0.1909836925420951,0.13454127001118193,0.2661969135752413,9.999000099990002e-05,0.00029997000299970003,1.0,CHANGES,0.17034733950238645,True
level_dominant,172,global_vs_subcenter,0.1786978086965273,0.12163038708699171,0.2533373438704585,9.999000099990002e-05,0.00029997000299970003,1.0,CHANGES,0.15757835712662946,True
level_dominant,173,global_vs_premeal,0.2838890090602967,0.19793476238288202,0.4118717765803838,9.999000099990002e-05,0.00029997000299970003,1.0,CHANGES,0.25403134318928433,True
level_dominant,173,global_vs_subz,0.20597468840396074,0.12603478784802685,0.31608089137216144,9.999000099990002e-05,0.00029997000299970003,1.0,CHANGES,0.17034733950238645,True
level_dominant,173,global_vs_subcenter,0.19066329650116884,0.11043394845693931,0.29795796832757815,9.999000099990002e-05,0.00029997000299970003,1.0,CHANGES,0.15757835712662946,True
level_dominant,174,global_vs_premeal,0.373232316262711,0.25835848508870146,0.5562063774319207,9.999000099990002e-05,0.00029997000299970003,1.0,CHANGES,0.25403134318928433,False
level_dominant,174,global_vs_subz,0.25960776186300266,0.15849166000519502,0.4121373604473562,9.999000099990002e-05,0.00029997000299970003,1.0,CHANGES,0.17034733950238645,True
level_dominant,174,global_vs_subcenter,0.25446847292065233,0.15071075810997184,0.4045222863577685,9.999000099990002e-05,0.00029997000299970003,1.0,CHANGES,0.15757835712662946,True
level_dominant,175,global_vs_premeal,0.36285248652330987,0.27335507556627237,0.485319250878485,9.999000099990002e-05,0.00029997000299970003,1.0,CHANGES,0.25403134318928433,False
level_dominant,175,global_vs_subz,0.2900624098760168,0.20381012483216654,0.4010890328640678,9.999000099990002e-05,0.00029997000299970003,1.0,CHANGES,0.17034733950238645,False
level_dominant,175,global_vs_subcenter,0.27265907853443555,0.18759865353025168,0.382538118446025,9.999000099990002e-05,0.00029997000299970003,1.0,CHANGES,0.15757835712662946,False
level_dominant,176,global_vs_premeal,0.2921994689046292,0.2123471726076299,0.4085765687823748,9.999000099990002e-05,0.00029997000299970003,1.0,CHANGES,0.25403134318928433,True
level_dominant,176,global_vs_subz,0.22446393990433725,0.15322023474226562,0.32642299313228723,9.999000099990002e-05,0.00029997000299970003,1.0,CHANGES,0.17034733950238645,True
level_dominant,176,global_vs_subcenter,0.21741291378852312,0.1453955116974369,0.32044761214601997,9.999000099990002e-05,0.00029997000299970003,1.0,CHANGES,0.15757835712662946,True
level_dominant,177,global_vs_premeal,0.23160363412608637,0.14750670517208314,0.3575872257521624,9.999000099990002e-05,0.00029997000299970003,1.0,CHANGES,0.25403134318928433,True
level_dominant,177,global_vs_subz,0.1533968135876605,0.09106088653328412,0.2506893853045519,9.999000099990002e-05,0.00029997000299970003,1.0,CHANGES,0.17034733950238645,True
level_dominant,177,global_vs_subcenter,0.13842945174430155,0.07803186568659745,0.22953651118951401,9.999000099990002e-05,0.00029997000299970003,1.0,CHANGES,0.15757835712662946,True
level_dominant,178,global_vs_premeal,0.3760627548002611,0.27512136446584035,0.5141776709527595,9.999000099990002e-05,0.00029997000299970003,1.0,CHANGES,0.25403134318928433,False
level_dominant,178,global_vs_subz,0.3009915894274037,0.20793438857641472,0.42365471431327817,9.999000099990002e-05,0.00029997000299970003,1.0,CHANGES,0.17034733950238645,False
level_dominant,178,global_vs_subcenter,0.2897580793480808,0.1971273523953932,0.4122120170518785,9.999000099990002e-05,0.00029997000299970003,1.0,CHANGES,0.15757835712662946,False
level_dominant,179,global_vs_premeal,0.3686644313128791,0.2832766157105294,0.48236031694416637,9.999000099990002e-05,0.00029997000299970003,1.0,CHANGES,0.25403134318928433,False
level_dominant,179,global_vs_subz,0.2587203471151216,0.1743849041615567,0.3577389244626254,9.999000099990002e-05,0.00029997000299970003,1.0,CHANGES,0.17034733950238645,False
level_dominant,179,global_vs_subcenter,0.24187706379528565,0.16147867774421373,0.33524939191804576,9.999000099990002e-05,0.00029997000299970003,1.0,CHANGES,0.15757835712662946,False
level_dominant,180,global_vs_premeal,0.2544088083659511,0.18366233369553764,0.35827731468388907,9.999000099990002e-05,0.00029997000299970003,1.0,CHANGES,0.25403134318928433,True
level_dominant,180,global_vs_subz,0.16667869672259208,0.10718650469146389,0.2552285838995278,9.999000099990002e-05,0.00029997000299970003,1.0,CHANGES,0.17034733950238645,True
level_dominant,180,global_vs_subcenter,0.152485475956374,0.0937819655551701,0.23693842331375745,9.999000099990002e-05,0.00029997000299970003,1.0,CHANGES,0.15757835712662946,True
level_dominant,181,global_vs_premeal,0.29705183485686126,0.21442358862665858,0.4114644090672325,9.999000099990002e-05,0.00029997000299970003,1.0,CHANGES,0.25403134318928433,True
level_dominant,181,global_vs_subz,0.23301663584068924,0.15684534744995857,0.33516126524041545,9.999000099990002e-05,0.00029997000299970003,1.0,CHANGES,0.17034733950238645,True
level_dominant,181,global_vs_subcenter,0.21429524661682808,0.13753906516862868,0.3199330545070172,9.999000099990002e-05,0.00029997000299970003,1.0,CHANGES,0.15757835712662946,True
level_dominant,182,global_vs_premeal,0.370769641164544,0.24502914832821,0.5596889596004495,9.999000099990002e-05,0.00029997000299970003,1.0,CHANGES,0.25403134318928433,True
level_dominant,182,global_vs_subz,0.3147664752972068,0.19275068490233616,0.4961740704383264,9.999000099990002e-05,0.00029997000299970003,1.0,CHANGES,0.17034733950238645,False
level_dominant,182,global_vs_subcenter,0.2973315968641782,0.1765526309516952,0.47392483008509545,9.999000099990002e-05,0.00029997000299970003,1.0,CHANGES,0.15757835712662946,False
level_dominant,183,global_vs_premeal,0.23476364254924179,0.1723818277140937,0.3291603246206735,9.999000099990002e-05,0.00029997000299970003,1.0,CHANGES,0.25403134318928433,True
level_dominant,183,global_vs_subz,0.16757447743909062,0.10788950011892591,0.2491971111010008,9.999000099990002e-05,0.00029997000299970003,1.0,CHANGES,0.17034733950238645,True
level_dominant,183,global_vs_subcenter,0.15019120376520725,0.09289633609980834,0.22956836454770171,9.999000099990002e-05,0.00029997000299970003,1.0,CHANGES,0.15757835712662946,True
level_dominant,184,global_vs_premeal,0.3212012056353515,0.22674715913933105,0.4486789191943609,9.999000099990002e-05,0.00029997000299970003,1.0,CHANGES,0.25403134318928433,True
level_dominant,184,global_vs_subz,0.24045720297250706,0.153520278312132,0.36113295012006713,9.999000099990002e-05,0.00029997000299970003,1.0,CHANGES,0.17034733950238645,True
level_dominant,184,global_vs_subcenter,0.20598246114847701,0.12009426356226392,0.3240780962926314,9.999000099990002e-05,0.00029997000299970003,1.0,CHANGES,0.15757835712662946,True
level_dominant,185,global_vs_premeal,0.3369514144964245,0.256228404749843,0.44271727074113726,9.999000099990002e-05,0.00029997000299970003,1.0,CHANGES,0.25403134318928433,False
level_dominant,185,global_vs_subz,0.23402600884749206,0.1531658888822695,0.33799695290217885,9.999000099990002e-05,0.00029997000299970003,1.0,CHANGES,0.17034733950238645,True
level_dominant,185,global_vs_subcenter,0.22210870420408557,0.1426836979915762,0.3220647772472148,9.999000099990002e-05,0.00029997000299970003,1.0,CHANGES,0.15757835712662946,True
level_dominant,186,global_vs_premeal,0.23332804759516815,0.1565239518857086,0.34939019288579787,9.999000099990002e-05,0.00029997000299970003,1.0,CHANGES,0.25403134318928433,True
level_dominant,186,global_vs_subz,0.17975953310100984,0.11220070800602515,0.28020343638008993,9.999000099990002e-05,0.00029997000299970003,1.0,CHANGES,0.17034733950238645,True
level_dominant,186,global_vs_subcenter,0.17005203776979388,0.10422894749428058,0.26441920147451947,9.999000099990002e-05,0.00029997000299970003,1.0,CHANGES,0.15757835712662946,True
level_dominant,187,global_vs_premeal,0.3227270922306104,0.24701909675625167,0.4177522006510077,9.999000099990002e-05,0.00029997000299970003,1.0,CHANGES,0.25403134318928433,True
level_dominant,187,global_vs_subz,0.20337525846297638,0.1360527133012619,0.2841788701806887,9.999000099990002e-05,0.00029997000299970003,1.0,CHANGES,0.17034733950238645,True
level_dominant,187,global_vs_subcenter,0.18715180050269037,0.12224778509621953,0.26463485463113595,9.999000099990002e-05,0.00029997000299970003,1.0,CHANGES,0.15757835712662946,True
level_dominant,188,global_vs_premeal,0.2626554711684068,0.20143453582983273,0.35448021554754433,9.999000099990002e-05,0.00029997000299970003,1.0,CHANGES,0.25403134318928433,True
level_dominant,188,global_vs_subz,0.168096306402079,0.11165752527558506,0.2495943745754754,9.999000099990002e-05,0.00029997000299970003,1.0,CHANGES,0.17034733950238645,True
level_dominant,188,global_vs_subcenter,0.1585260049625736,0.10263341060997792,0.2367706608365962,9.999000099990002e-05,0.00029997000299970003,1.0,CHANGES,0.15757835712662946,True
level_dominant,189,global_vs_premeal,0.28769080945510467,0.17974730111805268,0.43406801031524456,9.999000099990002e-05,0.00029997000299970003,1.0,CHANGES,0.25403134318928433,True
level_dominant,189,global_vs_subz,0.21644807750209197,0.10891469602632652,0.3538837783679268,9.999000099990002e-05,0.00029997000299970003,1.0,CHANGES,0.17034733950238645,True
level_dominant,189,global_vs_subcenter,0.19697676827958022,0.09004624800241438,0.33239244622262887,9.999000099990002e-05,0.00029997000299970003,1.0,CHANGES,0.15757835712662946,True
level_dominant,190,global_vs_premeal,0.2396522554426459,0.167595298947671,0.3481490800452883,9.999000099990002e-05,0.00029997000299970003,1.0,CHANGES,0.25403134318928433,True
level_dominant,190,global_vs_subz,0.15576635013466988,0.08784508513971091,0.25592096978182227,9.999000099990002e-05,0.00029997000299970003,1.0,CHANGES,0.17034733950238645,True
level_dominant,190,global_vs_subcenter,0.14610309879348055,0.07919247135965699,0.24534365724409615,9.999000099990002e-05,0.00029997000299970003,1.0,CHANGES,0.15757835712662946,True
level_dominant,191,global_vs_premeal,0.24210845150155433,0.17146015595959974,0.3554457040913424,9.999000099990002e-05,0.00029997000299970003,1.0,CHANGES,0.25403134318928433,True
level_dominant,191,global_vs_subz,0.18868233369681428,0.12325685740104698,0.29099557093839906,9.999000099990002e-05,0.00029997000299970003,1.0,CHANGES,0.17034733950238645,True
level_dominant,191,global_vs_subcenter,0.17239447818709416,0.11244265023019183,0.26728253218776,9.999000099990002e-05,0.00029997000299970003,1.0,CHANGES,0.15757835712662946,True
level_dominant,192,global_vs_premeal,0.4857412160228692,0.34155569605803227,0.6853930953798552,9.999000099990002e-05,0.00029997000299970003,1.0,CHANGES,0.25403134318928433,False
level_dominant,192,global_vs_subz,0.4079406951424293,0.2657483654929721,0.5969294424404252,9.999000099990002e-05,0.00029997000299970003,1.0,CHANGES,0.17034733950238645,False
level_dominant,192,global_vs_subcenter,0.38370556858052013,0.24380570796416628,0.5719930358893481,9.999000099990002e-05,0.00029997000299970003,1.0,CHANGES,0.15757835712662946,False
level_dominant,193,global_vs_premeal,0.2380572461018457,0.17150934976176768,0.33377670979416235,9.999000099990002e-05,0.00029997000299970003,1.0,CHANGES,0.25403134318928433,True
level_dominant,193,global_vs_subz,0.18916126409340278,0.12190256572669757,0.27672828643503683,9.999000099990002e-05,0.00029997000299970003,1.0,CHANGES,0.17034733950238645,True
level_dominant,193,global_vs_subcenter,0.17700920952091165,0.11075136619327847,0.26123256020272373,9.999000099990002e-05,0.00029997000299970003,1.0,CHANGES,0.15757835712662946,True
level_dominant,194,global_vs_premeal,0.39187138140429795,0.3238469434607293,0.4938802783900662,9.999000099990002e-05,0.00029997000299970003,1.0,CHANGES,0.25403134318928433,False
level_dominant,194,global_vs_subz,0.3179400862278576,0.24898679615815847,0.40813574763370825,9.999000099990002e-05,0.00029997000299970003,1.0,CHANGES,0.17034733950238645,False
level_dominant,194,global_vs_subcenter,0.3068492955121358,0.23717699589625857,0.3995776407869672,9.999000099990002e-05,0.00029997000299970003,1.0,CHANGES,0.15757835712662946,False
level_dominant,195,global_vs_premeal,0.2427068511949212,0.1758268897631646,0.33810683005332964,9.999000099990002e-05,0.00029997000299970003,1.0,CHANGES,0.25403134318928433,True
level_dominant,195,global_vs_subz,0.11870683279905501,0.07454648528124208,0.17760162766557736,9.999000099990002e-05,0.00029997000299970003,1.0,CHANGES,0.17034733950238645,True
level_dominant,195,global_vs_subcenter,0.10636673426521288,0.06051530621288657,0.1663497664741618,9.999000099990002e-05,0.00029997000299970003,1.0,CHANGES,0.15757835712662946,True
level_dominant,196,global_vs_premeal,0.33168478948465574,0.22007784202106806,0.48390659339182523,9.999000099990002e-05,0.00029997000299970003,1.0,CHANGES,0.25403134318928433,True
level_dominant,196,global_vs_subz,0.22717942494231086,0.12393862682009936,0.369195741524662,9.999000099990002e-05,0.00029997000299970003,1.0,CHANGES,0.17034733950238645,True
level_dominant,196,global_vs_subcenter,0.21507337699004553,0.11150529383039452,0.35677051390290276,9.999000099990002e-05,0.00029997000299970003,1.0,CHANGES,0.15757835712662946,True
level_dominant,197,global_vs_premeal,0.26585855454818735,0.20308152017632597,0.361567504731512,9.999000099990002e-05,0.00029997000299970003,1.0,CHANGES,0.25403134318928433,True
level_dominant,197,global_vs_subz,0.1729775928572529,0.12264495060061661,0.2448031532524524,9.999000099990002e-05,0.00029997000299970003,1.0,CHANGES,0.17034733950238645,True
level_dominant,197,global_vs_subcenter,0.16932847406865204,0.11792359785855772,0.24177505538739438,9.999000099990002e-05,0.00029997000299970003,1.0,CHANGES,0.15757835712662946,True
level_dominant,198,global_vs_premeal,0.3395347350194946,0.26402363165829024,0.442400638877178,9.999000099990002e-05,0.00029997000299970003,1.0,CHANGES,0.25403134318928433,False
level_dominant,198,global_vs_subz,0.27814476544844224,0.20253438967757095,0.3765022737994018,9.999000099990002e-05,0.00029997000299970003,1.0,CHANGES,0.17034733950238645,False
level_dominant,198,global_vs_subcenter,0.2663002891981275,0.19323494085436393,0.36054638259120614,9.999000099990002e-05,0.00029997000299970003,1.0,CHANGES,0.15757835712662946,False
level_dominant,199,global_vs_premeal,0.36627864996192794,0.2822898275135288,0.5020117527996625,9.999000099990002e-05,0.00029997000299970003,1.0,CHANGES,0.25403134318928433,False
level_dominant,199,global_vs_subz,0.2545265391936715,0.1750291195111028,0.3719019316694543,9.999000099990002e-05,0.00029997000299970003,1.0,CHANGES,0.17034733950238645,False
level_dominant,199,global_vs_subcenter,0.2395964953877096,0.16422557959972742,0.3498626316723511,9.999000099990002e-05,0.00029997000299970003,1.0,CHANGES,0.15757835712662946,False
shape_only,0,global_vs_premeal,-0.002062307078605497,-0.0038943541327781097,-0.0007482635673302794,0.0004999500049995,0.0014998500149985001,0.0,NEGLIGIBLE,-1.1203017467502924e-05,False
shape_only,0,global_vs_subz,0.02270812063754418,0.003647083996804742,0.042248612379948564,0.031296870312968704,0.06259374062593741,1.0,INCONCLUSIVE,0.022069741741737644,True
shape_only,0,global_vs_subcenter,-0.001593241221265668,-0.0057632668973122865,0.0027987910627734957,0.49295070492950704,0.49295070492950704,0.25,NEGLIGIBLE,-1.359670308235639e-06,True
shape_only,1,global_vs_premeal,-0.00191697756604499,-0.003425553915005243,-0.0007370500592038967,0.0008999100089991,0.0026997300269973002,0.0,NEGLIGIBLE,-1.1203017467502924e-05,False
shape_only,1,global_vs_subz,0.010464405785506722,-0.0037443585691792655,0.026189035750985152,0.16628337166283372,0.33256674332566744,1.0,INCONCLUSIVE,0.022069741741737644,True
shape_only,1,global_vs_subcenter,0.0007708845023311216,-0.0010394310167686108,0.00262073221673057,0.42675732426757323,0.42675732426757323,0.75,NEGLIGIBLE,-1.359670308235639e-06,True
shape_only,2,global_vs_premeal,-0.0008000698602767734,-0.003922437292677717,0.0021117954297186696,0.6257374262573743,0.6257374262573743,0.25,NEGLIGIBLE,-1.1203017467502924e-05,True
shape_only,2,global_vs_subz,0.038615909985712876,0.018060850196977597,0.06067498387425974,0.0008999100089991,0.0026997300269973002,1.0,CHANGES(small),0.022069741741737644,True
shape_only,2,global_vs_subcenter,0.002358448907551679,-0.0004064973169615175,0.005339191926188958,0.11018898110188981,0.22037796220377961,1.0,NEGLIGIBLE,-1.359670308235639e-06,True
shape_only,3,global_vs_premeal,-0.0006038750253700154,-0.002468484201281276,0.0012334676929565554,0.5401459854014599,0.9701029897010299,0.25,NEGLIGIBLE,-1.1203017467502924e-05,True
shape_only,3,global_vs_subz,0.013152991920807043,-0.004119870039767039,0.031227641843937677,0.1521847815218478,0.45655434456554345,1.0,INCONCLUSIVE,0.022069741741737644,True
shape_only,3,global_vs_subcenter,0.0005988492216976558,-0.001081566577546331,0.0021699346144412887,0.48505149485051496,0.9701029897010299,0.75,NEGLIGIBLE,-1.359670308235639e-06,True
shape_only,4,global_vs_premeal,-0.0013042540636691172,-0.003116861159595261,0.0004992139938971641,0.17098290170982902,0.18818118188181182,0.0,NEGLIGIBLE,-1.1203017467502924e-05,True
shape_only,4,global_vs_subz,0.02351054287872037,0.008240384785990812,0.04028451034096708,0.005499450054994501,0.0164983501649835,1.0,CHANGES(small),0.022069741741737644,True
shape_only,4,global_vs_subcenter,0.002260442931138909,-0.0002638392592263973,0.00471543827603884,0.09409059094090591,0.18818118188181182,1.0,NEGLIGIBLE,-1.359670308235639e-06,True
shape_only,5,global_vs_premeal,-0.0020758531813757277,-0.005235745653215247,0.0005293905473821376,0.1867813218678132,0.3735626437356264,0.25,NEGLIGIBLE,-1.1203017467502924e-05,True
shape_only,5,global_vs_subz,0.026689666178549492,0.00920337920056331,0.04422265185773701,0.0064993500649935,0.0194980501949805,1.0,CHANGES(small),0.022069741741737644,True
shape_only,5,global_vs_subcenter,-0.0012626738635649424,-0.006051204146869602,0.0032130509646750675,0.6141385861413858,0.6141385861413858,0.25,NEGLIGIBLE,-1.359670308235639e-06,True
shape_only,6,global_vs_premeal,-0.0019749419198828444,-0.0048163035641428445,0.0005929982177506877,0.18998100189981001,0.37996200379962003,0.0,NEGLIGIBLE,-1.1203017467502924e-05,True
shape_only,6,global_vs_subz,0.03889821822443247,0.018348562997586956,0.06335751016036399,0.0006999300069993001,0.0020997900209979003,1.0,CHANGES(small),0.022069741741737644,True
shape_only,6,global_vs_subcenter,-0.0006729253117521592,-0.004549912619546105,0.0031863286318505324,0.7446255374462554,0.7446255374462554,0.0,NEGLIGIBLE,-1.359670308235639e-06,True
shape_only,7,global_vs_premeal,-0.0007424227893597338,-0.004234891415968052,0.0025122684774364253,0.6834316568343166,1.0,0.25,NEGLIGIBLE,-1.1203017467502924e-05,True
shape_only,7,global_vs_subz,0.022135286720740405,0.0046713491536804,0.040532156929169706,0.025297470252974703,0.07589241075892411,1.0,INCONCLUSIVE,0.022069741741737644,True
shape_only,7,global_vs_subcenter,0.0006812351189595302,-0.001915859141390369,0.002980339296727112,0.5903409659034097,1.0,0.5,NEGLIGIBLE,-1.359670308235639e-06,True
shape_only,8,global_vs_premeal,-0.0015547458080995332,-0.002538099026738924,-0.0006636759816671954,0.0005999400059994001,0.0017998200179982003,0.25,NEGLIGIBLE,-1.1203017467502924e-05,False
shape_only,8,global_vs_subz,0.027973818887447807,0.012556776474550153,0.04648624144598003,0.0011998800119988001,0.0023997600239976003,1.0,CHANGES(small),0.022069741741737644,True
shape_only,8,global_vs_subcenter,0.0005863139298444626,-0.00135630045407612,0.0025091345391905244,0.5553444655534446,0.5553444655534446,0.75,NEGLIGIBLE,-1.359670308235639e-06,True
shape_only,9,global_vs_premeal,-0.0018013759433582492,-0.004007569838368838,0.00012170374249607662,0.09669033096690331,0.19338066193380662,0.25,NEGLIGIBLE,-1.1203017467502924e-05,True
shape_only,9,global_vs_subz,0.026040608679288462,0.0068063228475806585,0.05140582636561783,0.0174982501749825,0.0524947505249475,1.0,INCONCLUSIVE,0.022069741741737644,True
shape_only,9,global_vs_subcenter,-0.0005311483980352093,-0.002337184734543194,0.0011793914344502797,0.5569443055694431,0.5569443055694431,0.5,NEGLIGIBLE,-1.359670308235639e-06,True
shape_only,10,global_vs_premeal,-0.0027343910345208823,-0.005064154317687333,-0.000897954344289988,0.006399360063993601,0.019198080191980802,0.0,NEGLIGIBLE,-1.1203017467502924e-05,False
shape_only,10,global_vs_subz,0.013035269711212473,-0.002554612917681722,0.027818510765042975,0.1044895510448955,0.208979102089791,1.0,INCONCLUSIVE,0.022069741741737644,True
shape_only,10,global_vs_subcenter,-0.0011032359634354258,-0.004704442987955927,0.0026219575714936092,0.5567443255674432,0.5567443255674432,0.5,NEGLIGIBLE,-1.359670308235639e-06,True
shape_only,11,global_vs_premeal,-0.0006426714106208007,-0.002643586468622554,0.000957998573907987,0.48685131486851313,0.7741225877412259,0.25,NEGLIGIBLE,-1.1203017467502924e-05,True
shape_only,11,global_vs_subz,0.021999594786234155,0.004571718445588103,0.0425163883519523,0.021897810218978103,0.06569343065693431,1.0,INCONCLUSIVE,0.022069741741737644,True
shape_only,11,global_vs_subcenter,0.0008189987250354124,-0.001075634575936766,0.002428344540790578,0.38706129387061294,0.7741225877412259,0.75,NEGLIGIBLE,-1.359670308235639e-06,True
shape_only,12,global_vs_premeal,-0.0004921456487485464,-0.00397851762799806,0.002567934677684377,0.7628237176282372,1.0,0.0,NEGLIGIBLE,-1.1203017467502924e-05,True
shape_only,12,global_vs_subz,0.009650158203566685,-0.007014231373163544,0.02597466214075948,0.28287171282871715,0.8486151384861514,1.0,INCONCLUSIVE,0.022069741741737644,True
shape_only,12,global_vs_subcenter,0.0002238580620933912,-0.002895912979731023,0.0031035746586649993,0.8829117088291171,1.0,0.75,NEGLIGIBLE,-1.359670308235639e-06,True
shape_only,13,global_vs_premeal,-0.0016283446274376404,-0.0026557082309300716,-0.0007766486229480548,0.0004999500049995,0.0014998500149985001,0.0,NEGLIGIBLE,-1.1203017467502924e-05,False
shape_only,13,global_vs_subz,0.02538016417324235,0.0030275337835596492,0.04942882661236083,0.0357964203579642,0.0715928407159284,1.0,INCONCLUSIVE,0.022069741741737644,True
shape_only,13,global_vs_subcenter,-0.0009632299129127224,-0.0025619748861901433,0.0007481084076897698,0.27147285271472854,0.27147285271472854,0.0,NEGLIGIBLE,-1.359670308235639e-06,True
shape_only,14,global_vs_premeal,-0.004468343611795438,-0.006469920757568521,-0.0027591425966264744,9.999000099990002e-05,0.00029997000299970003,0.0,NEGLIGIBLE,-1.1203017467502924e-05,False
shape_only,14,global_vs_subz,0.02265661771789817,0.005285731295627176,0.040202961281656714,0.018098190180981903,0.036196380361963806,1.0,CHANGES(small),0.022069741741737644,True
shape_only,14,global_vs_subcenter,-0.0023630899381482957,-0.004746607700116376,-1.680317932670777e-05,0.064993500649935,0.064993500649935,0.0,NEGLIGIBLE,-1.359670308235639e-06,False
shape_only,15,global_vs_premeal,-0.0010387387827499484,-0.001617993302596754,-0.0005438592748975876,9.999000099990002e-05,0.00029997000299970003,0.0,NEGLIGIBLE,-1.1203017467502924e-05,False
shape_only,15,global_vs_subz,0.024767328293180235,0.0039569959498876916,0.04608120330099229,0.028597140285971403,0.057194280571942806,1.0,INCONCLUSIVE,0.022069741741737644,True
shape_only,15,global_vs_subcenter,0.0006733223883121792,-0.00038287232856549293,0.0017273925905755905,0.2278772122787721,0.2278772122787721,0.75,NEGLIGIBLE,-1.359670308235639e-06,True
shape_only,16,global_vs_premeal,0.003291279349054318,-0.0039768939940738185,0.010315702756423246,0.39486051394860516,0.7897210278972103,1.0,NEGLIGIBLE,-1.1203017467502924e-05,True
shape_only,16,global_vs_subz,0.03571397792540923,0.014128973144477102,0.06141354987436008,0.000999900009999,0.0029997000299970002,1.0,CHANGES(small),0.022069741741737644,True
shape_only,16,global_vs_subcenter,0.0014416124889704465,-0.005514007902688892,0.008752781407188394,0.7052294770522948,0.7897210278972103,0.75,NEGLIGIBLE,-1.359670308235639e-06,True
shape_only,17,global_vs_premeal,-0.0020966391900843332,-0.0035561886181213515,-0.0008320514554244174,0.0011998800119988001,0.0035996400359964006,0.0,NEGLIGIBLE,-1.1203017467502924e-05,False
shape_only,17,global_vs_subz,0.020966576199213865,0.005624440728694684,0.03737231523745724,0.0160983901609839,0.0321967803219678,1.0,CHANGES(small),0.022069741741737644,True
shape_only,17,global_vs_subcenter,-0.00015191085989750726,-0.002124739814865961,0.0020327363824201258,0.8915108489151085,0.8915108489151085,0.5,NEGLIGIBLE,-1.359670308235639e-06,True
shape_only,18,global_vs_premeal,-0.001103003729710053,-0.0043583731068535655,0.0019197838243698465,0.5065493450654934,1.0,0.0,NEGLIGIBLE,-1.1203017467502924e-05,True
shape_only,18,global_vs_subz,0.015214356218258607,0.0021137784758937807,0.028555180958025873,0.029697030296970302,0.08909109089091091,1.0,INCONCLUSIVE,0.022069741741737644,True
shape_only,18,global_vs_subcenter,-0.0001691528848943168,-0.003249051055856502,0.002676159931844434,0.9121087891210878,1.0,0.5,NEGLIGIBLE,-1.359670308235639e-06,True
shape_only,19,global_vs_premeal,-0.003210346338474936,-0.006490206713217124,-0.0005198687018855749,0.033396660333966606,0.06679332066793321,0.0,NEGLIGIBLE,-1.1203017467502924e-05,False
shape_only,19,global_vs_subz,0.029977197547598193,0.009553629490535127,0.0523314315765301,0.008799120087991202,0.026397360263973605,1.0,CHANGES(small),0.022069741741737644,True
shape_only,19,global_vs_subcenter,0.0012074400499488607,-0.00489087540169661,0.00785413679296677,0.7118288171182882,0.7118288171182882,0.5,NEGLIGIBLE,-1.359670308235639e-06,True
shape_only,20,global_vs_premeal,-0.003915583140043218,-0.008132168572134751,-0.0001490217297852911,0.05959404059594041,0.11918808119188082,0.0,NEGLIGIBLE,-1.1203017467502924e-05,False
shape_only,20,global_vs_subz,0.030697921896851152,0.01601150450671611,0.045547941424847645,0.00029997000299970003,0.0008999100089991002,1.0,CHANGES(small),0.022069741741737644,True
shape_only,20,global_vs_subcenter,-0.0011021168533299998,-0.005839367138189827,0.003909976413636939,0.6839316068393161,0.6839316068393161,0.25,NEGLIGIBLE,-1.359670308235639e-06,True
shape_only,21,global_vs_premeal,-0.002578345325695483,-0.004438054246875609,-0.0011292229706127694,9.999000099990002e-05,0.00029997000299970003,0.0,NEGLIGIBLE,-1.1203017467502924e-05,False
shape_only,21,global_vs_subz,0.03146812421567807,0.014184426238009746,0.050634493807764275,0.0006999300069993001,0.0013998600139986002,1.0,CHANGES(small),0.022069741741737644,True
shape_only,21,global_vs_subcenter,0.000806994787006445,-0.000777847090857197,0.0021770709511044297,0.30926907309269075,0.30926907309269075,0.75,NEGLIGIBLE,-1.359670308235639e-06,True
shape_only,22,global_vs_premeal,-0.001998865601334852,-0.00435802938144232,-3.22105027436674e-05,0.0683931606839316,0.1367863213678632,0.0,NEGLIGIBLE,-1.1203017467502924e-05,False
shape_only,22,global_vs_subz,0.025422073942986703,0.010744925214668886,0.03988211592705954,0.0022997700229977,0.0068993100689931,1.0,CHANGES(small),0.022069741741737644,True
shape_only,22,global_vs_subcenter,0.0005278425181437959,-0.001516737280961859,0.0027030514528728847,0.6318368163183682,0.6318368163183682,0.5,NEGLIGIBLE,-1.359670308235639e-06,True
shape_only,23,global_vs_premeal,-0.004680197328284927,-0.010277836119434836,-0.000514197782286522,0.051594840515948405,0.10318968103189681,0.0,NEGLIGIBLE,-1.1203017467502924e-05,False
shape_only,23,global_vs_subz,0.01209572642657711,-0.002137958151076695,0.025975051678586734,0.1217878212178782,0.1217878212178782,1.0,INCONCLUSIVE,0.022069741741737644,True
shape_only,23,global_vs_subcenter,-0.00725997987262382,-0.01328982075809743,-0.0012864451825718424,0.0273972602739726,0.0821917808219178,0.0,NEGLIGIBLE,-1.359670308235639e-06,False
shape_only,24,global_vs_premeal,-0.0036262477751562725,-0.007703585634270331,-0.0001903521144145581,0.058994100589941006,0.14998500149985,0.0,NEGLIGIBLE,-1.1203017467502924e-05,False
shape_only,24,global_vs_subz,0.026313477191252876,0.0019398311394303385,0.054636595409307986,0.04999500049995,0.14998500149985,1.0,INCONCLUSIVE,0.022069741741737644,True
shape_only,24,global_vs_subcenter,-0.001548153853585684,-0.004753893132347761,0.0012881256494746093,0.33596640335966405,0.33596640335966405,0.25,NEGLIGIBLE,-1.359670308235639e-06,True
shape_only,25,global_vs_premeal,-0.002544612635931232,-0.006343034904625338,0.0003980575466044998,0.15028497150284972,0.30056994300569945,0.0,NEGLIGIBLE,-1.1203017467502924e-05,True
shape_only,25,global_vs_subz,0.021630092645978163,0.003946830745374139,0.040387569529645305,0.0211978802119788,0.06359364063593641,1.0,INCONCLUSIVE,0.022069741741737644,True
shape_only,25,global_vs_subcenter,-0.0028813684762570165,-0.007870478241620385,0.0012803541367038534,0.23777622237776222,0.30056994300569945,0.0,NEGLIGIBLE,-1.359670308235639e-06,True
shape_only,26,global_vs_premeal,-0.0008024226406811525,-0.0022120730342969877,0.0005217406325643063,0.2648735126487351,0.5297470252974702,0.0,NEGLIGIBLE,-1.1203017467502924e-05,True
shape_only,26,global_vs_subz,0.03216642350516005,0.014481950321161246,0.05141951099587724,0.0006999300069993001,0.0020997900209979003,1.0,CHANGES(small),0.022069741741737644,True
shape_only,26,global_vs_subcenter,-0.0005867680123346997,-0.0046158900578276854,0.00352179265094063,0.7895210478952105,0.7895210478952105,0.0,NEGLIGIBLE,-1.359670308235639e-06,True
shape_only,27,global_vs_premeal,-0.0007016752423781027,-0.0060608387983114905,0.0038878572680056765,0.7885211478852114,1.0,0.5,NEGLIGIBLE,-1.1203017467502924e-05,True
shape_only,27,global_vs_subz,0.030975150892369314,0.012054446816370704,0.05225971993003031,0.0018998100189981002,0.005699430056994301,1.0,CHANGES(small),0.022069741741737644,True
shape_only,27,global_vs_subcenter,0.0004719817713583034,-0.0041544784478951624,0.004775078036511057,0.8334166583341666,1.0,0.75,NEGLIGIBLE,-1.359670308235639e-06,True
shape_only,28,global_vs_premeal,-0.0011339596822335764,-0.002302724570484257,-0.0001416650733443928,0.044795520447955206,0.13438656134386562,0.0,NEGLIGIBLE,-1.1203017467502924e-05,False
shape_only,28,global_vs_subz,0.01993739877954025,-0.0014663738552558305,0.043100300141477636,0.08209179082091791,0.16418358164183583,1.0,INCONCLUSIVE,0.022069741741737644,True
shape_only,28,global_vs_subcenter,-0.0046022741082516125,-0.010080919178223952,0.0013014423049604663,0.1311868813118688,0.16418358164183583,0.0,NEGLIGIBLE,-1.359670308235639e-06,True
shape_only,29,global_vs_premeal,-0.0037559020901275263,-0.005913744559518507,-0.0020204994234394084,9.999000099990002e-05,0.00029997000299970003,0.0,NEGLIGIBLE,-1.1203017467502924e-05,False
shape_only,29,global_vs_subz,0.037529308544553656,0.012108782756678389,0.06786015093866343,0.006799320067993201,0.013598640135986401,1.0,CHANGES(small),0.022069741741737644,True
shape_only,29,global_vs_subcenter,-0.0026538899426425014,-0.006146489752112119,0.0007351105090654711,0.14288571142885712,0.14288571142885712,0.0,NEGLIGIBLE,-1.359670308235639e-06,True
shape_only,30,global_vs_premeal,0.0006243616296608542,-0.00317830129305408,0.004124808134839134,0.7453254674532547,0.7809219078092191,0.75,NEGLIGIBLE,-1.1203017467502924e-05,True
shape_only,30,global_vs_subz,0.00764179295900913,-0.008998099412483728,0.023711316004598144,0.39046095390460955,0.7809219078092191,1.0,INCONCLUSIVE,0.022069741741737644,True
shape_only,30,global_vs_subcenter,0.0025443118538389475,-0.0013038710286360057,0.006172576499808279,0.204979502049795,0.6149385061493851,1.0,NEGLIGIBLE,-1.359670308235639e-06,True
shape_only,31,global_vs_premeal,-0.0026998531287366007,-0.0058905114543922185,-3.298824338863945e-05,0.0740925907409259,0.1481851814818518,0.0,NEGLIGIBLE,-1.1203017467502924e-05,False
shape_only,31,global_vs_subz,0.02874063060470129,0.00894543424250376,0.05171912480031728,0.007999200079992,0.023997600239976002,1.0,CHANGES(small),0.022069741741737644,True
shape_only,31,global_vs_subcenter,-0.0015616556266923255,-0.005521831167887471,0.002030363309815489,0.42305769423057693,0.42305769423057693,0.0,NEGLIGIBLE,-1.359670308235639e-06,True
shape_only,32,global_vs_premeal,-0.0012589776370931212,-0.007624635982280081,0.004333797515120683,0.6915308469153084,1.0,0.25,NEGLIGIBLE,-1.1203017467502924e-05,True
shape_only,32,global_vs_subz,0.014127753003272216,-0.0038114395215407848,0.03134453719900804,0.1342865713428657,0.4028597140285971,1.0,INCONCLUSIVE,0.022069741741737644,True
shape_only,32,global_vs_subcenter,-0.0004154945606561573,-0.004807466226238895,0.003928052506013486,0.8537146285371463,1.0,0.5,NEGLIGIBLE,-1.359670308235639e-06,True
shape_only,33,global_vs_premeal,-0.002505770488433538,-0.0046713245521776865,-0.0007833479172419169,0.0098990100989901,0.029697030296970302,0.0,NEGLIGIBLE,-1.1203017467502924e-05,False
shape_only,33,global_vs_subz,0.01302627844618718,-0.0011389760603291055,0.029200610283130007,0.1080891910808919,0.2161783821617838,1.0,INCONCLUSIVE,0.022069741741737644,True
shape_only,33,global_vs_subcenter,-0.001685311877136196,-0.0038119860980628936,3.0046993996850297e-05,0.10918908109189081,0.2161783821617838,0.5,NEGLIGIBLE,-1.359670308235639e-06,True
shape_only,34,global_vs_premeal,-0.003461280766351417,-0.007431997701994142,-0.0001693647316305669,0.07379262073792621,0.22137786221377864,0.0,NEGLIGIBLE,-1.1203017467502924e-05,False
shape_only,34,global_vs_subz,0.0002143256027797887,-0.016453114581875646,0.016784144058484596,0.9792020797920208,1.0,0.75,NEGLIGIBLE,0.022069741741737644,False
shape_only,34,global_vs_subcenter,-0.00028612370107366185,-0.0030684834348110343,0.002542837455901484,0.8462153784621538,1.0,0.5,NEGLIGIBLE,-1.359670308235639e-06,True
shape_only,35,global_vs_premeal,-0.0026014850516804886,-0.004917832054372199,-0.0008516253215418054,0.000999900009999,0.0029997000299970002,0.0,NEGLIGIBLE,-1.1203017467502924e-05,False
shape_only,35,global_vs_subz,0.03492935115841918,0.013873850934410889,0.05647171378316257,0.0023997600239976003,0.0047995200479952005,1.0,CHANGES(small),0.022069741741737644,True
shape_only,35,global_vs_subcenter,-0.000700312584943967,-0.003535893654067804,0.001974500322835356,0.6272372762723728,0.6272372762723728,0.25,NEGLIGIBLE,-1.359670308235639e-06,True
shape_only,36,global_vs_premeal,-0.0026568021998457153,-0.004291665745308992,-0.0013955983249219507,9.999000099990002e-05,0.00029997000299970003,0.0,NEGLIGIBLE,-1.1203017467502924e-05,False
shape_only,36,global_vs_subz,0.03401075519962474,0.01725907300995741,0.052246074636213925,0.0004999500049995,0.000999900009999,1.0,CHANGES(small),0.022069741741737644,True
shape_only,36,global_vs_subcenter,-0.0002279932878274297,-0.002428782806013587,0.001589657814204725,0.841015898410159,0.841015898410159,0.25,NEGLIGIBLE,-1.359670308235639e-06,True
shape_only,37,global_vs_premeal,-0.0032553689508880565,-0.006540122542924051,-0.0005816494646875699,0.0282971702829717,0.08489151084891511,0.0,NEGLIGIBLE,-1.1203017467502924e-05,False
shape_only,37,global_vs_subz,0.01606527077032067,-0.0008852555503727896,0.035198256319001926,0.10018998100189981,0.10018998100189981,1.0,INCONCLUSIVE,0.022069741741737644,True
shape_only,37,global_vs_subcenter,-0.002247732122588375,-0.004599513318126104,-0.00025928603493039225,0.04889511048895111,0.09779022097790221,0.0,NEGLIGIBLE,-1.359670308235639e-06,False
shape_only,38,global_vs_premeal,-0.0023091174382182636,-0.003588132049611314,-0.0011426750178327764,0.00039996000399960006,0.0011998800119988001,0.0,NEGLIGIBLE,-1.1203017467502924e-05,False
shape_only,38,global_vs_subz,0.02663195606796519,0.012060259538109536,0.04315264111885162,0.0016998300169983002,0.0033996600339966003,1.0,CHANGES(small),0.022069741741737644,True
shape_only,38,global_vs_subcenter,-0.0010213551978400395,-0.004363439276314707,0.0024789656768545924,0.5724427557244276,0.5724427557244276,0.0,NEGLIGIBLE,-1.359670308235639e-06,True
shape_only,39,global_vs_premeal,-0.0008382739546980154,-0.0019359199394808574,0.00015572273462491465,0.1421857814218578,0.2843715628437156,0.25,NEGLIGIBLE,-1.1203017467502924e-05,True
shape_only,39,global_vs_subz,0.031615420071963864,0.011891429692993014,0.05292075481494737,0.0033996600339966003,0.010198980101989802,1.0,CHANGES(small),0.022069741741737644,True
shape_only,39,global_vs_subcenter,-0.0002535973726677974,-0.0034929088973596656,0.0030766688262663443,0.882011798820118,0.882011798820118,0.25,NEGLIGIBLE,-1.359670308235639e-06,True
shape_only,40,global_vs_premeal,-0.002282645780809108,-0.004952568795787326,0.00031720696466630354,0.10628937106289371,0.21257874212578742,0.0,NEGLIGIBLE,-1.1203017467502924e-05,True
shape_only,40,global_vs_subz,0.025590431623500363,0.0069244533084554276,0.04638719963979754,0.0117988201179882,0.0353964603539646,1.0,CHANGES(small),0.022069741741737644,True
shape_only,40,global_vs_subcenter,0.00021957692666966605,-0.0015258248685398941,0.0020068331010465344,0.8196180381961804,0.8196180381961804,0.5,NEGLIGIBLE,-1.359670308235639e-06,True
shape_only,41,global_vs_premeal,-0.006511698572577433,-0.011570496105847379,-0.0026771761198083866,9.999000099990002e-05,0.00029997000299970003,0.0,NEGLIGIBLE,-1.1203017467502924e-05,False
shape_only,41,global_vs_subz,0.01798279969842514,0.0028161587334271715,0.033060389690897335,0.036096390360963904,0.07219278072192781,1.0,INCONCLUSIVE,0.022069741741737644,True
shape_only,41,global_vs_subcenter,-0.002603053604807041,-0.007572656709814794,0.0013239799748230592,0.30396960303969606,0.30396960303969606,0.0,NEGLIGIBLE,-1.359670308235639e-06,True
shape_only,42,global_vs_premeal,-0.001865251169341029,-0.0029645800146127885,-0.0009441971680000573,0.00019998000199980003,0.0005999400059994001,0.0,NEGLIGIBLE,-1.1203017467502924e-05,False
shape_only,42,global_vs_subz,0.024259361344145327,0.006693184283583609,0.043274013517296504,0.013598640135986401,0.027197280271972803,1.0,CHANGES(small),0.022069741741737644,True
shape_only,42,global_vs_subcenter,-0.0004961761398434218,-0.0015718608070231807,0.0007347785626483932,0.42375762423757624,0.42375762423757624,0.0,NEGLIGIBLE,-1.359670308235639e-06,True
shape_only,43,global_vs_premeal,0.0006381582223543691,-0.001501735977203379,0.002725425051248341,0.5847415258474152,0.5847415258474152,0.75,NEGLIGIBLE,-1.1203017467502924e-05,True
shape_only,43,global_vs_subz,0.039931450668702705,0.01331871655827006,0.07068359079618768,0.006099390060993901,0.0182981701829817,1.0,CHANGES(small),0.022069741741737644,True
shape_only,43,global_vs_subcenter,0.0019725117149868104,-0.0004939992864355684,0.00454321691098843,0.142985701429857,0.285971402859714,1.0,NEGLIGIBLE,-1.359670308235639e-06,True
shape_only,44,global_vs_premeal,-0.0006585546705626385,-0.007062735099890581,0.005727564490809341,0.8443155684431557,1.0,0.5,NEGLIGIBLE,-1.1203017467502924e-05,True
shape_only,44,global_vs_subz,0.02275202988532984,0.001967354821728628,0.044614780680309656,0.038896110388961104,0.11668833116688332,1.0,INCONCLUSIVE,0.022069741741737644,True
shape_only,44,global_vs_subcenter,-0.0015912987766905212,-0.007384458846375141,0.0034430141304072326,0.6067393260673932,1.0,0.25,NEGLIGIBLE,-1.359670308235639e-06,True
shape_only,45,global_vs_premeal,-0.002612872398218913,-0.005315783667024304,-0.0003094736547438079,0.039896010398960104,0.07979202079792021,0.0,NEGLIGIBLE,-1.1203017467502924e-05,False
shape_only,45,global_vs_subz,0.03521308821032841,0.014794488919265152,0.05693971018272427,0.0024997500249975004,0.007499250074992501,1.0,CHANGES(small),0.022069741741737644,True
shape_only,45,global_vs_subcenter,-0.0008273776570390641,-0.0038669369954317905,0.0021063000617579683,0.6017398260173983,0.6017398260173983,0.25,NEGLIGIBLE,-1.359670308235639e-06,True
shape_only,46,global_vs_premeal,-0.0014476375775545464,-0.0035740936755534695,0.00014600372878008946,0.14108589141085892,0.42325767423257676,0.0,NEGLIGIBLE,-1.1203017467502924e-05,True
shape_only,46,global_vs_subz,0.007402216021023601,-0.010026307266937517,0.025163460609195467,0.41655834416558346,0.8331166883311669,1.0,INCONCLUSIVE,0.022069741741737644,True
shape_only,46,global_vs_subcenter,-0.0006211828994406543,-0.003460979593872579,0.0021216638960268493,0.6758324167583242,0.8331166883311669,0.25,NEGLIGIBLE,-1.359670308235639e-06,True
shape_only,47,global_vs_premeal,-0.006022550918079512,-0.013200447423590353,-0.0009246018706843303,0.0301969803019698,0.09059094090590941,0.0,NEGLIGIBLE,-1.1203017467502924e-05,False
shape_only,47,global_vs_subz,0.021437444578993107,0.0010570230414238655,0.04207155442734545,0.04999500049995,0.0999900009999,1.0,INCONCLUSIVE,0.022069741741737644,True
shape_only,47,global_vs_subcenter,-0.004531988184234195,-0.011778501835248556,0.0005863407656135746,0.14458554144585542,0.14458554144585542,0.25,NEGLIGIBLE,-1.359670308235639e-06,True
shape_only,48,global_vs_premeal,0.00020105840479430395,-0.004291078835351507,0.004615510997484839,0.9308069193080692,0.9308069193080692,0.75,NEGLIGIBLE,-1.1203017467502924e-05,True
shape_only,48,global_vs_subz,0.028431256284248047,0.009256212007365733,0.04851901332148249,0.009299070092990702,0.027897210278972105,1.0,CHANGES(small),0.022069741741737644,True
shape_only,48,global_vs_subcenter,0.0021464235994262523,-0.0017700326871041192,0.005859732813104927,0.28817118288171184,0.5763423657634237,0.75,NEGLIGIBLE,-1.359670308235639e-06,True
shape_only,49,global_vs_premeal,-0.001608444369908678,-0.00618485940989596,0.002357136653187344,0.4617538246175382,0.7455254474552545,0.0,NEGLIGIBLE,-1.1203017467502924e-05,True
shape_only,49,global_vs_subz,0.021884108466707443,0.006382886464007332,0.03818567228111152,0.012598740125987402,0.03779622037796221,1.0,CHANGES(small),0.022069741741737644,True
shape_only,49,global_vs_subcenter,-0.0012610102231484953,-0.004168995425418058,0.0010837968958445493,0.37276272372762725,0.7455254474552545,0.25,NEGLIGIBLE,-1.359670308235639e-06,True
shape_only,50,global_vs_premeal,-0.001746338969179884,-0.00358860538632993,-0.00015473225035855147,0.0458954104589541,0.0917908209179082,0.0,NEGLIGIBLE,-1.1203017467502924e-05,False
shape_only,50,global_vs_subz,0.032660346173858316,0.013471096041346647,0.05220447238572354,0.0023997600239976003,0.007199280071992801,1.0,CHANGES(small),0.022069741741737644,True
shape_only,50,global_vs_subcenter,0.00024199624308380657,-0.002522076928007001,0.002751868802839899,0.8660133986601339,0.8660133986601339,0.5,NEGLIGIBLE,-1.359670308235639e-06,True
shape_only,51,global_vs_premeal,0.002462514676905653,-0.0028686860370177865,0.00789459353988749,0.3755624437556244,0.3755624437556244,1.0,NEGLIGIBLE,-1.1203017467502924e-05,True
shape_only,51,global_vs_subz,0.050071690235479055,0.02513943521085863,0.0748592367345346,0.00029997000299970003,0.0008999100089991002,1.0,CHANGES,0.022069741741737644,False
shape_only,51,global_vs_subcenter,0.003969986335707908,-0.0005605607730434876,0.008565347807888615,0.09169083091690831,0.18338166183381663,1.0,NEGLIGIBLE,-1.359670308235639e-06,True
shape_only,52,global_vs_premeal,-0.0012910795699528964,-0.003426502368034075,0.0006446459672268159,0.23717628237176283,0.47435256474352566,0.25,NEGLIGIBLE,-1.1203017467502924e-05,True
shape_only,52,global_vs_subz,0.020216553233117125,0.0009546295533088335,0.04240996859315706,0.05849415058494151,0.17548245175482452,1.0,INCONCLUSIVE,0.022069741741737644,True
shape_only,52,global_vs_subcenter,-8.044801011775914e-05,-0.0037151745065465164,0.0034297341426642973,0.9698030196980302,0.9698030196980302,0.5,NEGLIGIBLE,-1.359670308235639e-06,True
shape_only,53,global_vs_premeal,-0.001574380436965006,-0.0046182157397075315,0.0010643876208774469,0.3093690630936906,0.6187381261873812,0.25,NEGLIGIBLE,-1.1203017467502924e-05,True
shape_only,53,global_vs_subz,0.013291053674723162,-0.003549612686182751,0.03447707066275576,0.19658034196580343,0.5897410258974103,1.0,INCONCLUSIVE,0.022069741741737644,True
shape_only,53,global_vs_subcenter,-0.0017754184486123042,-0.00629049909555546,0.0022547964673431914,0.43775622437756223,0.6187381261873812,0.0,NEGLIGIBLE,-1.359670308235639e-06,True
shape_only,54,global_vs_premeal,-0.0021288545893863556,-0.003974541821119302,-0.0005509647935192178,0.017698230176982303,0.035396460353964605,0.0,NEGLIGIBLE,-1.1203017467502924e-05,False
shape_only,54,global_vs_subz,0.033341400555134154,0.010726799840238449,0.06176705748167328,0.0096990300969903,0.0290970902909709,1.0,CHANGES(small),0.022069741741737644,True
shape_only,54,global_vs_subcenter,9.819231033311363e-05,-0.0014489560516208295,0.0015295763082070347,0.9013098690130987,0.9013098690130987,0.5,NEGLIGIBLE,-1.359670308235639e-06,True
shape_only,55,global_vs_premeal,-0.0013365211811679628,-0.006619337193162535,0.0029979318194900614,0.6201379862013798,1.0,0.25,NEGLIGIBLE,-1.1203017467502924e-05,True
shape_only,55,global_vs_subz,0.005518978144472323,-0.011413259657654766,0.021723182108377575,0.5221477852214779,1.0,1.0,INCONCLUSIVE,0.022069741741737644,False
shape_only,55,global_vs_subcenter,0.000592863103312349,-0.004463032985832561,0.00486157725571937,0.818018198180182,1.0,0.75,NEGLIGIBLE,-1.359670308235639e-06,True
shape_only,56,global_vs_premeal,-0.0014469950754722597,-0.005206205109495342,0.002034992631553666,0.46425357464253575,1.0,0.0,NEGLIGIBLE,-1.1203017467502924e-05,True
shape_only,56,global_vs_subz,0.0052666628116118976,-0.0077569901737169515,0.017481636186834813,0.42875712428757123,1.0,1.0,NEGLIGIBLE,0.022069741741737644,False
shape_only,56,global_vs_subcenter,-0.0005998598293812866,-0.005130424817078112,0.0036410606864191964,0.7965203479652034,1.0,0.25,NEGLIGIBLE,-1.359670308235639e-06,True
shape_only,57,global_vs_premeal,-0.0006797398574880805,-0.0024854564715524833,0.0009978477046313325,0.45245475452454753,0.9049095090490951,0.25,NEGLIGIBLE,-1.1203017467502924e-05,True
shape_only,57,global_vs_subz,0.031124541520509794,0.015573703439003396,0.047611772097553164,0.0006999300069993001,0.0020997900209979003,1.0,CHANGES(small),0.022069741741737644,True
shape_only,57,global_vs_subcenter,-1.5646167941947687e-05,-0.002888498078275589,0.0028111255572261335,0.9895010498950105,0.9895010498950105,0.5,NEGLIGIBLE,-1.359670308235639e-06,True
shape_only,58,global_vs_premeal,-0.00038329323348792446,-0.004870313746994187,0.004116767150990867,0.8713128687131287,1.0,0.25,NEGLIGIBLE,-1.1203017467502924e-05,True
shape_only,58,global_vs_subz,0.030419970664845565,0.01343910916655394,0.049596479924310606,0.0022997700229977,0.0068993100689931,1.0,CHANGES(small),0.022069741741737644,True
shape_only,58,global_vs_subcenter,0.002166971354220656,-0.0038554409915787717,0.008928541544753239,0.5111488851114888,1.0,1.0,NEGLIGIBLE,-1.359670308235639e-06,True
shape_only,59,global_vs_premeal,-0.002888522659397239,-0.008656279371262189,0.0021031889517833307,0.3153684631536846,0.3153684631536846,0.0,NEGLIGIBLE,-1.1203017467502924e-05,True
shape_only,59,global_vs_subz,0.010657368057369743,-0.0031351420434056563,0.023126180630750136,0.12908709129087093,0.25817418258174185,1.0,INCONCLUSIVE,0.022069741741737644,True
shape_only,59,global_vs_subcenter,-0.0056283233522693345,-0.011778784676245527,-0.00015288317540993997,0.06179382061793821,0.18538146185381463,0.0,NEGLIGIBLE,-1.359670308235639e-06,False
shape_only,60,global_vs_premeal,-0.000307573726889226,-0.0021934428621546544,0.0015125279268997204,0.7497250274972502,0.7625237476252374,0.25,NEGLIGIBLE,-1.1203017467502924e-05,True
shape_only,60,global_vs_subz,0.028388004917690834,0.006697694396160737,0.055363794727540556,0.017798220177982202,0.053394660533946606,1.0,INCONCLUSIVE,0.022069741741737644,True
shape_only,60,global_vs_subcenter,0.0007989813000039096,-0.0009653097391251079,0.002447474405963743,0.3812618738126187,0.7625237476252374,1.0,NEGLIGIBLE,-1.359670308235639e-06,True
shape_only,61,global_vs_premeal,-0.0010615532645254556,-0.001837074342259575,-0.00037627683200282724,0.005599440055994401,0.016798320167983202,0.0,NEGLIGIBLE,-1.1203017467502924e-05,False
shape_only,61,global_vs_subz,0.02178890693876494,0.00431475783819389,0.03900534833340217,0.021897810218978103,0.043795620437956206,1.0,CHANGES(small),0.022069741741737644,True
shape_only,61,global_vs_subcenter,-0.00022778198446469776,-0.0017165291775911534,0.0013145984194897938,0.7726227377262274,0.7726227377262274,0.25,NEGLIGIBLE,-1.359670308235639e-06,True
shape_only,62,global_vs_premeal,-0.0012469040911432048,-0.004412044598000292,0.0015754401573140162,0.4226577342265773,0.8453154684531546,0.25,NEGLIGIBLE,-1.1203017467502924e-05,True
shape_only,62,global_vs_subz,0.027311373033743674,0.011727996352162656,0.044210398005276305,0.0012998700129987,0.0038996100389961,1.0,CHANGES(small),0.022069741741737644,True
shape_only,62,global_vs_subcenter,-7.419131575371209e-09,-0.0031707393987260237,0.0031572608166548395,1.0,1.0,0.5,NEGLIGIBLE,-1.359670308235639e-06,True
shape_only,63,global_vs_premeal,0.0006573223942301347,-0.003653975933376628,0.004836182989034919,0.7754224577542246,0.7754224577542246,0.75,NEGLIGIBLE,-1.1203017467502924e-05,True
shape_only,63,global_vs_subz,0.011197019368458475,-0.005063543902024426,0.026749030107528594,0.18068193180681932,0.5420457954204579,1.0,INCONCLUSIVE,0.022069741741737644,True
shape_only,63,global_vs_subcenter,0.0020403046860115234,-0.0014577902795680575,0.005531610824283029,0.27187281271872815,0.5437456254374563,1.0,NEGLIGIBLE,-1.359670308235639e-06,True
shape_only,64,global_vs_premeal,-0.0002854921241079236,-0.002409304969011785,0.0018325099005097472,0.7945205479452054,0.7945205479452054,0.25,NEGLIGIBLE,-1.1203017467502924e-05,True
shape_only,64,global_vs_subz,0.014122115749024434,-0.0027763892944045005,0.03243905252994552,0.132986701329867,0.398960103989601,1.0,INCONCLUSIVE,0.022069741741737644,True
shape_only,64,global_vs_subcenter,0.001430682244125609,-0.0011268868399100164,0.004064196730923757,0.29917008299170084,0.5983401659834017,1.0,NEGLIGIBLE,-1.359670308235639e-06,True
shape_only,65,global_vs_premeal,-0.0012826632637975564,-0.0026712855292019308,-0.00015709874292922483,0.0446955304469553,0.10318968103189682,0.0,NEGLIGIBLE,-1.1203017467502924e-05,False
shape_only,65,global_vs_subz,0.01987254730967959,0.0033300780658821224,0.03664339128193682,0.034396560343965606,0.10318968103189682,1.0,INCONCLUSIVE,0.022069741741737644,True
shape_only,65,global_vs_subcenter,-7.669771353880519e-06,-0.0014356285142100478,0.001211887170354643,0.9916008399160084,0.9916008399160084,0.5,NEGLIGIBLE,-1.359670308235639e-06,True
shape_only,66,global_vs_premeal,-0.0009363172369679917,-0.0017320815508384572,-0.00023986059411905156,0.023697630236976304,0.07109289071092892,0.0,NEGLIGIBLE,-1.1203017467502924e-05,False
shape_only,66,global_vs_subz,0.022143255407103303,0.0018153821847560986,0.04620366436032808,0.056694330566943306,0.11338866113388661,1.0,INCONCLUSIVE,0.022069741741737644,True
shape_only,66,global_vs_subcenter,-0.0004376119031239217,-0.0037317057213311082,0.002861513925413807,0.7956204379562044,0.7956204379562044,0.5,NEGLIGIBLE,-1.359670308235639e-06,True
shape_only,67,global_vs_premeal,0.0011349563848992114,-0.0025272177994606535,0.005019844958078895,0.5662433756624338,0.9293070692930707,0.75,NEGLIGIBLE,-1.1203017467502924e-05,True
shape_only,67,global_vs_subz,0.02678505421758941,0.008559247461169109,0.0479629561695771,0.006899310068993101,0.0206979302069793,1.0,CHANGES(small),0.022069741741737644,True
shape_only,67,global_vs_subcenter,0.0017692878711096731,-0.002819111486901108,0.006457441150783627,0.46465353464653536,0.9293070692930707,0.75,NEGLIGIBLE,-1.359670308235639e-06,True
shape_only,68,global_vs_premeal,-0.0009159755598863778,-0.0038277349852898716,0.0017154005651669488,0.5227477252274773,1.0,0.0,NEGLIGIBLE,-1.1203017467502924e-05,True
shape_only,68,global_vs_subz,0.004474544239051697,-0.01268033002627496,0.021841261062011775,0.6152384761523848,1.0,1.0,INCONCLUSIVE,0.022069741741737644,False
shape_only,68,global_vs_subcenter,-0.0029447390940593285,-0.007058594421892261,0.0013326695909257164,0.201979802019798,0.605939406059394,0.0,NEGLIGIBLE,-1.359670308235639e-06,True
shape_only,69,global_vs_premeal,-0.0017617104913199312,-0.0066794507626709385,0.002295313683393388,0.4844515548445156,0.9689031096890312,0.0,NEGLIGIBLE,-1.1203017467502924e-05,True
shape_only,69,global_vs_subz,0.025174247505898136,0.010352949309616478,0.0408667942256765,0.0037996200379962005,0.011398860113988602,1.0,CHANGES(small),0.022069741741737644,True
shape_only,69,global_vs_subcenter,0.001151138810751362,-0.002518436881666597,0.004533147498026157,0.5491450854914508,0.9689031096890312,0.75,NEGLIGIBLE,-1.359670308235639e-06,True
shape_only,70,global_vs_premeal,-0.002786161615661285,-0.0047655458080671335,-0.0011881235626792735,0.0021997800219978004,0.006599340065993401,0.0,NEGLIGIBLE,-1.1203017467502924e-05,False
shape_only,70,global_vs_subz,0.0162705238075606,0.004349515796344568,0.02901118118003,0.0163983601639836,0.0327967203279672,1.0,CHANGES(small),0.022069741741737644,True
shape_only,70,global_vs_subcenter,-0.000855941056692614,-0.0030177123407108537,0.0009324700687459851,0.41855814418558146,0.41855814418558146,0.5,NEGLIGIBLE,-1.359670308235639e-06,True
shape_only,71,global_vs_premeal,-0.0008260746897642095,-0.004505089580189834,0.0027301222220021504,0.6523347665233477,0.6523347665233477,0.25,NEGLIGIBLE,-1.1203017467502924e-05,True
shape_only,71,global_vs_subz,0.01907647526204732,0.005397578925172037,0.034018807687017934,0.013598640135986401,0.04079592040795921,1.0,CHANGES(small),0.022069741741737644,True
shape_only,71,global_vs_subcenter,-0.002687148119701821,-0.007270053325856198,0.001607843042246752,0.24867513248675133,0.49735026497350265,0.0,NEGLIGIBLE,-1.359670308235639e-06,True
shape_only,72,global_vs_premeal,-0.0016316841539192764,-0.0028712964027410716,-0.0004825298515801338,0.0100989901009899,0.030296970302969704,0.0,NEGLIGIBLE,-1.1203017467502924e-05,False
shape_only,72,global_vs_subz,0.02508716828277509,0.000539060680150904,0.04918456350088174,0.057894210578942104,0.11578842115788421,1.0,INCONCLUSIVE,0.022069741741737644,True
shape_only,72,global_vs_subcenter,-0.0006320710872972724,-0.0017089083414884986,0.00042670161452410134,0.2732726727327267,0.2732726727327267,0.25,NEGLIGIBLE,-1.359670308235639e-06,True
shape_only,73,global_vs_premeal,0.0003426852129368366,-0.007653675976860961,0.008255953144344907,0.94000599940006,1.0,0.5,NEGLIGIBLE,-1.1203017467502924e-05,True
shape_only,73,global_vs_subz,0.0136938843159592,-0.0029568434961852828,0.0352143278502363,0.17298270172982702,0.5189481051894811,1.0,INCONCLUSIVE,0.022069741741737644,True
shape_only,73,global_vs_subcenter,0.0017216939208560171,-0.0037566688632017717,0.007325416993269466,0.5531446855314468,1.0,0.75,NEGLIGIBLE,-1.359670308235639e-06,True
shape_only,74,global_vs_premeal,-0.0010421681806326146,-0.0018444112933677689,-0.00041512331317218094,0.0014998500149985001,0.0044995500449955,0.0,NEGLIGIBLE,-1.1203017467502924e-05,False
shape_only,74,global_vs_subz,0.032505043425822645,0.014228000658797693,0.05265927744907918,0.0014998500149985001,0.0044995500449955,1.0,CHANGES(small),0.022069741741737644,True
shape_only,74,global_vs_subcenter,-0.0009261512946853462,-0.0038816931346049408,0.002265047661443539,0.5808419158084192,0.5808419158084192,0.0,NEGLIGIBLE,-1.359670308235639e-06,True
shape_only,75,global_vs_premeal,-0.0012085188387192139,-0.003441672485722071,0.0008084675197616271,0.26577342265773424,0.5315468453154685,0.0,NEGLIGIBLE,-1.1203017467502924e-05,True
shape_only,75,global_vs_subz,0.022482222308937098,0.0010804725165115066,0.042126372591352726,0.036096390360963904,0.10828917108289171,1.0,INCONCLUSIVE,0.022069741741737644,True
shape_only,75,global_vs_subcenter,0.0011747612595314609,-0.0019479613512694601,0.004576617830642225,0.512048795120488,0.5315468453154685,1.0,NEGLIGIBLE,-1.359670308235639e-06,True
shape_only,76,global_vs_premeal,-0.00029343627453269573,-0.0038425808789189094,0.003149758752820604,0.8720127987201279,1.0,0.5,NEGLIGIBLE,-1.1203017467502924e-05,True
shape_only,76,global_vs_subz,0.022836472710863576,0.0028444083522123254,0.04554942226978361,0.046495350464953504,0.1394860513948605,1.0,INCONCLUSIVE,0.022069741741737644,True
shape_only,76,global_vs_subcenter,-0.000607423910993601,-0.00486918737353079,0.0033700806675275945,0.7798220177982201,1.0,0.5,NEGLIGIBLE,-1.359670308235639e-06,True
shape_only,77,global_vs_premeal,-0.0006783326338833492,-0.0039449500891481255,0.0023118274647844334,0.6928307169283072,1.0,0.25,NEGLIGIBLE,-1.1203017467502924e-05,True
shape_only,77,global_vs_subz,0.022363032584880795,0.00348649338724631,0.03987026687718764,0.020397960203979604,0.06119388061193881,1.0,INCONCLUSIVE,0.022069741741737644,True
shape_only,77,global_vs_subcenter,0.0005659163790721568,-0.0020627171535368242,0.003327304222122994,0.689031096890311,1.0,1.0,NEGLIGIBLE,-1.359670308235639e-06,True
shape_only,78,global_vs_premeal,0.0014512676683008437,-0.0045442676985238736,0.007117602143245045,0.6388361163883611,1.0,0.75,NEGLIGIBLE,-1.1203017467502924e-05,True
shape_only,78,global_vs_subz,0.034813287361419025,0.016631478362800822,0.05245694220903397,0.0004999500049995,0.0014998500149985001,1.0,CHANGES(small),0.022069741741737644,True
shape_only,78,global_vs_subcenter,0.0012775658129027037,-0.003814026112484842,0.0059224152237684355,0.6252374762523748,1.0,0.75,NEGLIGIBLE,-1.359670308235639e-06,True
shape_only,79,global_vs_premeal,-0.0018177425709230003,-0.0035857546834507058,-1.4569737543894004e-05,0.05829417058294171,0.11658834116588342,0.0,NEGLIGIBLE,-1.1203017467502924e-05,False
shape_only,79,global_vs_subz,0.021276672813033644,0.005801415576951129,0.03821600498961068,0.011998800119988001,0.035996400359964,1.0,CHANGES(small),0.022069741741737644,True
shape_only,79,global_vs_subcenter,-0.0017718436596676507,-0.006960180333912676,0.003790797712880837,0.5329467053294671,0.5329467053294671,0.0,NEGLIGIBLE,-1.359670308235639e-06,True
shape_only,80,global_vs_premeal,-7.666022505343638e-05,-0.0053889978775968255,0.005221511685698418,0.9779022097790221,1.0,0.5,NEGLIGIBLE,-1.1203017467502924e-05,True
shape_only,80,global_vs_subz,0.03233274484531607,0.013055883419786281,0.053158520603866416,0.0020997900209979003,0.006299370062993701,1.0,CHANGES(small),0.022069741741737644,True
shape_only,80,global_vs_subcenter,0.0009192163195240419,-0.002210491567878576,0.003967417814012981,0.5585441455854414,1.0,0.75,NEGLIGIBLE,-1.359670308235639e-06,True
shape_only,81,global_vs_premeal,-0.002363939908854213,-0.003590733186542377,-0.0012154953816027397,0.0006999300069993001,0.0013998600139986002,0.0,NEGLIGIBLE,-1.1203017467502924e-05,False
shape_only,81,global_vs_subz,0.042147778860089725,0.024844480604905416,0.060530555168164205,9.999000099990002e-05,0.00029997000299970003,1.0,CHANGES,0.022069741741737644,False
shape_only,81,global_vs_subcenter,0.0007368168389111078,-0.002164528137038554,0.0040777023460483435,0.6525347465253475,0.6525347465253475,0.75,NEGLIGIBLE,-1.359670308235639e-06,True
shape_only,82,global_vs_premeal,-0.0007989967899015943,-0.0041591791154826025,0.0024402659311932215,0.669033096690331,1.0,0.25,NEGLIGIBLE,-1.1203017467502924e-05,True
shape_only,82,global_vs_subz,0.002516301292306842,-0.017207479134500044,0.021719295633374307,0.801919808019198,1.0,1.0,INCONCLUSIVE,0.022069741741737644,False
shape_only,82,global_vs_subcenter,-0.0006462952424473167,-0.005246909950142161,0.004375948638493851,0.7957204279572043,1.0,0.25,NEGLIGIBLE,-1.359670308235639e-06,True
shape_only,83,global_vs_premeal,-0.0017054887321207104,-0.0057644928650911675,0.0018272161625393487,0.38566143385661433,0.7713228677132287,0.25,NEGLIGIBLE,-1.1203017467502924e-05,True
shape_only,83,global_vs_subz,0.03917246428283043,0.01917633241009179,0.059049772872932456,0.00039996000399960006,0.0011998800119988001,1.0,CHANGES(small),0.022069741741737644,True
shape_only,83,global_vs_subcenter,-0.0016639902798084194,-0.007153791936202328,0.003677188907383592,0.5571442855714429,0.7713228677132287,0.0,NEGLIGIBLE,-1.359670308235639e-06,True
shape_only,84,global_vs_premeal,-0.000994560547699143,-0.0026006848249994796,0.00035842198168398886,0.23757624237576241,0.23757624237576241,0.0,NEGLIGIBLE,-1.1203017467502924e-05,True
shape_only,84,global_vs_subz,0.02483302048549864,0.011258345356850058,0.040694258045596336,0.0020997900209979003,0.006299370062993701,1.0,CHANGES(small),0.022069741741737644,True
shape_only,84,global_vs_subcenter,0.0016018679435815543,8.584568767152881e-05,0.0031603072648584756,0.055094490550944904,0.11018898110188981,1.0,NEGLIGIBLE,-1.359670308235639e-06,False
shape_only,85,global_vs_premeal,-0.0013284487764474832,-0.002939989064439774,3.481689063642088e-05,0.0796920307969203,0.1593840615938406,0.25,NEGLIGIBLE,-1.1203017467502924e-05,True
shape_only,85,global_vs_subz,0.03238490498191402,0.013677360888516945,0.05230533831333763,0.0022997700229977,0.0068993100689931,1.0,CHANGES(small),0.022069741741737644,True
shape_only,85,global_vs_subcenter,-8.249676916507118e-07,-0.002042921274011851,0.002024163195103229,0.9995000499950005,0.9995000499950005,0.5,NEGLIGIBLE,-1.359670308235639e-06,True
shape_only,86,global_vs_premeal,-0.0011446776912469802,-0.004869522546358184,0.0017501988041441754,0.5341465853414659,0.5341465853414659,0.25,NEGLIGIBLE,-1.1203017467502924e-05,True
shape_only,86,global_vs_subz,0.013991353379274313,-0.0007566151930207276,0.029849155916657186,0.08399160083991601,0.251974802519748,1.0,INCONCLUSIVE,0.022069741741737644,True
shape_only,86,global_vs_subcenter,-0.0028793663845069796,-0.006722415436014666,0.0006515577571786702,0.14998500149985,0.2999700029997,0.0,NEGLIGIBLE,-1.359670308235639e-06,True
shape_only,87,global_vs_premeal,-0.0022433077910018304,-0.004786153352265967,-0.000422384201541864,0.0165983401659834,0.0331966803319668,0.0,NEGLIGIBLE,-1.1203017467502924e-05,False
shape_only,87,global_vs_subz,0.028053007208697085,0.012759982042147497,0.043344961702213795,0.0022997700229977,0.0068993100689931,1.0,CHANGES(small),0.022069741741737644,True
shape_only,87,global_vs_subcenter,-0.0009289922798508467,-0.004724789470943028,0.002621693432622611,0.6416358364163584,0.6416358364163584,0.25,NEGLIGIBLE,-1.359670308235639e-06,True
shape_only,88,global_vs_premeal,0.005258542047604164,-0.008281949441503763,0.018125112860743496,0.4497550244975502,0.7689231076892311,1.0,NEGLIGIBLE,-1.1203017467502924e-05,True
shape_only,88,global_vs_subz,0.031123343646982448,0.008416853534874596,0.053343915721730695,0.014498550144985502,0.043495650434956505,1.0,CHANGES(small),0.022069741741737644,True
shape_only,88,global_vs_subcenter,0.0055469800496317275,-0.006719365784387446,0.017418725830986418,0.38446155384461556,0.7689231076892311,1.0,NEGLIGIBLE,-1.359670308235639e-06,True
shape_only,89,global_vs_premeal,-0.0008889147767030441,-0.0017624335933461572,-9.755420214814347e-05,0.048595140485951406,0.14578542145785423,0.0,NEGLIGIBLE,-1.1203017467502924e-05,False
shape_only,89,global_vs_subz,0.01622433711496612,-0.00017471858371317188,0.0345819994458405,0.08549145085491451,0.17098290170982902,1.0,INCONCLUSIVE,0.022069741741737644,True
shape_only,89,global_vs_subcenter,-0.0010348424877348343,-0.0032834538856851506,0.0013197877144099526,0.39976002399760024,0.39976002399760024,0.25,NEGLIGIBLE,-1.359670308235639e-06,True
shape_only,90,global_vs_premeal,-0.001084260298917228,-0.005442031564490094,0.0026399803908553265,0.5940405959404059,1.0,0.25,NEGLIGIBLE,-1.1203017467502924e-05,True
shape_only,90,global_vs_subz,0.019138245036978592,-0.002609221263527899,0.044501544561681455,0.12468753124687532,0.37406259374062595,1.0,INCONCLUSIVE,0.022069741741737644,True
shape_only,90,global_vs_subcenter,0.0010246398346767235,-0.0026156111286442197,0.004295349786801673,0.5775422457754225,1.0,0.5,NEGLIGIBLE,-1.359670308235639e-06,True
shape_only,91,global_vs_premeal,0.005120723035204708,-0.0022877759077964055,0.011982008411149459,0.15898410158984103,0.31796820317968205,1.0,NEGLIGIBLE,-1.1203017467502924e-05,True
shape_only,91,global_vs_subz,0.01996792595668066,0.006659318043530914,0.03436390138183174,0.006999300069993001,0.020997900209979003,1.0,CHANGES(small),0.022069741741737644,True
shape_only,91,global_vs_subcenter,0.003214171447611652,-0.002374396870770529,0.008681161187324732,0.2725727427257274,0.31796820317968205,1.0,NEGLIGIBLE,-1.359670308235639e-06,True
shape_only,92,global_vs_premeal,-0.0024869946344766697,-0.004075691397501276,-0.0011666659547229388,0.00029997000299970003,0.0008999100089991002,0.0,NEGLIGIBLE,-1.1203017467502924e-05,False
shape_only,92,global_vs_subz,0.03301409963375533,0.014141890059565992,0.05261760035716833,0.0016998300169983002,0.0033996600339966003,1.0,CHANGES(small),0.022069741741737644,True
shape_only,92,global_vs_subcenter,-0.001221895013069298,-0.0025489204982656966,-2.477598704101316e-06,0.06919308069193081,0.06919308069193081,0.5,NEGLIGIBLE,-1.359670308235639e-06,False
shape_only,93,global_vs_premeal,-0.003660118539562125,-0.007716216710723607,-0.0008853511765967835,0.0098990100989901,0.029697030296970302,0.25,NEGLIGIBLE,-1.1203017467502924e-05,False
shape_only,93,global_vs_subz,0.013517063839295304,0.0002901554275091567,0.027509641745608517,0.061493850614938506,0.12298770122987701,1.0,INCONCLUSIVE,0.022069741741737644,True
shape_only,93,global_vs_subcenter,-0.0004037864546380678,-0.004167853921957019,0.0022391229402505416,0.8868113188681132,0.8868113188681132,0.5,NEGLIGIBLE,-1.359670308235639e-06,True
shape_only,94,global_vs_premeal,-0.0012843883277084257,-0.0058139060802240424,0.002507299620997208,0.5403459654034597,1.0,0.0,NEGLIGIBLE,-1.1203017467502924e-05,True
shape_only,94,global_vs_subz,0.020397328470883495,0.00015943804954564303,0.04056144145588732,0.058194180581941805,0.1745825417458254,1.0,INCONCLUSIVE,0.022069741741737644,True
shape_only,94,global_vs_subcenter,-0.0006976967345031541,-0.006535261445516771,0.004309780544025976,0.7998200179982001,1.0,0.25,NEGLIGIBLE,-1.359670308235639e-06,True
shape_only,95,global_vs_premeal,-0.00017554285736271023,-0.003799613953336272,0.0027081063253096907,0.9224077592240776,1.0,0.5,NEGLIGIBLE,-1.1203017467502924e-05,True
shape_only,95,global_vs_subz,0.023752546707374887,0.008228165020927115,0.04139374251679398,0.0058994100589941,0.0176982301769823,1.0,CHANGES(small),0.022069741741737644,True
shape_only,95,global_vs_subcenter,0.00035283621056662895,-0.0036198027286505237,0.004628932701464239,0.8691130886911309,1.0,0.5,NEGLIGIBLE,-1.359670308235639e-06,True
shape_only,96,global_vs_premeal,-0.002759947943177101,-0.005007282580541898,-0.0010554984203507026,0.0006999300069993001,0.0020997900209979003,0.0,NEGLIGIBLE,-1.1203017467502924e-05,False
shape_only,96,global_vs_subz,0.01898688485923743,0.0030705153376280633,0.036145626036573675,0.027697230276972302,0.055394460553944605,1.0,INCONCLUSIVE,0.022069741741737644,True
shape_only,96,global_vs_subcenter,-0.0011649206637357864,-0.003045450922246912,0.0005483996553454181,0.23247675232476753,0.23247675232476753,0.5,NEGLIGIBLE,-1.359670308235639e-06,True
shape_only,97,global_vs_premeal,0.0026574739218634875,-0.0016717251307972266,0.007142666227478877,0.2636736326367363,0.3635636436356364,1.0,NEGLIGIBLE,-1.1203017467502924e-05,True
shape_only,97,global_vs_subz,0.011349783486569181,-0.004002240206278953,0.02668027732078569,0.1817818218178182,0.3635636436356364,1.0,INCONCLUSIVE,0.022069741741737644,True
shape_only,97,global_vs_subcenter,0.004054627693839071,-0.0007598223024269376,0.008703611508353196,0.12088791120887911,0.36266373362663734,1.0,NEGLIGIBLE,-1.359670308235639e-06,True
shape_only,98,global_vs_premeal,-8.841058708786209e-06,-0.005333466637433844,0.005099036975574503,0.9975002499750025,1.0,0.25,NEGLIGIBLE,-1.1203017467502924e-05,True
shape_only,98,global_vs_subz,0.019093184446822873,0.0023198576513288258,0.037472396145725693,0.035096490350964904,0.10528947105289471,1.0,INCONCLUSIVE,0.022069741741737644,True
shape_only,98,global_vs_subcenter,-0.0025912074542621772,-0.010377949330960094,0.005442462169655073,0.5284471552844715,1.0,0.25,NEGLIGIBLE,-1.359670308235639e-06,True
shape_only,99,global_vs_premeal,-0.0032679995714004306,-0.005093050328581201,-0.0016160997834955778,0.0006999300069993001,0.0020997900209979003,0.0,NEGLIGIBLE,-1.1203017467502924e-05,False
shape_only,99,global_vs_subz,0.021237333737519612,0.008334753685802129,0.034944409264597937,0.0030996900309969004,0.006199380061993801,1.0,CHANGES(small),0.022069741741737644,True
shape_only,99,global_vs_subcenter,-0.00010666799524646139,-0.0017997206911494188,0.0015065545957232565,0.9031096890310969,0.9031096890310969,0.5,NEGLIGIBLE,-1.359670308235639e-06,True
shape_only,100,global_vs_premeal,-0.0006802363710114401,-0.004326190260078954,0.0018749165519910728,0.8375162483751625,1.0,0.25,NEGLIGIBLE,-1.1203017467502924e-05,True
shape_only,100,global_vs_subz,0.013776219281474501,-0.004596900987654506,0.03193391497884944,0.1434856514348565,0.43045695430456954,1.0,INCONCLUSIVE,0.022069741741737644,True
shape_only,100,global_vs_subcenter,0.0003859029095249604,-0.0035478800267122056,0.0034357352888481855,0.8917108289171083,1.0,0.75,NEGLIGIBLE,-1.359670308235639e-06,True
shape_only,101,global_vs_premeal,-0.0008465098119661918,-0.001572447143130641,-0.00020359699022107872,0.014098590140985901,0.04229577042295771,0.0,NEGLIGIBLE,-1.1203017467502924e-05,False
shape_only,101,global_vs_subz,0.010857820896297608,-0.005866419260112234,0.02717938521008906,0.20997900209979,0.41995800419958,1.0,INCONCLUSIVE,0.022069741741737644,True
shape_only,101,global_vs_subcenter,0.00018006707598833076,-0.0017457333484142312,0.0023989727108042935,0.8676132386761324,0.8676132386761324,0.25,NEGLIGIBLE,-1.359670308235639e-06,True
shape_only,102,global_vs_premeal,-0.0006060567045540792,-0.0031932684272994007,0.0016505600800075307,0.6267373262673732,1.0,0.5,NEGLIGIBLE,-1.1203017467502924e-05,True
shape_only,102,global_vs_subz,0.026848425036895242,0.009702433890247233,0.04634806235367412,0.0051994800519948,0.0155984401559844,1.0,CHANGES(small),0.022069741741737644,True
shape_only,102,global_vs_subcenter,-0.0005166940987963004,-0.0029789312988821584,0.00169912033130814,0.6632336766323368,1.0,0.75,NEGLIGIBLE,-1.359670308235639e-06,True
shape_only,103,global_vs_premeal,-0.0014381687408134784,-0.003690457229255485,0.0005706857804931337,0.22927707229277072,0.45855414458554145,0.0,NEGLIGIBLE,-1.1203017467502924e-05,True
shape_only,103,global_vs_subz,0.0350946217260661,0.019384914012643237,0.05359682707483668,9.999000099990002e-05,0.00029997000299970003,1.0,CHANGES(small),0.022069741741737644,True
shape_only,103,global_vs_subcenter,3.952318639591547e-05,-0.0024747647367470696,0.002384692839241522,0.9772022797720228,0.9772022797720228,0.5,NEGLIGIBLE,-1.359670308235639e-06,True
shape_only,104,global_vs_premeal,-0.0013890532152589384,-0.003999333918377482,0.0007962588768471062,0.27587241275872415,0.5517448255174483,0.0,NEGLIGIBLE,-1.1203017467502924e-05,True
shape_only,104,global_vs_subz,0.018602254065406817,0.0033798468519760224,0.03456713257550187,0.019198080191980802,0.05759424057594241,1.0,INCONCLUSIVE,0.022069741741737644,True
shape_only,104,global_vs_subcenter,0.0004822034124663863,-0.0021469867507421044,0.0028970883543440514,0.7261273872612739,0.7261273872612739,0.75,NEGLIGIBLE,-1.359670308235639e-06,True
shape_only,105,global_vs_premeal,-5.1213595858864866e-05,-0.0033165534074646834,0.0031718283056810796,0.9772022797720228,0.9772022797720228,0.5,NEGLIGIBLE,-1.1203017467502924e-05,True
shape_only,105,global_vs_subz,0.05250485607801313,0.03178801112368092,0.07382848914047309,9.999000099990002e-05,0.00029997000299970003,1.0,CHANGES,0.022069741741737644,False
shape_only,105,global_vs_subcenter,0.0016711051180067296,-0.002382216244322773,0.005924103560961068,0.44485551444855514,0.8897110288971103,0.75,NEGLIGIBLE,-1.359670308235639e-06,True
shape_only,106,global_vs_premeal,-0.0009801480353090212,-0.018937784350920715,0.012910452940987157,0.9483051694830517,1.0,0.25,NEGLIGIBLE,-1.1203017467502924e-05,True
shape_only,106,global_vs_subz,0.017920886796129996,-0.006512292030126974,0.04008992309201696,0.144985501449855,0.434956504349565,1.0,INCONCLUSIVE,0.022069741741737644,True
shape_only,106,global_vs_subcenter,-0.002957257605940859,-0.019544844976004217,0.00935221589032995,0.8548145185481452,1.0,0.0,NEGLIGIBLE,-1.359670308235639e-06,True
shape_only,107,global_vs_premeal,-0.0005013107875975558,-0.002136713167138486,0.0010488841544986573,0.5491450854914508,0.7179282071792821,0.25,NEGLIGIBLE,-1.1203017467502924e-05,True
shape_only,107,global_vs_subz,0.03422468374857075,0.01237346114512807,0.05809686767537361,0.004199580041995801,0.012598740125987402,1.0,CHANGES(small),0.022069741741737644,True
shape_only,107,global_vs_subcenter,0.000624245425979808,-0.000738726438179375,0.0019274756765650125,0.35896410358964104,0.7179282071792821,0.75,NEGLIGIBLE,-1.359670308235639e-06,True
shape_only,108,global_vs_premeal,-0.0009340811244944609,-0.0037692207469903574,0.0019011567210052874,0.5221477852214779,1.0,0.25,NEGLIGIBLE,-1.1203017467502924e-05,True
shape_only,108,global_vs_subz,0.03226204502575502,0.017414141155729222,0.04768518210556545,9.999000099990002e-05,0.00029997000299970003,1.0,CHANGES(small),0.022069741741737644,True
shape_only,108,global_vs_subcenter,-0.0007018711807643622,-0.00384693868169444,0.002234722705001363,0.656934306569343,1.0,0.5,NEGLIGIBLE,-1.359670308235639e-06,True
shape_only,109,global_vs_premeal,-0.0009863083876646345,-0.004890622070958452,0.0026726518628826337,0.6308369163083691,1.0,0.25,NEGLIGIBLE,-1.1203017467502924e-05,True
shape_only,109,global_vs_subz,0.022914074151111342,0.002118189177168062,0.04373142073912844,0.03949605039496051,0.11848815118488151,1.0,INCONCLUSIVE,0.022069741741737644,True
shape_only,109,global_vs_subcenter,-0.0008705787119660655,-0.004947250996661076,0.0032070723892759596,0.6797320267973203,1.0,0.25,NEGLIGIBLE,-1.359670308235639e-06,True
shape_only,110,global_vs_premeal,1.939076716245557e-05,-0.0038908502062724184,0.004136255185229832,0.9928007199280072,1.0,0.25,NEGLIGIBLE,-1.1203017467502924e-05,True
shape_only,110,global_vs_subz,0.02704480120498864,0.011616815457578613,0.045646302498265776,0.0012998700129987,0.0038996100389961,1.0,CHANGES(small),0.022069741741737644,True
shape_only,110,global_vs_subcenter,0.0010226675332399384,-0.001970162667432444,0.00401592245572646,0.5143485651434857,1.0,0.75,NEGLIGIBLE,-1.359670308235639e-06,True
shape_only,111,global_vs_premeal,-0.004570916867677021,-0.007641306729723924,-0.0021954673696102486,9.999000099990002e-05,0.00029997000299970003,0.0,NEGLIGIBLE,-1.1203017467502924e-05,False
shape_only,111,global_vs_subz,0.014241104907103746,-0.0010801963890881752,0.02985182759364412,0.0847915208479152,0.1695830416958304,1.0,INCONCLUSIVE,0.022069741741737644,True
shape_only,111,global_vs_subcenter,-0.0021286970104215644,-0.005159176688414778,0.0002888465734289878,0.1337866213378662,0.1695830416958304,0.0,NEGLIGIBLE,-1.359670308235639e-06,True
shape_only,112,global_vs_premeal,-0.0018877764417126958,-0.004742160931140041,0.0008075471036570927,0.18998100189981001,0.37996200379962003,0.0,NEGLIGIBLE,-1.1203017467502924e-05,True
shape_only,112,global_vs_subz,0.03536744066049636,0.01881045960907253,0.05163903998135201,0.0004999500049995,0.0014998500149985001,1.0,CHANGES(small),0.022069741741737644,True
shape_only,112,global_vs_subcenter,-0.00014930350106329547,-0.0033642189368444033,0.0030553114811053346,0.9277072292770723,0.9277072292770723,0.75,NEGLIGIBLE,-1.359670308235639e-06,True
shape_only,113,global_vs_premeal,-0.0010959001843588608,-0.0019200134804353182,-0.00037345846924640076,0.0066993300669933005,0.020097990200979902,0.0,NEGLIGIBLE,-1.1203017467502924e-05,False
shape_only,113,global_vs_subz,0.023666263305226736,0.0004259072255384282,0.046732520215611674,0.055694430556944306,0.11138886111388861,1.0,INCONCLUSIVE,0.022069741741737644,True
shape_only,113,global_vs_subcenter,0.0009650428599233872,-0.0009364408912113433,0.003321922602562647,0.42705729427057293,0.42705729427057293,1.0,NEGLIGIBLE,-1.359670308235639e-06,True
shape_only,114,global_vs_premeal,-0.00620869114303591,-0.017129780762399533,0.001322532600078404,0.2151784821517848,0.2151784821517848,0.0,NEGLIGIBLE,-1.1203017467502924e-05,True
shape_only,114,global_vs_subz,0.03409386322653657,0.009714886638745632,0.06085750566152345,0.008899110088991101,0.026697330266973303,1.0,CHANGES(small),0.022069741741737644,True
shape_only,114,global_vs_subcenter,-0.007717219404303364,-0.013298181043360207,-0.0019469388794901637,0.0201979802019798,0.0403959604039596,0.0,NEGLIGIBLE,-1.359670308235639e-06,False
shape_only,115,global_vs_premeal,-0.00022689554086073268,-0.0023383658227265364,0.0016990379485906733,0.8393160683931606,1.0,0.25,NEGLIGIBLE,-1.1203017467502924e-05,True
shape_only,115,global_vs_subz,0.023150717388151144,0.00966142596316388,0.03867087192855546,0.0026997300269973002,0.0080991900809919,1.0,CHANGES(small),0.022069741741737644,True
shape_only,115,global_vs_subcenter,0.00047369986314315,-0.002076629798244262,0.0033218729817932964,0.7569243075692431,1.0,0.75,NEGLIGIBLE,-1.359670308235639e-06,True
shape_only,116,global_vs_premeal,-0.00200004626348434,-0.003368787485229594,-0.0008777949957231029,0.00039996000399960006,0.0011998800119988001,0.0,NEGLIGIBLE,-1.1203017467502924e-05,False
shape_only,116,global_vs_subz,0.033395252842085464,0.015934781844365527,0.05258857526190225,0.0011998800119988001,0.0023997600239976003,1.0,CHANGES(small),0.022069741741737644,True
shape_only,116,global_vs_subcenter,-0.002508848610268106,-0.006675293251902832,0.0017205014885660905,0.26207379262073793,0.26207379262073793,0.0,NEGLIGIBLE,-1.359670308235639e-06,True
shape_only,117,global_vs_premeal,-0.000563741915095035,-0.005020647371857145,0.0032482270458637184,0.8041195880411959,1.0,0.75,NEGLIGIBLE,-1.1203017467502924e-05,True
shape_only,117,global_vs_subz,0.034312047472090386,0.014432752353602776,0.054535670491797264,0.0016998300169983002,0.005099490050994901,1.0,CHANGES(small),0.022069741741737644,True
shape_only,117,global_vs_subcenter,0.0011634500729320173,-0.0031269276462520955,0.004780938321790239,0.6045395460453955,1.0,0.75,NEGLIGIBLE,-1.359670308235639e-06,True
shape_only,118,global_vs_premeal,-0.0019744930228426066,-0.004568304117269235,0.00047966599374917604,0.14538546145385461,0.29077092290770923,0.25,NEGLIGIBLE,-1.1203017467502924e-05,True
shape_only,118,global_vs_subz,0.027580789954958947,0.008731604838930585,0.04623236596081409,0.011398860113988602,0.03419658034196581,1.0,CHANGES(small),0.022069741741737644,True
shape_only,118,global_vs_subcenter,-0.0022571703757977035,-0.00543736057994608,0.000984699917746542,0.1802819718028197,0.29077092290770923,0.25,NEGLIGIBLE,-1.359670308235639e-06,True
shape_only,119,global_vs_premeal,-0.002432662564913383,-0.005175732936154389,-0.0004814803546878324,0.0212978702129787,0.0638936106389361,0.0,NEGLIGIBLE,-1.1203017467502924e-05,False
shape_only,119,global_vs_subz,0.023459800410421994,0.0031070548018427074,0.04309800500781877,0.031096890310968902,0.0638936106389361,1.0,INCONCLUSIVE,0.022069741741737644,True
shape_only,119,global_vs_subcenter,-0.00284420254019994,-0.006638009574305433,0.0005952330522401663,0.1371862813718628,0.1371862813718628,0.0,NEGLIGIBLE,-1.359670308235639e-06,True
shape_only,120,global_vs_premeal,-0.0012228574606874879,-0.0020983314556946024,-0.00043561133793903686,0.006199380061993801,0.018598140185981403,0.0,NEGLIGIBLE,-1.1203017467502924e-05,False
shape_only,120,global_vs_subz,0.01921087134834529,-0.001287830538074418,0.04031163997206974,0.0812918708129187,0.1625837416258374,1.0,INCONCLUSIVE,0.022069741741737644,True
shape_only,120,global_vs_subcenter,8.163075276277058e-05,-0.003375802540131051,0.0038486662276635388,0.9676032396760323,0.9676032396760323,0.5,NEGLIGIBLE,-1.359670308235639e-06,True
shape_only,121,global_vs_premeal,-0.001114867861150392,-0.004744428555601857,0.002704515142558503,0.5704429557044296,1.0,0.5,NEGLIGIBLE,-1.1203017467502924e-05,True
shape_only,121,global_vs_subz,0.030882176879566594,0.009240128448132217,0.05503017307733998,0.005099490050994901,0.015298470152984703,1.0,CHANGES(small),0.022069741741737644,True
shape_only,121,global_vs_subcenter,0.0004470928012980514,-0.0037287502015164193,0.004968434236353651,0.8459154084591541,1.0,0.5,NEGLIGIBLE,-1.359670308235639e-06,True
shape_only,122,global_vs_premeal,-0.0015764844834314715,-0.0030619701621995474,-0.0001632016864448228,0.03899610038996101,0.11698830116988301,0.0,NEGLIGIBLE,-1.1203017467502924e-05,False
shape_only,122,global_vs_subz,0.016011982422473963,0.0012459342389413966,0.031028467317282787,0.051294870512948704,0.11698830116988301,1.0,INCONCLUSIVE,0.022069741741737644,True
shape_only,122,global_vs_subcenter,0.0005918903875489638,-0.0007790892365428224,0.00198056862837509,0.40815918408159185,0.40815918408159185,0.75,NEGLIGIBLE,-1.359670308235639e-06,True
shape_only,123,global_vs_premeal,-0.0008907770559146015,-0.004599911688005751,0.002463648606112619,0.6218378162183782,1.0,0.0,NEGLIGIBLE,-1.1203017467502924e-05,True
shape_only,123,global_vs_subz,0.0007907457657576443,-0.015664777989600566,0.01781730456408198,0.9234076592340766,1.0,0.75,NEGLIGIBLE,0.022069741741737644,False
shape_only,123,global_vs_subcenter,-0.0031588959502827324,-0.006908401676274842,0.0009263362514940371,0.140985901409859,0.422957704229577,0.0,NEGLIGIBLE,-1.359670308235639e-06,True
shape_only,124,global_vs_premeal,-0.001783374803552726,-0.0028060320354841846,-0.0008895496745704696,9.999000099990002e-05,0.00029997000299970003,0.0,NEGLIGIBLE,-1.1203017467502924e-05,False
shape_only,124,global_vs_subz,0.021041495181289633,0.008657792267813418,0.036593178197348725,0.0034996500349965005,0.006999300069993001,1.0,CHANGES(small),0.022069741741737644,True
shape_only,124,global_vs_subcenter,0.00012651878157860451,-0.0009257173878130617,0.001073110492324808,0.824017598240176,0.824017598240176,0.5,NEGLIGIBLE,-1.359670308235639e-06,True
shape_only,125,global_vs_premeal,0.0047508973411911504,-0.003216419201211403,0.01381435790029232,0.31326867313268675,0.6265373462653735,1.0,NEGLIGIBLE,-1.1203017467502924e-05,True
shape_only,125,global_vs_subz,0.020662583933025037,0.0015632953415743128,0.042928121117253214,0.0491950804919508,0.1475852414758524,1.0,INCONCLUSIVE,0.022069741741737644,True
shape_only,125,global_vs_subcenter,0.0032288444260297994,-0.004574734478384108,0.01165554767795422,0.46395360463953605,0.6265373462653735,1.0,NEGLIGIBLE,-1.359670308235639e-06,True
shape_only,126,global_vs_premeal,-0.0016318503224170477,-0.0027170808314713863,-0.0007337214987670598,0.0007999200079992001,0.0023997600239976003,0.0,NEGLIGIBLE,-1.1203017467502924e-05,False
shape_only,126,global_vs_subz,0.03256045903360691,0.008079160768191956,0.0632217326726784,0.015898410158984102,0.031796820317968204,1.0,CHANGES(small),0.022069741741737644,True
shape_only,126,global_vs_subcenter,-0.0004124113987599118,-0.0014982756507214917,0.0006440373628211921,0.45935406459354067,0.45935406459354067,0.25,NEGLIGIBLE,-1.359670308235639e-06,True
shape_only,127,global_vs_premeal,-0.0013965879804757316,-0.003495928773770865,0.0004544168034092911,0.1653834616538346,0.3307669233076692,0.0,NEGLIGIBLE,-1.1203017467502924e-05,True
shape_only,127,global_vs_subz,0.023758085122882713,0.004651698236394411,0.04458012897318288,0.029597040295970403,0.0887911208879112,1.0,INCONCLUSIVE,0.022069741741737644,True
shape_only,127,global_vs_subcenter,0.000569972911197623,-0.0014766620420008014,0.002477867557950679,0.5811418858114189,0.5811418858114189,0.75,NEGLIGIBLE,-1.359670308235639e-06,True
shape_only,128,global_vs_premeal,0.00024784723477233605,-0.00483529498671135,0.005208339943369236,0.9245075492450755,1.0,0.75,NEGLIGIBLE,-1.1203017467502924e-05,True
shape_only,128,global_vs_subz,0.0350154268354032,0.020945065241836907,0.05042474767388601,9.999000099990002e-05,0.00029997000299970003,1.0,CHANGES,0.022069741741737644,True
shape_only,128,global_vs_subcenter,0.0009205356550496781,-0.0037399840264476653,0.005755286613776301,0.7088291170882912,1.0,0.75,NEGLIGIBLE,-1.359670308235639e-06,True
shape_only,129,global_vs_premeal,-0.0003163101333399453,-0.002107462316973982,0.0013681358001725145,0.7101289871012899,0.8655134486551345,0.25,NEGLIGIBLE,-1.1203017467502924e-05,True
shape_only,129,global_vs_subz,0.0331761455869643,0.01072143669061301,0.05567078058860049,0.007699230076992301,0.0230976902309769,1.0,CHANGES(small),0.022069741741737644,True
shape_only,129,global_vs_subcenter,0.0012528669865626506,-0.001834425998798694,0.004377778452713442,0.43275672432756723,0.8655134486551345,1.0,NEGLIGIBLE,-1.359670308235639e-06,True
shape_only,130,global_vs_premeal,-0.0010762976326988112,-0.003077503883035121,0.0008325179960793014,0.3073692630736926,0.6147385261473852,0.25,NEGLIGIBLE,-1.1203017467502924e-05,True
shape_only,130,global_vs_subz,0.027220402270474557,0.011357848715721965,0.043400678520134524,0.0014998500149985001,0.0044995500449955,1.0,CHANGES(small),0.022069741741737644,True
shape_only,130,global_vs_subcenter,0.0007283576124914018,-0.002375807389256246,0.003984102749928446,0.6586341365863414,0.6586341365863414,0.75,NEGLIGIBLE,-1.359670308235639e-06,True
shape_only,131,global_vs_premeal,-0.0017162911697411521,-0.003275368453269832,-0.00025756019828696486,0.034896510348965105,0.10468953104689532,0.0,NEGLIGIBLE,-1.1203017467502924e-05,False
shape_only,131,global_vs_subz,0.022564499188956418,0.0025473417679913947,0.04423610648809652,0.03569643035696431,0.10468953104689532,1.0,INCONCLUSIVE,0.022069741741737644,True
shape_only,131,global_vs_subcenter,-0.0012706609351691627,-0.00409894274109079,0.0017589919697774423,0.40995900409959,0.40995900409959,0.25,NEGLIGIBLE,-1.359670308235639e-06,True
shape_only,132,global_vs_premeal,-0.0010864835109530599,-0.003194865259163215,0.0008838329445211885,0.32226777322267774,0.32226777322267774,0.25,NEGLIGIBLE,-1.1203017467502924e-05,True
shape_only,132,global_vs_subz,0.01609554849472616,-0.0017718921352709025,0.03574091829965566,0.10468953104689531,0.21687831216878312,1.0,INCONCLUSIVE,0.022069741741737644,True
shape_only,132,global_vs_subcenter,0.0022570593369788568,-0.00013469296735234556,0.004630035462995838,0.07229277072292771,0.21687831216878312,0.75,NEGLIGIBLE,-1.359670308235639e-06,True
shape_only,133,global_vs_premeal,0.0039046270643159874,-0.004472899347141398,0.012604460486280486,0.37096290370962903,0.37096290370962903,1.0,NEGLIGIBLE,-1.1203017467502924e-05,True
shape_only,133,global_vs_subz,0.024555953921747614,0.005583983392471537,0.0466405713063705,0.019698030196980302,0.05909409059094091,1.0,INCONCLUSIVE,0.022069741741737644,True
shape_only,133,global_vs_subcenter,0.004785555438051492,-0.001651289666771888,0.011939530848585353,0.16028397160283972,0.32056794320567944,1.0,NEGLIGIBLE,-1.359670308235639e-06,True
shape_only,134,global_vs_premeal,-0.003257778396939865,-0.006743923556687958,-0.000789997067368006,0.007999200079992,0.020397960203979604,0.0,NEGLIGIBLE,-1.1203017467502924e-05,False
shape_only,134,global_vs_subz,0.02593421670228685,0.009335043324707764,0.044322551987192864,0.006799320067993201,0.020397960203979604,1.0,CHANGES(small),0.022069741741737644,True
shape_only,134,global_vs_subcenter,-0.00177757374421531,-0.006290869621532638,0.0027654436532689856,0.45795420457954206,0.45795420457954206,0.25,NEGLIGIBLE,-1.359670308235639e-06,True
shape_only,135,global_vs_premeal,-0.001121066115848683,-0.0023273625592137854,-5.775153474058022e-05,0.07879212078792121,0.15758424157584242,0.0,NEGLIGIBLE,-1.1203017467502924e-05,False
shape_only,135,global_vs_subz,0.023575766455290026,0.00738991445096153,0.041358709481789005,0.009299070092990702,0.027897210278972105,1.0,CHANGES(small),0.022069741741737644,True
shape_only,135,global_vs_subcenter,-1.0517643237753715e-05,-0.0016226905394450982,0.0016813408545904118,0.9903009699030098,0.9903009699030098,0.5,NEGLIGIBLE,-1.359670308235639e-06,True
shape_only,136,global_vs_premeal,-0.0007964518273343844,-0.0014134426049993536,-0.00023484714079644457,0.007699230076992301,0.0230976902309769,0.0,NEGLIGIBLE,-1.1203017467502924e-05,False
shape_only,136,global_vs_subz,0.011563904977472032,-0.0023213290758878225,0.0253721383851311,0.10898910108989102,0.21797820217978203,1.0,INCONCLUSIVE,0.022069741741737644,True
shape_only,136,global_vs_subcenter,-0.0008128355493256451,-0.0032609797185072092,0.0017230212770565764,0.5305469453054694,0.5305469453054694,0.0,NEGLIGIBLE,-1.359670308235639e-06,True
shape_only,137,global_vs_premeal,-0.0022374423885899476,-0.0038238214937146397,-0.000968104543845295,0.0008999100089991,0.0026997300269973002,0.0,NEGLIGIBLE,-1.1203017467502924e-05,False
shape_only,137,global_vs_subz,0.023093034935952213,0.0030073247324020817,0.043809885918912224,0.038696130386961305,0.07739226077392261,1.0,INCONCLUSIVE,0.022069741741737644,True
shape_only,137,global_vs_subcenter,-0.0007519379125864314,-0.002514722626437114,0.0006878207328860741,0.37036296370362964,0.37036296370362964,0.25,NEGLIGIBLE,-1.359670308235639e-06,True
shape_only,138,global_vs_premeal,-0.0013962636508491942,-0.004348721549353428,0.001124377935389387,0.32096790320967905,0.32096790320967905,0.25,NEGLIGIBLE,-1.1203017467502924e-05,True
shape_only,138,global_vs_subz,0.024642761384378823,0.01197521593034969,0.037807522300029074,0.00039996000399960006,0.0011998800119988001,1.0,CHANGES(small),0.022069741741737644,True
shape_only,138,global_vs_subcenter,0.0022127978100073553,0.00017686619742021448,0.004257477009101741,0.05469453054694531,0.10938906109389061,1.0,NEGLIGIBLE,-1.359670308235639e-06,False
shape_only,139,global_vs_premeal,-0.0008692243112870678,-0.0037712268885056995,0.0018378329374193919,0.557044295570443,1.0,0.25,NEGLIGIBLE,-1.1203017467502924e-05,True
shape_only,139,global_vs_subz,0.011862568986863565,-0.0019127960366774864,0.02685312635414593,0.09919008099190081,0.29757024297570245,1.0,INCONCLUSIVE,0.022069741741737644,True
shape_only,139,global_vs_subcenter,0.0014126918026051655,-0.002728606079007461,0.005628331551330747,0.5081491850814919,1.0,1.0,NEGLIGIBLE,-1.359670308235639e-06,True
shape_only,140,global_vs_premeal,0.0017277231122564444,-0.00574181447606981,0.008972555329941708,0.6504349565043496,0.6504349565043496,0.75,NEGLIGIBLE,-1.1203017467502924e-05,True
shape_only,140,global_vs_subz,0.04072700412963523,0.008076421914762679,0.07738156591566799,0.022797720227977204,0.06839316068393161,1.0,INCONCLUSIVE,0.022069741741737644,True
shape_only,140,global_vs_subcenter,0.003627563682402766,-0.002895808568579623,0.01001611300915884,0.292970702929707,0.585941405859414,1.0,NEGLIGIBLE,-1.359670308235639e-06,True
shape_only,141,global_vs_premeal,-0.0022784464907267023,-0.003749077760563157,-0.0011447003612602826,9.999000099990002e-05,0.00029997000299970003,0.0,NEGLIGIBLE,-1.1203017467502924e-05,False
shape_only,141,global_vs_subz,0.026521443610753318,0.010925017558054261,0.042722167129918276,0.0006999300069993001,0.0013998600139986002,1.0,CHANGES(small),0.022069741741737644,True
shape_only,141,global_vs_subcenter,-0.00144091404493521,-0.0044232592670617335,0.0017465209940128535,0.36246375362463756,0.36246375362463756,0.25,NEGLIGIBLE,-1.359670308235639e-06,True
shape_only,142,global_vs_premeal,-0.002998937774897918,-0.005767651001256456,-0.0008231440305371509,0.009499050094990502,0.028497150284971504,0.0,NEGLIGIBLE,-1.1203017467502924e-05,False
shape_only,142,global_vs_subz,0.018905934561656054,0.0027735474673782987,0.03544250210340711,0.024697530246975304,0.04939506049395061,1.0,CHANGES(small),0.022069741741737644,True
shape_only,142,global_vs_subcenter,0.00010568318520253363,-0.002536986196091356,0.0021060391679841276,0.9444055594440556,0.9444055594440556,0.75,NEGLIGIBLE,-1.359670308235639e-06,True
shape_only,143,global_vs_premeal,-0.002400756876655218,-0.004145660107519177,-0.0009503221183495387,0.0018998100189981002,0.005699430056994301,0.0,NEGLIGIBLE,-1.1203017467502924e-05,False
shape_only,143,global_vs_subz,0.021914586627962633,0.006342546606491971,0.03861226459378999,0.009099090090990901,0.018198180181981802,1.0,CHANGES(small),0.022069741741737644,True
shape_only,143,global_vs_subcenter,-0.0004720902313175757,-0.0033722891738393137,0.002518070415534336,0.7608239176082392,0.7608239176082392,0.5,NEGLIGIBLE,-1.359670308235639e-06,True
shape_only,144,global_vs_premeal,-0.003729411306075507,-0.00671749829911059,-0.0014733225140698568,0.00019998000199980003,0.0005999400059994001,0.0,NEGLIGIBLE,-1.1203017467502924e-05,False
shape_only,144,global_vs_subz,0.024604424577425163,0.007042297997065009,0.04470054253479235,0.008799120087991202,0.017598240175982403,1.0,CHANGES(small),0.022069741741737644,True
shape_only,144,global_vs_subcenter,-0.0020770977108950724,-0.004901171479466698,0.00020422278328745456,0.12088791120887911,0.12088791120887911,0.25,NEGLIGIBLE,-1.359670308235639e-06,True
shape_only,145,global_vs_premeal,0.0008151836468332328,-0.0021653574602368696,0.0036852653813530005,0.5891410858914109,0.5891410858914109,0.75,NEGLIGIBLE,-1.1203017467502924e-05,True
shape_only,145,global_vs_subz,0.03406246498314681,0.016487518957621648,0.05452357010312319,0.0006999300069993001,0.0020997900209979003,1.0,CHANGES(small),0.022069741741737644,True
shape_only,145,global_vs_subcenter,0.0026380367298011287,-3.368516800144289e-05,0.005230171775072274,0.058894110588941104,0.11778822117788221,1.0,NEGLIGIBLE,-1.359670308235639e-06,True
shape_only,146,global_vs_premeal,-0.0010763173848164945,-0.004675862288292562,0.002538246498052108,0.5629437056294371,1.0,0.5,NEGLIGIBLE,-1.1203017467502924e-05,True
shape_only,146,global_vs_subz,0.010290774559807037,-0.012846441746445217,0.031369166903436746,0.38846115388461155,1.0,1.0,INCONCLUSIVE,0.022069741741737644,True
shape_only,146,global_vs_subcenter,-0.0001948311444077681,-0.004045333845779785,0.0035422171198700963,0.9149085091490851,1.0,0.5,NEGLIGIBLE,-1.359670308235639e-06,True
shape_only,147,global_vs_premeal,-0.0019952159051959133,-0.00672962279115472,0.002010458943178079,0.43315668433156684,0.8663133686631337,0.0,NEGLIGIBLE,-1.1203017467502924e-05,True
shape_only,147,global_vs_subz,0.04691853687341848,0.024909976414172922,0.07264674769242233,0.00029997000299970003,0.0008999100089991002,1.0,CHANGES,0.022069741741737644,False
shape_only,147,global_vs_subcenter,0.000582556252247142,-0.0032194976494345903,0.0038574983645481334,0.7867213278672133,0.8663133686631337,0.5,NEGLIGIBLE,-1.359670308235639e-06,True
shape_only,148,global_vs_premeal,-0.0014041651088083323,-0.009847826753825922,0.0062141438096626625,0.7326267373262674,1.0,0.25,NEGLIGIBLE,-1.1203017467502924e-05,True
shape_only,148,global_vs_subz,-0.0012059048312707931,-0.017305113299806357,0.01525185247191188,0.8888111188881112,1.0,0.5,NEGLIGIBLE,0.022069741741737644,False
shape_only,148,global_vs_subcenter,-0.010015188452617703,-0.01956364237149986,-0.0015487617064286203,0.0341965803419658,0.10258974102589741,0.0,NEGLIGIBLE,-1.359670308235639e-06,False
shape_only,149,global_vs_premeal,-0.0017200435155829835,-0.003086933957121658,-0.0005238929409522576,0.0093990600939906,0.028197180281971802,0.0,NEGLIGIBLE,-1.1203017467502924e-05,False
shape_only,149,global_vs_subz,0.01704513454365199,0.0025606917733055796,0.03243766015232897,0.024897510248975102,0.049795020497950204,1.0,CHANGES(small),0.022069741741737644,True
shape_only,149,global_vs_subcenter,0.0005429622261338689,-0.0012510586962594834,0.002357498272428107,0.5695430456954305,0.5695430456954305,0.75,NEGLIGIBLE,-1.359670308235639e-06,True
shape_only,150,global_vs_premeal,-0.0010764860354729423,-0.004192592650825751,0.001531390894446979,0.5142485751424858,1.0,0.25,NEGLIGIBLE,-1.1203017467502924e-05,True
shape_only,150,global_vs_subz,0.024984512068693045,0.00907365433986047,0.04158227631139528,0.004999500049995001,0.014998500149985002,1.0,CHANGES(small),0.022069741741737644,True
shape_only,150,global_vs_subcenter,0.0005693617425228132,-0.0032805770168632255,0.004166424010536549,0.7732226777322267,1.0,0.75,NEGLIGIBLE,-1.359670308235639e-06,True
shape_only,151,global_vs_premeal,-0.0027065763110515257,-0.006132993612383808,-9.361755566359484e-05,0.0775922407759224,0.2327767223277672,0.0,NEGLIGIBLE,-1.1203017467502924e-05,False
shape_only,151,global_vs_subz,0.013268747594195064,-0.00517811125498773,0.030991265910605564,0.17098290170982902,0.34196580341965804,1.0,INCONCLUSIVE,0.022069741741737644,True
shape_only,151,global_vs_subcenter,-0.00204374219772972,-0.0071100085940643334,0.0023238629388581335,0.42205779422057793,0.42205779422057793,0.0,NEGLIGIBLE,-1.359670308235639e-06,True
shape_only,152,global_vs_premeal,-0.0014167743571372314,-0.0034700331286097188,2.024683220396311e-05,0.08299170082991701,0.16598340165983402,0.0,NEGLIGIBLE,-1.1203017467502924e-05,True
shape_only,152,global_vs_subz,0.03588414024786544,0.019179213526452767,0.05461623455080612,0.0004999500049995,0.0014998500149985001,1.0,CHANGES(small),0.022069741741737644,True
shape_only,152,global_vs_subcenter,0.00044982458782778014,-0.0016494933622103792,0.002065886348658704,0.7273272672732727,0.7273272672732727,1.0,NEGLIGIBLE,-1.359670308235639e-06,True
shape_only,153,global_vs_premeal,-0.002809107811777181,-0.004998079517059731,-0.001094805946733148,0.0007999200079992001,0.0023997600239976003,0.0,NEGLIGIBLE,-1.1203017467502924e-05,False
shape_only,153,global_vs_subz,0.0031543122157056494,-0.014441505819177481,0.022064226237529336,0.7421257874212579,0.7915208479152085,0.75,INCONCLUSIVE,0.022069741741737644,False
shape_only,153,global_vs_subcenter,-0.0012140309636422468,-0.003952447414650255,0.0013131292777528644,0.39576042395760425,0.7915208479152085,0.25,NEGLIGIBLE,-1.359670308235639e-06,True
shape_only,154,global_vs_premeal,-0.0017830477416331068,-0.002753745786210592,-0.0009371508407017544,9.999000099990002e-05,0.00029997000299970003,0.0,NEGLIGIBLE,-1.1203017467502924e-05,False
shape_only,154,global_vs_subz,0.013810542199942596,-0.0005274439546482087,0.028543018979110345,0.07949205079492051,0.15898410158984103,1.0,INCONCLUSIVE,0.022069741741737644,True
shape_only,154,global_vs_subcenter,-0.00012446541665503196,-0.0013821414207678092,0.0011952711933319287,0.8573142685731426,0.8573142685731426,0.5,NEGLIGIBLE,-1.359670308235639e-06,True
shape_only,155,global_vs_premeal,-0.0021798886964981045,-0.003368481388252258,-0.0011520040675599955,0.00019998000199980003,0.0005999400059994001,0.0,NEGLIGIBLE,-1.1203017467502924e-05,False
shape_only,155,global_vs_subz,0.004512041021030095,-0.007773256897546919,0.017000644398694194,0.48705129487051296,0.9741025897410259,0.75,NEGLIGIBLE,0.022069741741737644,False
shape_only,155,global_vs_subcenter,0.0005154958798128116,-0.0010129157512259379,0.0021006217822268094,0.5197480251974802,0.9741025897410259,0.5,NEGLIGIBLE,-1.359670308235639e-06,True
shape_only,156,global_vs_premeal,0.001126931222551586,-0.003687577626154469,0.0051237050466408545,0.6359364063593641,1.0,0.75,NEGLIGIBLE,-1.1203017467502924e-05,True
shape_only,156,global_vs_subz,0.025820774703536848,0.01089091846876394,0.04128212007223996,0.0028997100289971,0.0086991300869913,1.0,CHANGES(small),0.022069741741737644,True
shape_only,156,global_vs_subcenter,-0.0006741961616421119,-0.006075770110977716,0.004269574816182911,0.796020397960204,1.0,0.25,NEGLIGIBLE,-1.359670308235639e-06,True
shape_only,157,global_vs_premeal,-0.0039363074336860706,-0.006095746343340436,-0.0020844606737129598,9.999000099990002e-05,0.00029997000299970003,0.0,NEGLIGIBLE,-1.1203017467502924e-05,False
shape_only,157,global_vs_subz,0.025434262656030927,0.007003821377598756,0.0475483901162954,0.0117988201179882,0.0235976402359764,1.0,CHANGES(small),0.022069741741737644,True
shape_only,157,global_vs_subcenter,-0.0016050217241349845,-0.0033078724587635995,-7.749512899970616e-05,0.0560943905609439,0.0560943905609439,0.0,NEGLIGIBLE,-1.359670308235639e-06,False
shape_only,158,global_vs_premeal,-0.003388545919298152,-0.006364888521298871,-0.0007623301247725628,0.0182981701829817,0.054894510548945105,0.0,NEGLIGIBLE,-1.1203017467502924e-05,False
shape_only,158,global_vs_subz,0.017724266116240305,-0.0007253231964444163,0.03707835298024287,0.0734926507349265,0.146985301469853,1.0,INCONCLUSIVE,0.022069741741737644,True
shape_only,158,global_vs_subcenter,-0.0021128130705824403,-0.005241460429124268,0.000502374387561726,0.18088191180881913,0.18088191180881913,0.0,NEGLIGIBLE,-1.359670308235639e-06,True
shape_only,159,global_vs_premeal,-0.0010655971455396812,-0.004754158763029969,0.0018127957641159568,0.5829417058294171,1.0,0.0,NEGLIGIBLE,-1.1203017467502924e-05,True
shape_only,159,global_vs_subz,0.019376141976474304,0.004595387013994176,0.03505516449333374,0.0254974502549745,0.0764923507649235,1.0,INCONCLUSIVE,0.022069741741737644,True
shape_only,159,global_vs_subcenter,-0.0003569177140386709,-0.003788470411347368,0.0022066067656473583,0.8526147385261473,1.0,0.5,NEGLIGIBLE,-1.359670308235639e-06,True
shape_only,160,global_vs_premeal,-0.0011538034918553435,-0.002920181763494765,0.0002955875950089552,0.16868313168683133,0.33736626337366266,0.25,NEGLIGIBLE,-1.1203017467502924e-05,True
shape_only,160,global_vs_subz,0.05238443557300702,0.03254266099297835,0.07394670907598828,9.999000099990002e-05,0.00029997000299970003,1.0,CHANGES,0.022069741741737644,False
shape_only,160,global_vs_subcenter,0.0006845020677037589,-0.0019853076680791406,0.0033498374672769724,0.6156384361563844,0.6156384361563844,0.5,NEGLIGIBLE,-1.359670308235639e-06,True
shape_only,161,global_vs_premeal,-0.0015642024741508583,-0.0036069309143008104,0.0002086484720094212,0.127987201279872,0.3641635836416358,0.0,NEGLIGIBLE,-1.1203017467502924e-05,True
shape_only,161,global_vs_subz,0.0187661654454597,-0.003384809161992253,0.040838851605663334,0.12138786121387861,0.3641635836416358,1.0,INCONCLUSIVE,0.022069741741737644,True
shape_only,161,global_vs_subcenter,0.0013047812253122063,-0.00035924812858670004,0.00296476437557163,0.14128587141285873,0.3641635836416358,1.0,NEGLIGIBLE,-1.359670308235639e-06,True
shape_only,162,global_vs_premeal,-0.0014704955428729962,-0.0029178283976885326,-0.0001568043562373001,0.04129587041295871,0.12388761123887612,0.0,NEGLIGIBLE,-1.1203017467502924e-05,False
shape_only,162,global_vs_subz,0.009065744661074224,-0.008235327791131912,0.027561555849460743,0.32666733326667335,0.6533346665333467,1.0,INCONCLUSIVE,0.022069741741737644,True
shape_only,162,global_vs_subcenter,-0.0005289984767019094,-0.0027995364688332726,0.0017966317763179992,0.6602339766023397,0.6602339766023397,0.0,NEGLIGIBLE,-1.359670308235639e-06,True
shape_only,163,global_vs_premeal,-0.0021830778506276116,-0.006381590024706177,0.0020327533941813486,0.3541645835416458,0.7083291670832916,0.0,NEGLIGIBLE,-1.1203017467502924e-05,True
shape_only,163,global_vs_subz,0.03623174104658347,0.018382981423731272,0.0567080337950006,0.00029997000299970003,0.0008999100089991002,1.0,CHANGES(small),0.022069741741737644,True
shape_only,163,global_vs_subcenter,0.0005546079963493313,-0.0032721204975253207,0.0039543497515990055,0.7891210878912108,0.7891210878912108,0.5,NEGLIGIBLE,-1.359670308235639e-06,True
shape_only,164,global_vs_premeal,-0.004029347133736563,-0.010541898613796598,0.0007253887285943241,0.1725827417258274,0.5132486751324867,0.0,NEGLIGIBLE,-1.1203017467502924e-05,True
shape_only,164,global_vs_subz,0.011547111834479255,-0.00491396504100041,0.02876181444518439,0.1710828917108289,0.5132486751324867,1.0,INCONCLUSIVE,0.022069741741737644,True
shape_only,164,global_vs_subcenter,-0.0032503935499149884,-0.009482249437475552,0.0015363965520667038,0.3217678232176782,0.5132486751324867,0.5,NEGLIGIBLE,-1.359670308235639e-06,True
shape_only,165,global_vs_premeal,-0.0033278139752328816,-0.006211561174128057,-0.0010138712061062234,0.0045995400459954,0.0137986201379862,0.0,NEGLIGIBLE,-1.1203017467502924e-05,False
shape_only,165,global_vs_subz,0.024344973170746905,0.006969290092978172,0.04239967858161196,0.007799220077992201,0.015598440155984402,1.0,CHANGES(small),0.022069741741737644,True
shape_only,165,global_vs_subcenter,-0.0027460284137399826,-0.005741022175124737,-0.00014706062904484789,0.0663933606639336,0.0663933606639336,0.0,NEGLIGIBLE,-1.359670308235639e-06,False
shape_only,166,global_vs_premeal,0.004144271042018601,-0.00974317053376355,0.018445126017420484,0.5651434856514349,1.0,1.0,NEGLIGIBLE,-1.1203017467502924e-05,True
shape_only,166,global_vs_subz,0.013239938603981777,-0.0059478232909541805,0.03421549055241097,0.18708129187081293,0.5612438756124388,1.0,INCONCLUSIVE,0.022069741741737644,True
shape_only,166,global_vs_subcenter,0.00302222391700891,-0.007757995881674207,0.013902709238605518,0.5945405459454055,1.0,0.75,NEGLIGIBLE,-1.359670308235639e-06,True
shape_only,167,global_vs_premeal,0.0005893647125651737,-0.004832570447877526,0.005568506698656339,0.8398160183981602,1.0,0.75,NEGLIGIBLE,-1.1203017467502924e-05,True
shape_only,167,global_vs_subz,0.007142608730157523,-0.004524017818635634,0.020150029501931555,0.2723727627237276,0.8171182881711829,1.0,INCONCLUSIVE,0.022069741741737644,False
shape_only,167,global_vs_subcenter,-7.74492710817111e-05,-0.004521896031170435,0.0036461416264688498,0.9772022797720228,1.0,0.5,NEGLIGIBLE,-1.359670308235639e-06,True
shape_only,168,global_vs_premeal,-0.0018002762800514024,-0.004683422663495176,0.0006619869849311582,0.21287871212878712,0.42575742425757424,0.0,NEGLIGIBLE,-1.1203017467502924e-05,True
shape_only,168,global_vs_subz,0.031634624300969,0.013011508060381946,0.05156641083055726,0.0010998900109989002,0.0032996700329967006,1.0,CHANGES(small),0.022069741741737644,True
shape_only,168,global_vs_subcenter,-0.0009283947899340494,-0.0040469988601421975,0.0014619453502859867,0.6645335466453355,0.6645335466453355,0.25,NEGLIGIBLE,-1.359670308235639e-06,True
shape_only,169,global_vs_premeal,-0.0030080911230603246,-0.009355909471349635,0.002505837556127604,0.3561643835616438,0.7123287671232876,0.0,NEGLIGIBLE,-1.1203017467502924e-05,True
shape_only,169,global_vs_subz,0.020287846404129995,0.0011920837457176433,0.03958147033650698,0.04179582041795821,0.12538746125387462,1.0,INCONCLUSIVE,0.022069741741737644,True
shape_only,169,global_vs_subcenter,-0.0021475181557734165,-0.008878580116498657,0.003619704651860391,0.533946605339466,0.7123287671232876,0.25,NEGLIGIBLE,-1.359670308235639e-06,True
shape_only,170,global_vs_premeal,-0.0007622394945869682,-0.001980233434498158,0.0003221948920885244,0.19928007199280073,0.5978402159784022,0.25,NEGLIGIBLE,-1.1203017467502924e-05,True
shape_only,170,global_vs_subz,0.004206588840582144,-0.013366347815700922,0.022360317780277285,0.6585341465853415,1.0,1.0,INCONCLUSIVE,0.022069741741737644,True
shape_only,170,global_vs_subcenter,0.000511395819736643,-0.0012034905152621838,0.0022444753625302898,0.563043695630437,1.0,0.75,NEGLIGIBLE,-1.359670308235639e-06,True
shape_only,171,global_vs_premeal,-0.0020706449826219863,-0.003391383427690834,-0.0008956896617066972,0.0014998500149985001,0.0044995500449955,0.0,NEGLIGIBLE,-1.1203017467502924e-05,False
shape_only,171,global_vs_subz,0.024991312250990452,0.007950220671288642,0.04303927928310641,0.008999100089991,0.017998200179982,1.0,CHANGES(small),0.022069741741737644,True
shape_only,171,global_vs_subcenter,0.00044420466060946347,-0.0010867831754271403,0.0018739152252435826,0.5676432356764324,0.5676432356764324,0.75,NEGLIGIBLE,-1.359670308235639e-06,True
shape_only,172,global_vs_premeal,-0.0009405526518163726,-0.0016849308079154874,-0.00026091046298633253,0.0122987701229877,0.0245975402459754,0.0,NEGLIGIBLE,-1.1203017467502924e-05,False
shape_only,172,global_vs_subz,0.015649950053554244,0.005393895732886829,0.02648346492868174,0.0057994200579942,0.0173982601739826,1.0,CHANGES(small),0.022069741741737644,True
shape_only,172,global_vs_subcenter,0.0002699963712318974,-0.0005520080489178946,0.001031625900565047,0.5141485851414859,0.5141485851414859,0.75,NEGLIGIBLE,-1.359670308235639e-06,True
shape_only,173,global_vs_premeal,-0.0008119180758944747,-0.005681872771398078,0.003448365811035477,0.7478252174782521,1.0,0.5,NEGLIGIBLE,-1.1203017467502924e-05,True
shape_only,173,global_vs_subz,0.03605636939177794,0.017787277936344853,0.05700169072658842,0.00039996000399960006,0.0011998800119988001,1.0,CHANGES(small),0.022069741741737644,True
shape_only,173,global_vs_subcenter,3.911925470927352e-06,-0.004497594588876973,0.003792387216929007,0.9989001099890011,1.0,0.75,NEGLIGIBLE,-1.359670308235639e-06,True
shape_only,174,global_vs_premeal,-0.0011414190911453708,-0.001845296143478365,-0.0005700969539072552,0.00019998000199980003,0.0005999400059994001,0.0,NEGLIGIBLE,-1.1203017467502924e-05,False
shape_only,174,global_vs_subz,0.01488410442366955,0.0023601590795254263,0.028466624598818956,0.025897410258974102,0.051794820517948204,1.0,INCONCLUSIVE,0.022069741741737644,True
shape_only,174,global_vs_subcenter,-0.0006627924228934004,-0.0027649487028620474,0.0013643322384540764,0.5303469653034697,0.5303469653034697,0.25,NEGLIGIBLE,-1.359670308235639e-06,True
shape_only,175,global_vs_premeal,-0.001497173631314788,-0.0036074896668219026,0.00019422261679026955,0.136986301369863,0.273972602739726,0.0,NEGLIGIBLE,-1.1203017467502924e-05,True
shape_only,175,global_vs_subz,0.020727993106565687,0.00588631821514004,0.036677309796286826,0.0117988201179882,0.0353964603539646,1.0,CHANGES(small),0.022069741741737644,True
shape_only,175,global_vs_subcenter,0.00011213383437055864,-0.0020195891168514014,0.0021437484001523045,0.9204079592040796,0.9204079592040796,0.25,NEGLIGIBLE,-1.359670308235639e-06,True
shape_only,176,global_vs_premeal,-0.0006475951150701886,-0.001673892554121978,0.00028609327745101714,0.2211778822117788,0.4423557644235576,0.0,NEGLIGIBLE,-1.1203017467502924e-05,True
shape_only,176,global_vs_subz,0.01788721516317074,0.0036269816157981248,0.032400109669164935,0.0160983901609839,0.048295170482951705,1.0,CHANGES(small),0.022069741741737644,True
shape_only,176,global_vs_subcenter,-7.046793493738458e-05,-0.0034967802113521486,0.0033243400718861397,0.9704029597040296,0.9704029597040296,0.25,NEGLIGIBLE,-1.359670308235639e-06,True
shape_only,177,global_vs_premeal,0.0005678531413338098,-0.003987977646017068,0.004600510559791829,0.7986201379862014,1.0,0.75,NEGLIGIBLE,-1.1203017467502924e-05,True
shape_only,177,global_vs_subz,0.02508369394441545,0.006000493727761545,0.04535809605155361,0.0192980701929807,0.057894210578942104,1.0,INCONCLUSIVE,0.022069741741737644,True
shape_only,177,global_vs_subcenter,0.0009755527061468743,-0.0026157425527349966,0.004135302209644052,0.581941805819418,1.0,0.75,NEGLIGIBLE,-1.359670308235639e-06,True
shape_only,178,global_vs_premeal,-0.001460677840984311,-0.00581067959820128,0.0022820005538515785,0.48475152484751527,0.48475152484751527,0.25,NEGLIGIBLE,-1.1203017467502924e-05,True
shape_only,178,global_vs_subz,0.024853146561124882,0.0062230843493679576,0.047723711542995026,0.015998400159984,0.047995200479952004,1.0,CHANGES(small),0.022069741741737644,True
shape_only,178,global_vs_subcenter,-0.003282408482375491,-0.007439813916149289,0.0006052189498486008,0.12248775122487751,0.24497550244975502,0.0,NEGLIGIBLE,-1.359670308235639e-06,True
shape_only,179,global_vs_premeal,-0.0007898567691521363,-0.002817484155502351,0.0012074299476241355,0.45245475452454753,0.9049095090490951,0.0,NEGLIGIBLE,-1.1203017467502924e-05,True
shape_only,179,global_vs_subz,0.013799232483581596,-0.00616699379201511,0.037010407413506745,0.20777922207779223,0.6233376662333767,1.0,INCONCLUSIVE,0.022069741741737644,True
shape_only,179,global_vs_subcenter,0.0004959833016739431,-0.0027343136061195395,0.003747726858931153,0.763023697630237,0.9049095090490951,0.5,NEGLIGIBLE,-1.359670308235639e-06,True
shape_only,180,global_vs_premeal,-0.001850658424258483,-0.003821160129066744,4.112250148271114e-05,0.06309369063093691,0.15418458154184583,0.0,NEGLIGIBLE,-1.1203017467502924e-05,True
shape_only,180,global_vs_subz,0.01966982485751606,0.0019351443502290857,0.03947388593300957,0.051394860513948606,0.15418458154184583,1.0,INCONCLUSIVE,0.022069741741737644,True
shape_only,180,global_vs_subcenter,-0.0005335201844430738,-0.0016423101871787102,0.00048169701278076126,0.3284671532846715,0.3284671532846715,0.25,NEGLIGIBLE,-1.359670308235639e-06,True
shape_only,181,global_vs_premeal,-0.0031740430193984534,-0.006093074106954793,-0.0006621370300502016,0.0206979302069793,0.0413958604139586,0.0,NEGLIGIBLE,-1.1203017467502924e-05,False
shape_only,181,global_vs_subz,0.030654486811537866,0.012913050390088578,0.053635279018223216,0.0016998300169983002,0.005099490050994901,1.0,CHANGES(small),0.022069741741737644,True
shape_only,181,global_vs_subcenter,-0.0019571964662084226,-0.004531423247247801,0.0003287454576484907,0.12968703129687031,0.12968703129687031,0.0,NEGLIGIBLE,-1.359670308235639e-06,True
shape_only,182,global_vs_premeal,-0.0006596557795154148,-0.0020148447847134292,0.0005453572320085252,0.33226677332266774,0.6645335466453355,0.0,NEGLIGIBLE,-1.1203017467502924e-05,True
shape_only,182,global_vs_subz,0.028979639392526423,0.012913441424542068,0.04722001225515378,0.0008999100089991,0.0026997300269973002,1.0,CHANGES(small),0.022069741741737644,True
shape_only,182,global_vs_subcenter,0.0002850468926218761,-0.0010676339881904688,0.0015894353937446015,0.6765323467653235,0.6765323467653235,0.75,NEGLIGIBLE,-1.359670308235639e-06,True
shape_only,183,global_vs_premeal,0.0006726898131143529,-0.0022968483700333995,0.003404461037250985,0.6623337666233376,0.7705229477052294,0.75,NEGLIGIBLE,-1.1203017467502924e-05,True
shape_only,183,global_vs_subz,0.026184878911974067,0.006030722720962674,0.04462776496067855,0.014198580141985802,0.04259574042595741,1.0,CHANGES(small),0.022069741741737644,True
shape_only,183,global_vs_subcenter,0.0014515214126067713,-0.001704778799790362,0.004519158916117344,0.3852614738526147,0.7705229477052294,1.0,NEGLIGIBLE,-1.359670308235639e-06,True
shape_only,184,global_vs_premeal,-0.004357352219307246,-0.006974535913075937,-0.002163099782701451,9.999000099990002e-05,0.00029997000299970003,0.0,NEGLIGIBLE,-1.1203017467502924e-05,False
shape_only,184,global_vs_subz,0.02223973147509969,0.005530035869562665,0.04062011447252405,0.014598540145985401,0.029197080291970802,1.0,CHANGES(small),0.022069741741737644,True
shape_only,184,global_vs_subcenter,-0.0024810710595010907,-0.0050947566107274874,-0.00026549867133297773,0.044795520447955206,0.044795520447955206,0.25,NEGLIGIBLE,-1.359670308235639e-06,False
shape_only,185,global_vs_premeal,-0.00382177126988802,-0.014660158988832085,0.004806103895544627,0.5323467653234677,1.0,0.0,NEGLIGIBLE,-1.1203017467502924e-05,True
shape_only,185,global_vs_subz,0.023818125581786996,-0.0011234680798132245,0.04872935826241877,0.07379262073792621,0.22137786221377864,1.0,INCONCLUSIVE,0.022069741741737644,True
shape_only,185,global_vs_subcenter,-0.0017703225126836294,-0.008717390901006908,0.0037702971053558327,0.6614338566143385,1.0,0.0,NEGLIGIBLE,-1.359670308235639e-06,True
shape_only,186,global_vs_premeal,-0.00358520265348222,-0.006359849877929177,-0.0011456210706618805,0.0064993500649935,0.012998700129987,0.0,NEGLIGIBLE,-1.1203017467502924e-05,False
shape_only,186,global_vs_subz,0.04162726886055426,0.022677158611444845,0.06438569595248675,9.999000099990002e-05,0.00029997000299970003,1.0,CHANGES,0.022069741741737644,False
shape_only,186,global_vs_subcenter,-0.0022075622764050605,-0.00491540705282907,0.000594521524277774,0.12358764123587641,0.12358764123587641,0.0,NEGLIGIBLE,-1.359670308235639e-06,True
shape_only,187,global_vs_premeal,0.00018314465423385786,-0.004230637535800656,0.004401499473211344,0.9353064693530647,1.0,0.75,NEGLIGIBLE,-1.1203017467502924e-05,True
shape_only,187,global_vs_subz,0.03516292599374194,0.01279769934222882,0.059912413254400686,0.0051994800519948,0.0155984401559844,1.0,CHANGES(small),0.022069741741737644,True
shape_only,187,global_vs_subcenter,-0.0010800044155796595,-0.004978614972358657,0.002778988558836186,0.5945405459454055,1.0,0.0,NEGLIGIBLE,-1.359670308235639e-06,True
shape_only,188,global_vs_premeal,-0.0001959221766160399,-0.0034948608030287327,0.0027338926901898596,0.9023097690230977,1.0,0.5,NEGLIGIBLE,-1.1203017467502924e-05,True
shape_only,188,global_vs_subz,0.015438846435806708,-0.004527366108570426,0.03720833092306634,0.17268273172682733,0.518048195180482,1.0,INCONCLUSIVE,0.022069741741737644,True
shape_only,188,global_vs_subcenter,0.0007573935431268642,-0.0054545176801649425,0.006680728754547785,0.8127187281271873,1.0,0.75,NEGLIGIBLE,-1.359670308235639e-06,True
shape_only,189,global_vs_premeal,-0.0020556716946475806,-0.004454269475876804,0.00021519243851684226,0.08359164083591641,0.16718328167183283,0.0,NEGLIGIBLE,-1.1203017467502924e-05,True
shape_only,189,global_vs_subz,0.01959636549504656,0.0026555864384848657,0.03722029504560573,0.04179582041795821,0.12538746125387462,1.0,INCONCLUSIVE,0.022069741741737644,True
shape_only,189,global_vs_subcenter,-0.0018989172185046093,-0.005481061160835606,0.0019444381118465521,0.3240675932406759,0.3240675932406759,0.0,NEGLIGIBLE,-1.359670308235639e-06,True
shape_only,190,global_vs_premeal,0.0002344164312742877,-0.002260565939515664,0.002666941830964036,0.8546145385461453,0.8546145385461453,0.75,NEGLIGIBLE,-1.1203017467502924e-05,True
shape_only,190,global_vs_subz,0.05481397569632736,0.033421882858204875,0.0800306577468644,9.999000099990002e-05,0.00029997000299970003,1.0,CHANGES,0.022069741741737644,False
shape_only,190,global_vs_subcenter,0.0015992417301019623,-0.0008777732087456881,0.0041013733418206475,0.22547745225477453,0.45095490450954906,1.0,NEGLIGIBLE,-1.359670308235639e-06,True
shape_only,191,global_vs_premeal,-0.001450439980274126,-0.002590289636524387,-0.00048779475914051954,0.006099390060993901,0.0182981701829817,0.0,NEGLIGIBLE,-1.1203017467502924e-05,False
shape_only,191,global_vs_subz,0.0173856507152875,-0.005008082676163286,0.04111505171672159,0.1658834116588341,0.3317668233176682,1.0,INCONCLUSIVE,0.022069741741737644,True
shape_only,191,global_vs_subcenter,-0.00031268258942635457,-0.001531104796845848,0.000735457630284425,0.6144385561443856,0.6144385561443856,0.0,NEGLIGIBLE,-1.359670308235639e-06,True
shape_only,192,global_vs_premeal,0.0009119892791335085,-0.004067760866193924,0.005463724147662718,0.7163283671632836,1.0,0.75,NEGLIGIBLE,-1.1203017467502924e-05,True
shape_only,192,global_vs_subz,0.022838560767192775,0.0032474034218886436,0.042135050050426115,0.0306969303069693,0.09209079092090791,1.0,INCONCLUSIVE,0.022069741741737644,True
shape_only,192,global_vs_subcenter,0.0017734967879756947,-0.002699229430508206,0.0068162418286493815,0.511948805119488,1.0,1.0,NEGLIGIBLE,-1.359670308235639e-06,True
shape_only,193,global_vs_premeal,-0.0005084275754298628,-0.0021926292623046855,0.001191282528375515,0.5860413958604139,1.0,0.25,NEGLIGIBLE,-1.1203017467502924e-05,True
shape_only,193,global_vs_subz,0.02148840140679885,0.0011047288474785144,0.04162326993514424,0.0405959404059594,0.1217878212178782,1.0,INCONCLUSIVE,0.022069741741737644,True
shape_only,193,global_vs_subcenter,0.000264797289911054,-0.0014723860886464704,0.0020671949623310205,0.776022397760224,1.0,0.75,NEGLIGIBLE,-1.359670308235639e-06,True
shape_only,194,global_vs_premeal,-0.0005682070298261097,-0.002431271448124443,0.0012200878484702725,0.5713428657134286,1.0,0.25,NEGLIGIBLE,-1.1203017467502924e-05,True
shape_only,194,global_vs_subz,0.02758662375948355,0.012285015592615122,0.04300644554039443,0.001999800019998,0.0059994000599940004,1.0,CHANGES(small),0.022069741741737644,True
shape_only,194,global_vs_subcenter,0.0006661231886519644,-0.0020327315947385525,0.003449689174030539,0.6416358364163584,1.0,1.0,NEGLIGIBLE,-1.359670308235639e-06,True
shape_only,195,global_vs_premeal,-0.0018568001224663524,-0.004534167469381897,0.0003235217648073364,0.1376862313768623,0.2753724627537246,0.0,NEGLIGIBLE,-1.1203017467502924e-05,True
shape_only,195,global_vs_subz,0.01581146946760544,0.003582276479153479,0.028190763640720137,0.016298370162983702,0.04889511048895111,1.0,CHANGES(small),0.022069741741737644,True
shape_only,195,global_vs_subcenter,-0.0004738596153224099,-0.003096407445801806,0.0018261492488229167,0.7433256674332567,0.7433256674332567,0.5,NEGLIGIBLE,-1.359670308235639e-06,True
shape_only,196,global_vs_premeal,-0.0015900527151981624,-0.003869081165959034,0.00041486764672477846,0.1548845115488451,0.22377762223777622,0.0,NEGLIGIBLE,-1.1203017467502924e-05,True
shape_only,196,global_vs_subz,0.017352020990404556,0.0020147662687057975,0.034007896056706316,0.04609539046095391,0.13828617138286173,1.0,INCONCLUSIVE,0.022069741741737644,True
shape_only,196,global_vs_subcenter,-0.0029562619292344675,-0.006315605822745462,0.0006446422917230007,0.11188881111888811,0.22377762223777622,0.0,NEGLIGIBLE,-1.359670308235639e-06,True
shape_only,197,global_vs_premeal,0.0014471687196996375,-0.003117870012564538,0.005467795996421523,0.534046595340466,0.534046595340466,0.75,NEGLIGIBLE,-1.1203017467502924e-05,True
shape_only,197,global_vs_subz,0.026216591555097694,0.005781369987926445,0.046754050581846666,0.022797720227977204,0.06839316068393161,1.0,INCONCLUSIVE,0.022069741741737644,True
shape_only,197,global_vs_subcenter,0.0037701262358572625,-0.0011396204964567614,0.008402610229485049,0.12718728127187282,0.25437456254374563,1.0,NEGLIGIBLE,-1.359670308235639e-06,True
shape_only,198,global_vs_premeal,-0.0029965884166272337,-0.005115097200720472,-0.0011059410296405652,0.0052994700529947,0.015898410158984102,0.0,NEGLIGIBLE,-1.1203017467502924e-05,False
shape_only,198,global_vs_subz,0.02476081711881108,0.005002034138738078,0.0445146932560932,0.021597840215978402,0.043195680431956804,1.0,CHANGES(small),0.022069741741737644,True
shape_only,198,global_vs_subcenter,-0.0003466065801509735,-0.0019532565004769143,0.0010820152261853328,0.6482351764823517,0.6482351764823517,0.25,NEGLIGIBLE,-1.359670308235639e-06,True
shape_only,199,global_vs_premeal,-0.002057442993517207,-0.0036742185222138728,-0.0006944216718587991,0.007499250074992501,0.022497750224977502,0.0,NEGLIGIBLE,-1.1203017467502924e-05,False
shape_only,199,global_vs_subz,0.019374609544621838,0.004877655481286254,0.0346826111793001,0.013998600139986002,0.027997200279972004,1.0,CHANGES(small),0.022069741741737644,True
shape_only,199,global_vs_subcenter,-0.0009088569745576005,-0.0032618681894063992,0.001444878970417979,0.4567543245675432,0.4567543245675432,0.0,NEGLIGIBLE,-1.359670308235639e-06,True
no_cgm,0,global_vs_premeal,-0.002665057424980504,-0.005373235912618228,-9.785066984826452e-05,0.057394260573942604,0.17218278172182783,0.0,NEGLIGIBLE,-1.2279994176884975e-05,False
no_cgm,0,global_vs_subz,0.0006740689795268184,-0.004641769671504366,0.006644710384087726,0.8256174382561744,1.0,0.75,NEGLIGIBLE,1.974354172149378e-06,True
no_cgm,0,global_vs_subcenter,-0.0003365106009550377,-0.002964140527986061,0.002308816134826875,0.8007199280071993,1.0,0.5,NEGLIGIBLE,-1.4910008964005766e-06,True
no_cgm,1,global_vs_premeal,0.0014617018982330918,-0.006104895588920472,0.009026043521079248,0.7107289271072893,1.0,0.75,NEGLIGIBLE,-1.2279994176884975e-05,True
no_cgm,1,global_vs_subz,0.003919469818354622,-0.003291609285299537,0.011409255765916854,0.3224677532246775,0.9674032596740325,0.75,NEGLIGIBLE,1.974354172149378e-06,True
no_cgm,1,global_vs_subcenter,0.001062802029179731,-0.005292431910841958,0.007586976838612645,0.7543245675432457,1.0,1.0,NEGLIGIBLE,-1.4910008964005766e-06,True
no_cgm,2,global_vs_premeal,0.0022946687298701033,-0.004194127472804131,0.009305030821861526,0.5188481151884812,0.6837316268373163,0.75,NEGLIGIBLE,-1.2279994176884975e-05,True
no_cgm,2,global_vs_subz,0.006564961431116163,-0.0014699105368244977,0.014591681294120475,0.1131886811318868,0.33956604339566043,1.0,NEGLIGIBLE,1.974354172149378e-06,True
no_cgm,2,global_vs_subcenter,0.0034951196736338363,-0.0032051007710247686,0.010768956471820527,0.3418658134186581,0.6837316268373163,0.75,NEGLIGIBLE,-1.4910008964005766e-06,True
no_cgm,3,global_vs_premeal,-0.0014965183932029208,-0.0033139203799217878,-5.213891495079058e-05,0.06009399060093991,0.18028197180281974,0.0,NEGLIGIBLE,-1.2279994176884975e-05,False
no_cgm,3,global_vs_subz,-0.0002775959832186071,-0.00597250356106707,0.006054674773860926,0.9318068193180682,0.9318068193180682,0.5,NEGLIGIBLE,1.974354172149378e-06,True
no_cgm,3,global_vs_subcenter,-0.00082851868985993,-0.0029408204642309022,0.001086314928124022,0.45795420457954206,0.9159084091590841,0.0,NEGLIGIBLE,-1.4910008964005766e-06,True
no_cgm,4,global_vs_premeal,-0.0007035516227249377,-0.003500957191036058,0.0017636541595572484,0.6220377962203779,1.0,0.0,NEGLIGIBLE,-1.2279994176884975e-05,True
no_cgm,4,global_vs_subz,0.004070863163185332,-0.001188738771051447,0.009913442876906936,0.14028597140285973,0.4208579142085792,1.0,NEGLIGIBLE,1.974354172149378e-06,True
no_cgm,4,global_vs_subcenter,0.00014060902255899927,-0.0034477005012180737,0.0037550266707466204,0.9368063193680632,1.0,0.5,NEGLIGIBLE,-1.4910008964005766e-06,True
no_cgm,5,global_vs_premeal,-0.0008230001022477037,-0.004902400839874952,0.0032092369535092575,0.7005299470052995,1.0,0.5,NEGLIGIBLE,-1.2279994176884975e-05,True
no_cgm,5,global_vs_subz,0.0023943522380801938,-0.0028725701738729643,0.008452244386580017,0.42375762423757624,1.0,0.75,NEGLIGIBLE,1.974354172149378e-06,True
no_cgm,5,global_vs_subcenter,-5.8482620681182415e-05,-0.0034987974348415596,0.003487505614065911,0.9743025697430256,1.0,0.5,NEGLIGIBLE,-1.4910008964005766e-06,True
no_cgm,6,global_vs_premeal,-0.0013449258476730314,-0.0060654514878406155,0.0030281561168238307,0.5861413858614138,1.0,0.25,NEGLIGIBLE,-1.2279994176884975e-05,True
no_cgm,6,global_vs_subz,0.002882996200315983,-0.005078097270022933,0.010982878649343176,0.49105089491050896,1.0,0.75,NEGLIGIBLE,1.974354172149378e-06,True
no_cgm,6,global_vs_subcenter,0.00020710656892691145,-0.005232040084295683,0.005644669760162547,0.9394060593940606,1.0,0.75,NEGLIGIBLE,-1.4910008964005766e-06,True
no_cgm,7,global_vs_premeal,-0.0025054125042426466,-0.0043702232715024944,-0.0009075947562607078,0.0021997800219978004,0.006599340065993401,0.0,NEGLIGIBLE,-1.2279994176884975e-05,False
no_cgm,7,global_vs_subz,-0.0021344611028979443,-0.007946312354669362,0.003868882434909244,0.48355164483551644,0.8045195480451954,0.25,NEGLIGIBLE,1.974354172149378e-06,True
no_cgm,7,global_vs_subcenter,-0.0012323882087534957,-0.004130399736309462,0.0015657744139166725,0.4022597740225977,0.8045195480451954,0.25,NEGLIGIBLE,-1.4910008964005766e-06,True
no_cgm,8,global_vs_premeal,-0.0015057502106716897,-0.0037351219055388467,0.0003078054200759263,0.1498850114988501,0.4496550344965503,0.0,NEGLIGIBLE,-1.2279994176884975e-05,True
no_cgm,8,global_vs_subz,-0.0017913512776455089,-0.008992908640909873,0.005613743095537691,0.6281371862813718,1.0,0.25,NEGLIGIBLE,1.974354172149378e-06,True
no_cgm,8,global_vs_subcenter,0.00021659454882958082,-0.003161228918674599,0.004055627704276934,0.9134086591340866,1.0,0.25,NEGLIGIBLE,-1.4910008964005766e-06,True
no_cgm,9,global_vs_premeal,-0.001250094226064736,-0.006531628803149023,0.0029492764685410174,0.6494350564943505,1.0,0.25,NEGLIGIBLE,-1.2279994176884975e-05,True
no_cgm,9,global_vs_subz,0.002660838576864232,-0.0034186342323972137,0.008790159794340061,0.38066193380661933,1.0,0.75,NEGLIGIBLE,1.974354172149378e-06,True
no_cgm,9,global_vs_subcenter,0.0013522911900907882,-0.0028279283399516974,0.004906729848968493,0.4968503149685031,1.0,1.0,NEGLIGIBLE,-1.4910008964005766e-06,True
no_cgm,10,global_vs_premeal,-0.002016263270127491,-0.003817436658772364,-0.0007431464180006958,0.0016998300169983002,0.005099490050994901,0.0,NEGLIGIBLE,-1.2279994176884975e-05,False
no_cgm,10,global_vs_subz,-0.004157539355497228,-0.009328144150329886,0.0009408854797451913,0.11748825117488251,0.23497650234976503,0.0,NEGLIGIBLE,1.974354172149378e-06,True
no_cgm,10,global_vs_subcenter,-0.001307751167116829,-0.0036075492291443917,0.0006163579123620379,0.24687531246875313,0.24687531246875313,0.25,NEGLIGIBLE,-1.4910008964005766e-06,True
no_cgm,11,global_vs_premeal,-0.0005666684945826028,-0.007980152947085596,0.0064210354267813805,0.884011598840116,1.0,0.5,NEGLIGIBLE,-1.2279994176884975e-05,True
no_cgm,11,global_vs_subz,-0.0004822034240068209,-0.00835460538847725,0.006917383350095414,0.9023097690230977,1.0,0.75,NEGLIGIBLE,1.974354172149378e-06,True
no_cgm,11,global_vs_subcenter,-0.003100532896326355,-0.011449287308292092,0.004530797948027819,0.43875612438756123,1.0,0.0,NEGLIGIBLE,-1.4910008964005766e-06,True
no_cgm,12,global_vs_premeal,-0.0009142723855817945,-0.0020500312792443042,7.332923739697129e-05,0.10338966103389662,0.31016898310168983,0.0,NEGLIGIBLE,-1.2279994176884975e-05,True
no_cgm,12,global_vs_subz,0.0003414610153035189,-0.003329938649661108,0.004010329225610287,0.8617138286171383,1.0,0.75,NEGLIGIBLE,1.974354172149378e-06,True
no_cgm,12,global_vs_subcenter,7.874281428440839e-05,-0.0013566033919339803,0.0014629653527504808,0.9125087491250875,1.0,0.5,NEGLIGIBLE,-1.4910008964005766e-06,True
no_cgm,13,global_vs_premeal,-0.002155204925796097,-0.0036158482364642814,-0.0009614977357294293,0.0006999300069993001,0.0020997900209979003,0.0,NEGLIGIBLE,-1.2279994176884975e-05,False
no_cgm,13,global_vs_subz,0.002578587030048581,-0.0011198743740117464,0.006662021821488657,0.18808119188081193,0.37616238376162386,0.75,NEGLIGIBLE,1.974354172149378e-06,True
no_cgm,13,global_vs_subcenter,-0.000288718072380738,-0.0017697713158016156,0.0012049258864259467,0.7050294970502949,0.7050294970502949,0.5,NEGLIGIBLE,-1.4910008964005766e-06,True
no_cgm,14,global_vs_premeal,-0.004188308785340882,-0.006997689906523956,-0.0019415840049831076,0.00019998000199980003,0.0005999400059994001,0.0,NEGLIGIBLE,-1.2279994176884975e-05,False
no_cgm,14,global_vs_subz,0.0012341770994405952,-0.004612948846037696,0.0070060806875486895,0.67003299670033,0.67003299670033,0.5,NEGLIGIBLE,1.974354172149378e-06,True
no_cgm,14,global_vs_subcenter,-0.003056114712936093,-0.00662373818513761,0.0001860641931131893,0.08489151084891511,0.16978302169783022,0.25,NEGLIGIBLE,-1.4910008964005766e-06,True
no_cgm,15,global_vs_premeal,-0.0009302906916752473,-0.0032915886985927594,0.0012925391186013164,0.4236576342365763,0.8473152684731526,0.0,NEGLIGIBLE,-1.2279994176884975e-05,True
no_cgm,15,global_vs_subz,0.0019364826862630726,-0.0030420147129920807,0.006788216337988019,0.46815318468153183,0.8473152684731526,0.75,NEGLIGIBLE,1.974354172149378e-06,True
no_cgm,15,global_vs_subcenter,0.0030593056577263903,-0.00013530049272063638,0.00640607126045297,0.08199180081991801,0.24597540245975402,1.0,NEGLIGIBLE,-1.4910008964005766e-06,True
no_cgm,16,global_vs_premeal,-0.0032293104969909857,-0.00684502197021365,-0.0002755892632008998,0.056694330566943306,0.1700829917008299,0.0,NEGLIGIBLE,-1.2279994176884975e-05,False
no_cgm,16,global_vs_subz,0.0002995645378821851,-0.004074150492900446,0.0044852813994822405,0.8924107589241076,0.924907509249075,0.5,NEGLIGIBLE,1.974354172149378e-06,True
no_cgm,16,global_vs_subcenter,-0.0011399041364015228,-0.004114323196085595,0.0010955730129326327,0.4624537546245375,0.924907509249075,0.5,NEGLIGIBLE,-1.4910008964005766e-06,True
no_cgm,17,global_vs_premeal,-0.001281284426284594,-0.0026896108896832145,-3.738337786280792e-05,0.06479352064793521,0.19438056194380565,0.0,NEGLIGIBLE,-1.2279994176884975e-05,False
no_cgm,17,global_vs_subz,0.002884410804922329,-0.0018298932186209412,0.007754147521698399,0.23217678232176783,0.46435356464353567,1.0,NEGLIGIBLE,1.974354172149378e-06,True
no_cgm,17,global_vs_subcenter,-0.00044738829297888487,-0.002712419452675991,0.0020047543757769817,0.7208279172082792,0.7208279172082792,0.0,NEGLIGIBLE,-1.4910008964005766e-06,True
no_cgm,18,global_vs_premeal,-0.0019449968860643643,-0.00561908432541259,0.00126991362684419,0.2870712928707129,0.8612138786121388,0.0,NEGLIGIBLE,-1.2279994176884975e-05,True
no_cgm,18,global_vs_subz,0.0022835940839154526,-0.002917280332717888,0.007456242701482501,0.39286071392860716,0.8612138786121388,1.0,NEGLIGIBLE,1.974354172149378e-06,True
no_cgm,18,global_vs_subcenter,-0.0015724750852371696,-0.005262330865952483,0.0023692247375460287,0.4343565643435656,0.8612138786121388,0.25,NEGLIGIBLE,-1.4910008964005766e-06,True
no_cgm,19,global_vs_premeal,-0.002338090317805181,-0.005228352368648372,-0.000254258214311568,0.040495950404959506,0.12148785121487851,0.0,NEGLIGIBLE,-1.2279994176884975e-05,False
no_cgm,19,global_vs_subz,-0.002026696569400526,-0.00948665351809742,0.006206414283745408,0.6275372462753724,1.0,0.0,NEGLIGIBLE,1.974354172149378e-06,True
no_cgm,19,global_vs_subcenter,-0.0005446211419388244,-0.0036769603408053787,0.001738142014554776,0.8611138886111389,1.0,0.5,NEGLIGIBLE,-1.4910008964005766e-06,True
no_cgm,20,global_vs_premeal,-0.00481771002498023,-0.008716771026823162,-0.0013354246478369778,0.013398660133986601,0.040195980401959805,0.0,NEGLIGIBLE,-1.2279994176884975e-05,False
no_cgm,20,global_vs_subz,0.0014810334571879232,-0.0036446993867105767,0.006583468863074326,0.5793420657934206,0.6387361263873612,0.5,NEGLIGIBLE,1.974354172149378e-06,True
no_cgm,20,global_vs_subcenter,-0.002315685030150703,-0.006799979088796465,0.0019038768188761248,0.3193680631936806,0.6387361263873612,0.25,NEGLIGIBLE,-1.4910008964005766e-06,True
no_cgm,21,global_vs_premeal,-0.0011905061273498271,-0.005400602941101828,0.0023679774789482507,0.55994400559944,0.7445255474452555,0.25,NEGLIGIBLE,-1.2279994176884975e-05,True
no_cgm,21,global_vs_subz,-0.005143938434967399,-0.013080501173377815,0.0029190762847738734,0.22807719228077192,0.6842315768423157,0.0,NEGLIGIBLE,1.974354172149378e-06,True
no_cgm,21,global_vs_subcenter,-0.0024124892723375296,-0.007499081112852428,0.0025118674572119385,0.3722627737226277,0.7445255474452555,0.0,NEGLIGIBLE,-1.4910008964005766e-06,True
no_cgm,22,global_vs_premeal,0.0007460325394640721,-0.006341303188288364,0.007906277902206134,0.8403159684031597,1.0,1.0,NEGLIGIBLE,-1.2279994176884975e-05,True
no_cgm,22,global_vs_subz,0.003363688751611546,-0.004575497796409496,0.011658181283531641,0.42955704429557046,1.0,1.0,NEGLIGIBLE,1.974354172149378e-06,True
no_cgm,22,global_vs_subcenter,0.00116925677932022,-0.003545420005902343,0.005913695857565553,0.6345365463453655,1.0,1.0,NEGLIGIBLE,-1.4910008964005766e-06,True
no_cgm,23,global_vs_premeal,-0.003405341734850282,-0.005546528702919401,-0.0017475012596636095,0.00019998000199980003,0.0005999400059994001,0.0,NEGLIGIBLE,-1.2279994176884975e-05,False
no_cgm,23,global_vs_subz,-0.004536304990638762,-0.009770787647029228,0.0002243115841128924,0.0852914708529147,0.1705829417058294,0.0,NEGLIGIBLE,1.974354172149378e-06,True
no_cgm,23,global_vs_subcenter,-0.002141339668967945,-0.005194181254455823,0.0010393696422340043,0.19818018198180182,0.19818018198180182,0.25,NEGLIGIBLE,-1.4910008964005766e-06,True
no_cgm,24,global_vs_premeal,-0.0003293986539795615,-0.003611772644118456,0.0026126136723870616,0.8442155784421558,1.0,0.75,NEGLIGIBLE,-1.2279994176884975e-05,True
no_cgm,24,global_vs_subz,7.20325096006394e-05,-0.005775019562687244,0.006092351183400846,0.9819018098190181,1.0,0.5,NEGLIGIBLE,1.974354172149378e-06,True
no_cgm,24,global_vs_subcenter,4.403036551238131e-05,-0.0035825898870990177,0.003273531944024059,0.979002099790021,1.0,0.5,NEGLIGIBLE,-1.4910008964005766e-06,True
no_cgm,25,global_vs_premeal,-0.00026867723754772123,-0.0035419176756612603,0.002578327069901343,0.8594140585941406,0.9863013698630136,0.5,NEGLIGIBLE,-1.2279994176884975e-05,True
no_cgm,25,global_vs_subz,0.0030583772984865685,-0.0021661608678663585,0.008288233110588952,0.2546745325467453,0.764023597640236,0.75,NEGLIGIBLE,1.974354172149378e-06,True
no_cgm,25,global_vs_subcenter,0.0011942868255036452,-0.0023673670600965757,0.004325264909819586,0.4931506849315068,0.9863013698630136,0.75,NEGLIGIBLE,-1.4910008964005766e-06,True
no_cgm,26,global_vs_premeal,-0.0032422589606921127,-0.0100598987918481,0.002272438527195102,0.3431656834316568,1.0,0.25,NEGLIGIBLE,-1.2279994176884975e-05,True
no_cgm,26,global_vs_subz,-0.0011769995506048607,-0.009419424776230234,0.005931471767893286,0.7711228877112288,1.0,0.5,NEGLIGIBLE,1.974354172149378e-06,True
no_cgm,26,global_vs_subcenter,-0.002871663367785631,-0.00926926066600949,0.002447141876245644,0.37916208379162086,1.0,0.25,NEGLIGIBLE,-1.4910008964005766e-06,True
no_cgm,27,global_vs_premeal,-0.0007846485632749941,-0.006445453126857924,0.004342122954338071,0.7735226477352265,0.7735226477352265,0.5,NEGLIGIBLE,-1.2279994176884975e-05,True
no_cgm,27,global_vs_subz,0.003720667425540518,-0.0020142331817236655,0.009290557514134613,0.21257874212578742,0.6377362263773623,1.0,NEGLIGIBLE,1.974354172149378e-06,True
no_cgm,27,global_vs_subcenter,0.0022066657240131125,-0.0028216170060755994,0.006747895611299176,0.36866313368663134,0.7373262673732627,1.0,NEGLIGIBLE,-1.4910008964005766e-06,True
no_cgm,28,global_vs_premeal,-0.0023722593643135926,-0.005453427360123201,0.000309469682923761,0.1264873512648735,0.3794620537946205,0.0,NEGLIGIBLE,-1.2279994176884975e-05,True
no_cgm,28,global_vs_subz,-0.0001450743671401873,-0.005573453612984863,0.006288527241160716,0.9617038296170383,0.9617038296170383,0.5,NEGLIGIBLE,1.974354172149378e-06,True
no_cgm,28,global_vs_subcenter,-0.0011661886170303466,-0.004021947628992163,0.001732930693120691,0.4393560643935606,0.8787121287871212,0.0,NEGLIGIBLE,-1.4910008964005766e-06,True
no_cgm,29,global_vs_premeal,-0.003680941538071717,-0.008688962336358495,-1.013110373643619e-05,0.09019098090190981,0.27057294270572946,0.0,NEGLIGIBLE,-1.2279994176884975e-05,True
no_cgm,29,global_vs_subz,0.003329158253613925,-0.003974680056565154,0.010300485562672499,0.37606239376062395,0.7521247875212479,0.75,NEGLIGIBLE,1.974354172149378e-06,True
no_cgm,29,global_vs_subcenter,-0.0012841733918164118,-0.005182911010710254,0.0017495475043916484,0.5095490450954905,0.7521247875212479,0.25,NEGLIGIBLE,-1.4910008964005766e-06,True
no_cgm,30,global_vs_premeal,-0.001123710153239442,-0.002942692129535695,0.0007444595520425257,0.24747525247475252,0.5147485251474853,0.0,NEGLIGIBLE,-1.2279994176884975e-05,True
no_cgm,30,global_vs_subz,0.001394406394967486,-0.003777959104400511,0.006698580421175941,0.6068393160683931,0.6068393160683931,1.0,NEGLIGIBLE,1.974354172149378e-06,True
no_cgm,30,global_vs_subcenter,0.0018977912132425929,-0.00035988354390198245,0.004875206265648718,0.1715828417158284,0.5147485251474853,1.0,NEGLIGIBLE,-1.4910008964005766e-06,True
no_cgm,31,global_vs_premeal,-0.0011298611192694168,-0.001925529409843363,-0.00044502303993146207,0.005499450054994501,0.0164983501649835,0.0,NEGLIGIBLE,-1.2279994176884975e-05,False
no_cgm,31,global_vs_subz,0.003227923784415272,-0.0023552393798593318,0.008934814753280531,0.28717128287171284,0.28717128287171284,1.0,NEGLIGIBLE,1.974354172149378e-06,True
no_cgm,31,global_vs_subcenter,0.0010063855375485452,-0.00013271844473722322,0.002334891760965288,0.1264873512648735,0.252974702529747,0.75,NEGLIGIBLE,-1.4910008964005766e-06,True
no_cgm,32,global_vs_premeal,-0.0012992160149255996,-0.0039235381570994895,0.0009049838664242643,0.31366863313668636,0.6273372662733727,0.0,NEGLIGIBLE,-1.2279994176884975e-05,True
no_cgm,32,global_vs_subz,0.0027909262300002033,-0.001559046532884885,0.006893741795945232,0.20257974202579743,0.6077392260773923,0.75,NEGLIGIBLE,1.974354172149378e-06,True
no_cgm,32,global_vs_subcenter,0.0005098852793654631,-0.0018357064506930169,0.002850189801611239,0.6716328367163283,0.6716328367163283,0.75,NEGLIGIBLE,-1.4910008964005766e-06,True
no_cgm,33,global_vs_premeal,-0.00010336453552269067,-0.007284176298436251,0.006677703922972072,0.9785021497850215,1.0,0.5,NEGLIGIBLE,-1.2279994176884975e-05,True
no_cgm,33,global_vs_subz,-0.003483171924364081,-0.01163902805347181,0.004545344247054363,0.413958604139586,1.0,0.0,NEGLIGIBLE,1.974354172149378e-06,True
no_cgm,33,global_vs_subcenter,-0.0014166658167985922,-0.007912207455098266,0.004186268124725202,0.660933906609339,1.0,0.25,NEGLIGIBLE,-1.4910008964005766e-06,True
no_cgm,34,global_vs_premeal,-0.0021970855647757276,-0.008478946130196237,0.003128595064098604,0.48755124487551244,0.9751024897510249,0.0,NEGLIGIBLE,-1.2279994176884975e-05,True
no_cgm,34,global_vs_subz,-0.0022318211579293984,-0.010245234146376823,0.005454471688590551,0.5907409259074092,0.9751024897510249,0.0,NEGLIGIBLE,1.974354172149378e-06,True
no_cgm,34,global_vs_subcenter,-0.004587998220076526,-0.01048366141268071,0.0008049542826744591,0.140985901409859,0.422957704229577,0.0,NEGLIGIBLE,-1.4910008964005766e-06,True
no_cgm,35,global_vs_premeal,-0.0022726996191562376,-0.007335989709026343,0.0028432722072597996,0.39336066393360664,0.8606139386061394,0.0,NEGLIGIBLE,-1.2279994176884975e-05,True
no_cgm,35,global_vs_subz,-0.0018021079561688497,-0.009479495952007077,0.00524762860624799,0.6333366663333667,0.8606139386061394,0.25,NEGLIGIBLE,1.974354172149378e-06,True
no_cgm,35,global_vs_subcenter,-0.0025939677050887417,-0.007053535962260864,0.002098730672732235,0.28687131286871315,0.8606139386061394,0.0,NEGLIGIBLE,-1.4910008964005766e-06,True
no_cgm,36,global_vs_premeal,-0.0028785227146298203,-0.0053058508356880136,-0.0007956687616433129,0.012398760123987601,0.037196280371962806,0.0,NEGLIGIBLE,-1.2279994176884975e-05,False
no_cgm,36,global_vs_subz,-0.002484426858817531,-0.007425892681263512,0.0023422083053923405,0.33456654334566543,0.6691330866913309,0.0,NEGLIGIBLE,1.974354172149378e-06,True
no_cgm,36,global_vs_subcenter,-0.0017067618046795673,-0.005165349003305605,0.001742369888845053,0.35576442355764426,0.6691330866913309,0.5,NEGLIGIBLE,-1.4910008964005766e-06,True
no_cgm,37,global_vs_premeal,-0.0016535188573456587,-0.0028330561071520264,-0.0006048876864964338,0.0033996600339966003,0.010198980101989802,0.0,NEGLIGIBLE,-1.2279994176884975e-05,False
no_cgm,37,global_vs_subz,-0.002691222487790571,-0.008437462885920014,0.003236402331699908,0.3638636136386361,0.7277272272772722,0.0,NEGLIGIBLE,1.974354172149378e-06,True
no_cgm,37,global_vs_subcenter,-0.00043547665862059834,-0.003492998064364175,0.0027866151148889353,0.7983201679832017,0.7983201679832017,0.25,NEGLIGIBLE,-1.4910008964005766e-06,True
no_cgm,38,global_vs_premeal,-0.0026135864746016533,-0.005609549607369693,-1.643535634802318e-05,0.0673932606739326,0.20217978202179782,0.0,NEGLIGIBLE,-1.2279994176884975e-05,False
no_cgm,38,global_vs_subz,0.002678639021978109,-0.0055003063334485135,0.010886341889602306,0.535946405359464,0.5657434256574343,1.0,NEGLIGIBLE,1.974354172149378e-06,True
no_cgm,38,global_vs_subcenter,-0.0013984189533357981,-0.004108249581298743,0.0009548893400770145,0.28287171282871715,0.5657434256574343,0.25,NEGLIGIBLE,-1.4910008964005766e-06,True
no_cgm,39,global_vs_premeal,-0.000710667555449561,-0.0034982922036079027,0.002214628283876866,0.6244375562443756,1.0,0.25,NEGLIGIBLE,-1.2279994176884975e-05,True
no_cgm,39,global_vs_subz,0.0033929188772943873,-0.0015024679317742846,0.008421611424693705,0.193980601939806,0.581941805819418,0.75,NEGLIGIBLE,1.974354172149378e-06,True
no_cgm,39,global_vs_subcenter,0.00038298514331290816,-0.002427081358658913,0.003181118974712387,0.7936206379362064,1.0,0.75,NEGLIGIBLE,-1.4910008964005766e-06,True
no_cgm,40,global_vs_premeal,-0.0031611686875935244,-0.007163252224119575,0.00021750583679376966,0.09599040095990401,0.287971202879712,0.0,NEGLIGIBLE,-1.2279994176884975e-05,True
no_cgm,40,global_vs_subz,0.0015005321156889198,-0.006240935940048127,0.008090293375014703,0.6939306069393061,1.0,0.75,NEGLIGIBLE,1.974354172149378e-06,True
no_cgm,40,global_vs_subcenter,0.0001049928133319533,-0.003652185563023095,0.0030130619553863135,0.9653034696530347,1.0,0.5,NEGLIGIBLE,-1.4910008964005766e-06,True
no_cgm,41,global_vs_premeal,-0.003354443508772125,-0.005577069082710912,-0.0017657818520161257,9.999000099990002e-05,0.00029997000299970003,0.0,NEGLIGIBLE,-1.2279994176884975e-05,False
no_cgm,41,global_vs_subz,-0.0025789919108196724,-0.007367654315972346,0.0020351171134024753,0.28777122287771223,0.28777122287771223,0.0,NEGLIGIBLE,1.974354172149378e-06,True
no_cgm,41,global_vs_subcenter,-0.003287345314028592,-0.006156780686239891,-0.0006298076147299125,0.026297370262973702,0.052594740525947405,0.0,NEGLIGIBLE,-1.4910008964005766e-06,False
no_cgm,42,global_vs_premeal,-0.0006199912449667663,-0.007075815609798472,0.005080543872004645,0.8529147085291471,1.0,0.5,NEGLIGIBLE,-1.2279994176884975e-05,True
no_cgm,42,global_vs_subz,0.003475949567207132,-0.00823191084661651,0.01459641201493239,0.5633436656334366,1.0,1.0,NEGLIGIBLE,1.974354172149378e-06,True
no_cgm,42,global_vs_subcenter,-0.0008882175724505634,-0.008229605972993471,0.005996462533641341,0.8156184381561844,1.0,0.0,NEGLIGIBLE,-1.4910008964005766e-06,True
no_cgm,43,global_vs_premeal,-0.00029572675454229074,-0.0037172704851913927,0.0031446905188367695,0.8655134486551345,1.0,0.5,NEGLIGIBLE,-1.2279994176884975e-05,True
no_cgm,43,global_vs_subz,-0.0004197018170158529,-0.006177897542409707,0.005548587006078615,0.8874112588741125,1.0,0.25,NEGLIGIBLE,1.974354172149378e-06,True
no_cgm,43,global_vs_subcenter,-0.00027814547339176165,-0.005305349994365247,0.004846911708427934,0.918008199180082,1.0,0.25,NEGLIGIBLE,-1.4910008964005766e-06,True
no_cgm,44,global_vs_premeal,-0.00038817144812506254,-0.0047569328479801585,0.0036846808226807287,0.8604139586041396,1.0,0.25,NEGLIGIBLE,-1.2279994176884975e-05,True
no_cgm,44,global_vs_subz,0.0017293909385039117,-0.004999088074800413,0.008569128502653523,0.6184381561843816,1.0,0.75,NEGLIGIBLE,1.974354172149378e-06,True
no_cgm,44,global_vs_subcenter,-5.761209747350087e-06,-0.004916223829651865,0.004191788353909264,0.9983001699830018,1.0,0.5,NEGLIGIBLE,-1.4910008964005766e-06,True
no_cgm,45,global_vs_premeal,-0.0016218265029358866,-0.0035381119630236613,0.00025029274208887705,0.10178982101789821,0.3053694630536946,0.0,NEGLIGIBLE,-1.2279994176884975e-05,True
no_cgm,45,global_vs_subz,0.0027344647281025434,-0.0032966160391343703,0.008508230289145671,0.3828617138286171,0.7657234276572342,0.75,NEGLIGIBLE,1.974354172149378e-06,True
no_cgm,45,global_vs_subcenter,0.0008805760382085887,-0.002179234310857658,0.004235242983138915,0.6111388861113889,0.7657234276572342,0.75,NEGLIGIBLE,-1.4910008964005766e-06,True
no_cgm,46,global_vs_premeal,-0.0016756314399572253,-0.0040923067787527485,-2.7248133949434463e-06,0.07779222077792221,0.23337666233376664,0.0,NEGLIGIBLE,-1.2279994176884975e-05,True
no_cgm,46,global_vs_subz,0.0016052888735620166,-0.003614140016198299,0.006208776349776669,0.5157484251574842,0.7655234476552345,1.0,NEGLIGIBLE,1.974354172149378e-06,True
no_cgm,46,global_vs_subcenter,-0.000989225341185815,-0.003263256161096736,0.0007981678443255759,0.38276172382761725,0.7655234476552345,0.25,NEGLIGIBLE,-1.4910008964005766e-06,True
no_cgm,47,global_vs_premeal,0.0005533472112882598,-0.005974185196076412,0.006513569882678,0.8641135886411359,1.0,0.5,NEGLIGIBLE,-1.2279994176884975e-05,True
no_cgm,47,global_vs_subz,6.77865657786711e-05,-0.007292970064111187,0.007697267797585358,0.988001199880012,1.0,0.5,NEGLIGIBLE,1.974354172149378e-06,True
no_cgm,47,global_vs_subcenter,0.0019834415536735157,-0.005386959944715409,0.009065116172719502,0.6004399560043996,1.0,0.75,NEGLIGIBLE,-1.4910008964005766e-06,True
no_cgm,48,global_vs_premeal,-0.0031380171558782854,-0.006500258315811066,-0.00028327161738345277,0.050794920507949204,0.1523847615238476,0.0,NEGLIGIBLE,-1.2279994176884975e-05,False
no_cgm,48,global_vs_subz,-0.005026352822276575,-0.010795260572131218,0.00015435208608670394,0.0685931406859314,0.1523847615238476,0.0,NEGLIGIBLE,1.974354172149378e-06,True
no_cgm,48,global_vs_subcenter,-0.001499919597305102,-0.004993909956234827,0.0013439784629603391,0.38246175382461756,0.38246175382461756,0.25,NEGLIGIBLE,-1.4910008964005766e-06,True
no_cgm,49,global_vs_premeal,-0.001662514790893185,-0.003166866095341246,-0.00046518240565870695,0.017998200179982,0.053994600539946,0.0,NEGLIGIBLE,-1.2279994176884975e-05,False
no_cgm,49,global_vs_subz,0.000997791057949888,-0.005619281645850174,0.006813361173864388,0.7616238376162384,0.7616238376162384,1.0,NEGLIGIBLE,1.974354172149378e-06,True
no_cgm,49,global_vs_subcenter,0.0014078334138699152,-0.0006210966461117387,0.004004303873459385,0.3033696630336966,0.6067393260673932,1.0,NEGLIGIBLE,-1.4910008964005766e-06,True
no_cgm,50,global_vs_premeal,-0.0026106801918093538,-0.007997817262402257,0.0017166190351733323,0.36976302369763026,0.7395260473952605,0.0,NEGLIGIBLE,-1.2279994176884975e-05,True
no_cgm,50,global_vs_subz,0.003595930959178198,-0.0008812026832507516,0.008216510965442219,0.1342865713428657,0.4028597140285971,0.75,NEGLIGIBLE,1.974354172149378e-06,True
no_cgm,50,global_vs_subcenter,-0.00018036180070368595,-0.005577971479943276,0.004061535895051221,0.9666033396660334,0.9666033396660334,0.25,NEGLIGIBLE,-1.4910008964005766e-06,True
no_cgm,51,global_vs_premeal,-0.002531119206839646,-0.004642718010901271,-0.0006624412210591389,0.014498550144985502,0.043495650434956505,0.0,NEGLIGIBLE,-1.2279994176884975e-05,False
no_cgm,51,global_vs_subz,0.004541462379283922,-0.0022380507752320796,0.011751788913216325,0.21597840215978403,0.43195680431956807,1.0,NEGLIGIBLE,1.974354172149378e-06,True
no_cgm,51,global_vs_subcenter,-0.0003924001517871571,-0.0029204570907626604,0.002791624433661119,0.8048195180481952,0.8048195180481952,0.5,NEGLIGIBLE,-1.4910008964005766e-06,True
no_cgm,52,global_vs_premeal,-0.0011949294829451738,-0.006191154319728482,0.003926656100754302,0.650934906509349,0.8967103289671033,0.25,NEGLIGIBLE,-1.2279994176884975e-05,True
no_cgm,52,global_vs_subz,-0.0036716708228539314,-0.009632527215354694,0.002520673620550189,0.2385761423857614,0.7157284271572842,0.25,NEGLIGIBLE,1.974354172149378e-06,True
no_cgm,52,global_vs_subcenter,-0.0018618603943858763,-0.006585127378213958,0.0027785855255608306,0.44835516448355167,0.8967103289671033,0.0,NEGLIGIBLE,-1.4910008964005766e-06,True
no_cgm,53,global_vs_premeal,-0.0024810048845135403,-0.008921837014166266,0.0023397457578344305,0.43625637436256376,0.8725127487251275,0.0,NEGLIGIBLE,-1.2279994176884975e-05,True
no_cgm,53,global_vs_subz,-0.002299953964854288,-0.009644204102230191,0.004780471259327591,0.5267473252674733,0.8725127487251275,0.25,NEGLIGIBLE,1.974354172149378e-06,True
no_cgm,53,global_vs_subcenter,-0.00427296028658993,-0.010044253621767984,0.0012568750183503117,0.1341865813418658,0.40255974402559747,0.0,NEGLIGIBLE,-1.4910008964005766e-06,True
no_cgm,54,global_vs_premeal,-0.00042124987926812473,-0.004098156719947349,0.0026535270672866755,0.8149185081491851,1.0,0.5,NEGLIGIBLE,-1.2279994176884975e-05,True
no_cgm,54,global_vs_subz,0.004862964173888733,-0.0007405592327704753,0.01105490191011488,0.1034896510348965,0.3104689531046895,1.0,NEGLIGIBLE,1.974354172149378e-06,True
no_cgm,54,global_vs_subcenter,0.0006254606154300952,-0.002469526657765608,0.003320582066108708,0.7030296970302969,1.0,0.75,NEGLIGIBLE,-1.4910008964005766e-06,True
no_cgm,55,global_vs_premeal,0.0005944982141114294,-0.0056454357650145125,0.006634365297268933,0.8553144685531446,1.0,0.25,NEGLIGIBLE,-1.2279994176884975e-05,True
no_cgm,55,global_vs_subz,0.0026337826132292216,-0.003307351366360947,0.008786488322209119,0.38676132386761325,1.0,0.75,NEGLIGIBLE,1.974354172149378e-06,True
no_cgm,55,global_vs_subcenter,0.0021535993013101916,-0.002809113907869279,0.0070383686349449436,0.4146585341465853,1.0,1.0,NEGLIGIBLE,-1.4910008964005766e-06,True
no_cgm,56,global_vs_premeal,0.0011739759238698624,-0.006109403514727977,0.008730304249720551,0.7590240975902409,1.0,0.75,NEGLIGIBLE,-1.2279994176884975e-05,True
no_cgm,56,global_vs_subz,0.006345187149873739,-0.003559196501488587,0.016334255650659053,0.21327867213278673,0.6398360163983602,1.0,NEGLIGIBLE,1.974354172149378e-06,True
no_cgm,56,global_vs_subcenter,0.0030657181997164507,-0.005362798707872977,0.012410831046590388,0.5032496750324967,1.0,1.0,NEGLIGIBLE,-1.4910008964005766e-06,True
no_cgm,57,global_vs_premeal,-0.0018698313247302331,-0.0029859898696602835,-0.0009127053019350728,0.00029997000299970003,0.0008999100089991002,0.0,NEGLIGIBLE,-1.2279994176884975e-05,False
no_cgm,57,global_vs_subz,0.0071240784416652944,0.0004398246105628503,0.014068122153442,0.0463953604639536,0.0927907209279072,1.0,NEGLIGIBLE,1.974354172149378e-06,False
no_cgm,57,global_vs_subcenter,-0.0002434026399547891,-0.002333887706453139,0.0019259579885007503,0.8269173082691731,0.8269173082691731,0.75,NEGLIGIBLE,-1.4910008964005766e-06,True
no_cgm,58,global_vs_premeal,0.005013107871805855,-0.0009051792547001404,0.011333594818657537,0.0974902509749025,0.0974902509749025,1.0,NEGLIGIBLE,-1.2279994176884975e-05,True
no_cgm,58,global_vs_subz,0.007781119474751834,0.0014552435091697404,0.014599779102720227,0.0201979802019798,0.06059394060593941,1.0,NEGLIGIBLE,1.974354172149378e-06,False
no_cgm,58,global_vs_subcenter,0.004720047361294015,0.0005138985921622897,0.009411309653959012,0.0347965203479652,0.0695930406959304,1.0,NEGLIGIBLE,-1.4910008964005766e-06,False
no_cgm,59,global_vs_premeal,-0.004772204869799103,-0.007611833383078246,-0.0023717798781641244,9.999000099990002e-05,0.00029997000299970003,0.0,NEGLIGIBLE,-1.2279994176884975e-05,False
no_cgm,59,global_vs_subz,-0.000703605495560917,-0.005209495182900835,0.004124122102944022,0.7771222877712228,0.7771222877712228,0.25,NEGLIGIBLE,1.974354172149378e-06,True
no_cgm,59,global_vs_subcenter,-0.0026877280275775487,-0.005410966537308605,-0.0004341523037374471,0.031996800319968,0.063993600639936,0.0,NEGLIGIBLE,-1.4910008964005766e-06,False
no_cgm,60,global_vs_premeal,-0.0012947829530397207,-0.003980859914594822,0.0012233077552850527,0.33166683331666835,0.9950004999500051,0.25,NEGLIGIBLE,-1.2279994176884975e-05,True
no_cgm,60,global_vs_subz,0.0010739723341969514,-0.004037041849027909,0.005869995858587059,0.6930306969303069,1.0,0.75,NEGLIGIBLE,1.974354172149378e-06,True
no_cgm,60,global_vs_subcenter,0.0004038737091955682,-0.002348289824663954,0.003159990075902067,0.7764223577642235,1.0,1.0,NEGLIGIBLE,-1.4910008964005766e-06,True
no_cgm,61,global_vs_premeal,-0.0009210054758561057,-0.004069671066206816,0.0019732510705716814,0.5518448155184481,1.0,0.25,NEGLIGIBLE,-1.2279994176884975e-05,True
no_cgm,61,global_vs_subz,0.005636190939297849,0.0003473282773368369,0.011363239150017058,0.053094690530946904,0.15928407159284072,1.0,NEGLIGIBLE,1.974354172149378e-06,False
no_cgm,61,global_vs_subcenter,0.0010621204333171206,-0.0019472508817016086,0.0040496309309647795,0.5057494250574942,1.0,1.0,NEGLIGIBLE,-1.4910008964005766e-06,True
no_cgm,62,global_vs_premeal,-0.0035237930729231587,-0.013517396737655854,0.00465849333365566,0.5571442855714429,1.0,0.0,NEGLIGIBLE,-1.2279994176884975e-05,True
no_cgm,62,global_vs_subz,0.00046814893220775347,-0.010097115019652849,0.010079681662966064,0.9372062793720628,1.0,0.5,NEGLIGIBLE,1.974354172149378e-06,True
no_cgm,62,global_vs_subcenter,-0.003122946347177928,-0.013197386713883943,0.004226595614193326,0.689031096890311,1.0,0.0,NEGLIGIBLE,-1.4910008964005766e-06,True
no_cgm,63,global_vs_premeal,-0.0013542950889273862,-0.0038798698493832957,0.0005172495156194864,0.35036496350364965,1.0,0.0,NEGLIGIBLE,-1.2279994176884975e-05,True
no_cgm,63,global_vs_subz,0.0022179562144357136,-0.00394436558615825,0.009668811130229221,0.5303469653034697,1.0,1.0,NEGLIGIBLE,1.974354172149378e-06,True
no_cgm,63,global_vs_subcenter,-0.0002829156420442825,-0.0028896267029666373,0.001642551953381428,0.9644035596440356,1.0,0.25,NEGLIGIBLE,-1.4910008964005766e-06,True
no_cgm,64,global_vs_premeal,-0.00278524966300272,-0.0041442948829620765,-0.0015333994457124548,9.999000099990002e-05,0.00029997000299970003,0.0,NEGLIGIBLE,-1.2279994176884975e-05,False
no_cgm,64,global_vs_subz,-0.002098689188178264,-0.008815456401189062,0.004842884401415332,0.5517448255174483,1.0,0.0,NEGLIGIBLE,1.974354172149378e-06,True
no_cgm,64,global_vs_subcenter,0.0005703956940125204,-0.0018491394805882544,0.003327655384671208,0.6724327567243276,1.0,1.0,NEGLIGIBLE,-1.4910008964005766e-06,True
no_cgm,65,global_vs_premeal,-0.004469921745462848,-0.008211118936030874,-0.0017210996442476713,0.00029997000299970003,0.0008999100089991002,0.0,NEGLIGIBLE,-1.2279994176884975e-05,False
no_cgm,65,global_vs_subz,-0.0018934810121190857,-0.007632046293682366,0.0043861020985837785,0.5405459454054594,0.9495050494950505,0.25,NEGLIGIBLE,1.974354172149378e-06,True
no_cgm,65,global_vs_subcenter,-0.0017270470128664167,-0.005717568232257223,0.00144283094039237,0.4747525247475253,0.9495050494950505,0.5,NEGLIGIBLE,-1.4910008964005766e-06,True
no_cgm,66,global_vs_premeal,0.000831912867311431,-0.005270369121408755,0.007018684455114033,0.7876212378762124,0.8149185081491851,0.5,NEGLIGIBLE,-1.2279994176884975e-05,True
no_cgm,66,global_vs_subz,-0.0040486555730360465,-0.010540944905009005,0.003020880110438024,0.26007399260073993,0.7802219778022198,0.0,NEGLIGIBLE,1.974354172149378e-06,True
no_cgm,66,global_vs_subcenter,-0.0026145670636381533,-0.008747572734892479,0.0033090450963035403,0.40745925407459255,0.8149185081491851,0.0,NEGLIGIBLE,-1.4910008964005766e-06,True
no_cgm,67,global_vs_premeal,-0.0021388310225505416,-0.004256006895653111,-0.00048826166142934557,0.0212978702129787,0.0638936106389361,0.0,NEGLIGIBLE,-1.2279994176884975e-05,False
no_cgm,67,global_vs_subz,-0.0008198661645441406,-0.005319474082733968,0.00381915370971177,0.742025797420258,0.8439156084391561,0.25,NEGLIGIBLE,1.974354172149378e-06,True
no_cgm,67,global_vs_subcenter,-0.0007324545431302221,-0.0024539879937122817,0.0010944884144658102,0.42195780421957807,0.8439156084391561,0.5,NEGLIGIBLE,-1.4910008964005766e-06,True
no_cgm,68,global_vs_premeal,-0.0008436688238450818,-0.004306687505916125,0.002263176987365826,0.6205379462053795,1.0,0.25,NEGLIGIBLE,-1.2279994176884975e-05,True
no_cgm,68,global_vs_subz,-0.0013651317520590892,-0.007872208050210633,0.004942068815133995,0.682931706829317,1.0,0.5,NEGLIGIBLE,1.974354172149378e-06,True
no_cgm,68,global_vs_subcenter,0.0007906332965858479,-0.0024507075253454376,0.0036508497446468193,0.629037096290371,1.0,0.75,NEGLIGIBLE,-1.4910008964005766e-06,True
no_cgm,69,global_vs_premeal,-0.00425160090163662,-0.007074353014164362,-0.0016529505267684067,0.004399560043995601,0.013198680131986803,0.0,NEGLIGIBLE,-1.2279994176884975e-05,False
no_cgm,69,global_vs_subz,-0.00014549025497819523,-0.0067206405141726835,0.00682495453457693,0.9663033696630337,0.9663033696630337,0.5,NEGLIGIBLE,1.974354172149378e-06,True
no_cgm,69,global_vs_subcenter,-0.001990425314450222,-0.0059580406010478065,0.0023742649735517657,0.3712628737126287,0.7425257474252575,0.25,NEGLIGIBLE,-1.4910008964005766e-06,True
no_cgm,70,global_vs_premeal,-0.0021435355201828298,-0.005296545151506805,0.000893509574802876,0.18338166183381663,0.5501449855014499,0.0,NEGLIGIBLE,-1.2279994176884975e-05,True
no_cgm,70,global_vs_subz,-0.003101983915570188,-0.010044551494034505,0.003637712752314673,0.3681631836816318,0.5501449855014499,0.0,NEGLIGIBLE,1.974354172149378e-06,True
no_cgm,70,global_vs_subcenter,-0.002581605931587844,-0.006927101242358017,0.0018587226295929441,0.24947505249475052,0.5501449855014499,0.0,NEGLIGIBLE,-1.4910008964005766e-06,True
no_cgm,71,global_vs_premeal,-0.00024399436370743747,-0.0029481989522794814,0.0025432146470901434,0.8613138686131386,0.8721127887211279,0.5,NEGLIGIBLE,-1.2279994176884975e-05,True
no_cgm,71,global_vs_subz,0.0062948730589725286,0.000842259026683949,0.011916013689398021,0.0313968603139686,0.0941905809419058,1.0,NEGLIGIBLE,1.974354172149378e-06,False
no_cgm,71,global_vs_subcenter,0.0011500597425402965,-0.0016133237732468334,0.0040028184472630755,0.4360563943605639,0.8721127887211279,1.0,NEGLIGIBLE,-1.4910008964005766e-06,True
no_cgm,72,global_vs_premeal,-0.0014530490296778464,-0.004893636849921696,0.0013312531405302245,0.43255674432556745,1.0,0.25,NEGLIGIBLE,-1.2279994176884975e-05,True
no_cgm,72,global_vs_subz,-0.001470382470427541,-0.006085094545250469,0.0034526521374824526,0.5492450754924507,1.0,0.25,NEGLIGIBLE,1.974354172149378e-06,True
no_cgm,72,global_vs_subcenter,-0.0011478647133322992,-0.004483304694137498,0.0011553031584226573,0.5851414858514149,1.0,0.25,NEGLIGIBLE,-1.4910008964005766e-06,True
no_cgm,73,global_vs_premeal,-0.0009333851856063406,-0.004902940770017447,0.0026366833237746385,0.6391360863913609,1.0,0.25,NEGLIGIBLE,-1.2279994176884975e-05,True
no_cgm,73,global_vs_subz,-0.0012263396417051492,-0.00869219605248463,0.006256792589347329,0.7607239276072393,1.0,0.25,NEGLIGIBLE,1.974354172149378e-06,True
no_cgm,73,global_vs_subcenter,0.0006965165072820567,-0.003005920714613461,0.0040922606485276495,0.7104289571042895,1.0,0.75,NEGLIGIBLE,-1.4910008964005766e-06,True
no_cgm,74,global_vs_premeal,-0.002622530325637998,-0.004896239470015231,-0.001007530154765309,0.00039996000399960006,0.0011998800119988001,0.0,NEGLIGIBLE,-1.2279994176884975e-05,False
no_cgm,74,global_vs_subz,-0.0006617156335863982,-0.006955608786990689,0.005963075400331121,0.8439156084391561,0.8439156084391561,0.5,NEGLIGIBLE,1.974354172149378e-06,True
no_cgm,74,global_vs_subcenter,-0.0014464869273270865,-0.0036045172724413457,0.00016115202180517414,0.11438856114388561,0.22877712228777122,0.5,NEGLIGIBLE,-1.4910008964005766e-06,True
no_cgm,75,global_vs_premeal,4.7284735601071046e-05,-0.00863113777532403,0.006741902332659773,0.9932006799320068,1.0,0.25,NEGLIGIBLE,-1.2279994176884975e-05,True
no_cgm,75,global_vs_subz,-0.0031818329409861257,-0.013574704831650653,0.0063628136211501575,0.5520447955204479,1.0,0.25,NEGLIGIBLE,1.974354172149378e-06,True
no_cgm,75,global_vs_subcenter,-0.0026169152713969406,-0.010968753460307783,0.0047590715503953865,0.5643435656434357,1.0,0.0,NEGLIGIBLE,-1.4910008964005766e-06,True
no_cgm,76,global_vs_premeal,-0.002711189742544843,-0.0076716998413839015,0.0014076438062293535,0.25917408259174085,0.7775222477752226,0.25,NEGLIGIBLE,-1.2279994176884975e-05,True
no_cgm,76,global_vs_subz,0.002133915528597564,-0.004767604336662572,0.007846974588333649,0.5272472752724727,0.8251174882511749,0.75,NEGLIGIBLE,1.974354172149378e-06,True
no_cgm,76,global_vs_subcenter,-0.0018609930571462186,-0.006491505493795468,0.001877823412183179,0.41255874412558746,0.8251174882511749,0.25,NEGLIGIBLE,-1.4910008964005766e-06,True
no_cgm,77,global_vs_premeal,-0.0036708525967135233,-0.005736471674369452,-0.0020330848524766753,9.999000099990002e-05,0.00029997000299970003,0.0,NEGLIGIBLE,-1.2279994176884975e-05,False
no_cgm,77,global_vs_subz,-0.003383813115139292,-0.008580403777709928,0.0016321129645977428,0.21157884211578842,0.42315768423157685,0.0,NEGLIGIBLE,1.974354172149378e-06,True
no_cgm,77,global_vs_subcenter,-0.0022496242816748206,-0.006198788715017915,0.0020295181273420697,0.29557044295570445,0.42315768423157685,0.25,NEGLIGIBLE,-1.4910008964005766e-06,True
no_cgm,78,global_vs_premeal,-0.0015653718901176086,-0.002935887810952307,-0.0006106356423725036,0.0007999200079992001,0.0023997600239976003,0.0,NEGLIGIBLE,-1.2279994176884975e-05,False
no_cgm,78,global_vs_subz,0.0018075065527641061,-0.0037486647374161647,0.007235777990545835,0.5257474252574742,1.0,1.0,NEGLIGIBLE,1.974354172149378e-06,True
no_cgm,78,global_vs_subcenter,-0.0003653657527764557,-0.0025020911384418393,0.0018318297252965085,0.7437256274372562,1.0,0.25,NEGLIGIBLE,-1.4910008964005766e-06,True
no_cgm,79,global_vs_premeal,-0.0036628247568824715,-0.006428467731937926,-0.0014505985155505129,0.0023997600239976003,0.007199280071992801,0.0,NEGLIGIBLE,-1.2279994176884975e-05,False
no_cgm,79,global_vs_subz,0.0011775891383633498,-0.004916907895722901,0.0074087711400001475,0.7185281471852815,1.0,0.75,NEGLIGIBLE,1.974354172149378e-06,True
no_cgm,79,global_vs_subcenter,-0.00045752484195178987,-0.0032805399677444075,0.0021168397714461306,0.7497250274972502,1.0,0.25,NEGLIGIBLE,-1.4910008964005766e-06,True
no_cgm,80,global_vs_premeal,-0.0065200479056506735,-0.011539554280737822,-0.002749478958435283,0.0005999400059994001,0.0017998200179982003,0.0,NEGLIGIBLE,-1.2279994176884975e-05,False
no_cgm,80,global_vs_subz,0.001715657522466552,-0.004548799392338928,0.007955805251196083,0.5996400359964004,0.7623237676232377,0.75,NEGLIGIBLE,1.974354172149378e-06,True
no_cgm,80,global_vs_subcenter,-0.002079800821732967,-0.00696799848562252,0.00177528452737488,0.38116188381161886,0.7623237676232377,0.5,NEGLIGIBLE,-1.4910008964005766e-06,True
no_cgm,81,global_vs_premeal,-0.002347548632549231,-0.003746204530765943,-0.0011945404240476605,0.00039996000399960006,0.0011998800119988001,0.0,NEGLIGIBLE,-1.2279994176884975e-05,False
no_cgm,81,global_vs_subz,0.003056757431031858,-0.002310294965162598,0.008540149634991155,0.287971202879712,0.575942405759424,0.75,NEGLIGIBLE,1.974354172149378e-06,True
no_cgm,81,global_vs_subcenter,-0.0006138809074808153,-0.003319553448074145,0.00234808461033675,0.6762323767623237,0.6762323767623237,0.5,NEGLIGIBLE,-1.4910008964005766e-06,True
no_cgm,82,global_vs_premeal,0.001977664443221598,-0.003286385837992083,0.006612640508296311,0.45325467453254675,0.7259274072592741,1.0,NEGLIGIBLE,-1.2279994176884975e-05,True
no_cgm,82,global_vs_subz,0.0038751370977192197,-0.0022929873024265046,0.00996893441591245,0.22547745225477453,0.6764323567643236,1.0,NEGLIGIBLE,1.974354172149378e-06,True
no_cgm,82,global_vs_subcenter,0.001993418284296985,-0.0022345373939490925,0.0059774922950711785,0.36296370362963704,0.7259274072592741,1.0,NEGLIGIBLE,-1.4910008964005766e-06,True
no_cgm,83,global_vs_premeal,0.0006265023470438748,-0.005458086490993192,0.0061176599265085774,0.8372162783721628,0.9626037396260374,1.0,NEGLIGIBLE,-1.2279994176884975e-05,True
no_cgm,83,global_vs_subz,0.0030776960752510324,-0.0027931769412908127,0.0090209310755207,0.32086791320867913,0.9626037396260374,1.0,NEGLIGIBLE,1.974354172149378e-06,True
no_cgm,83,global_vs_subcenter,0.001979361976946064,-0.003229554556312725,0.006381046115919538,0.44095590440955906,0.9626037396260374,1.0,NEGLIGIBLE,-1.4910008964005766e-06,True
no_cgm,84,global_vs_premeal,-0.0019020613350549755,-0.0032149348012535284,-0.0008138804553543829,0.0007999200079992001,0.0023997600239976003,0.0,NEGLIGIBLE,-1.2279994176884975e-05,False
no_cgm,84,global_vs_subz,0.004005227688981455,-0.0015449839678326727,0.009583470159754788,0.15848415158484153,0.31696830316968305,1.0,NEGLIGIBLE,1.974354172149378e-06,True
no_cgm,84,global_vs_subcenter,-0.0007093313485639541,-0.00228672351723487,0.0008415896258649307,0.39266073392660733,0.39266073392660733,0.5,NEGLIGIBLE,-1.4910008964005766e-06,True
no_cgm,85,global_vs_premeal,-0.0013845440831301294,-0.002631342572215815,-0.00039108429316843493,0.0086991300869913,0.0260973902609739,0.0,NEGLIGIBLE,-1.2279994176884975e-05,False
no_cgm,85,global_vs_subz,0.002038499456475447,-0.001825889954704506,0.006276801964053402,0.34796520347965204,0.6959304069593041,1.0,NEGLIGIBLE,1.974354172149378e-06,True
no_cgm,85,global_vs_subcenter,0.00031391041021742484,-0.001015742769384048,0.0016087134996553435,0.6587341265873413,0.6959304069593041,0.5,NEGLIGIBLE,-1.4910008964005766e-06,True
no_cgm,86,global_vs_premeal,-0.0007872827855879351,-0.0030434085139471193,0.0015249346007381829,0.48325167483251674,1.0,0.0,NEGLIGIBLE,-1.2279994176884975e-05,True
no_cgm,86,global_vs_subz,0.0009607378960531136,-0.004707681759628046,0.006677684572936953,0.7458254174582541,1.0,0.75,NEGLIGIBLE,1.974354172149378e-06,True
no_cgm,86,global_vs_subcenter,0.001033585731202052,-0.001210499725525998,0.0035747587312640583,0.38846115388461155,1.0,0.75,NEGLIGIBLE,-1.4910008964005766e-06,True
no_cgm,87,global_vs_premeal,-0.005494057983856206,-0.008452707926775905,-0.00308561279310469,9.999000099990002e-05,0.00029997000299970003,0.0,NEGLIGIBLE,-1.2279994176884975e-05,False
no_cgm,87,global_vs_subz,-0.0022163391602395104,-0.007140799098670782,0.002719888789535205,0.39446055394460555,0.39446055394460555,0.0,NEGLIGIBLE,1.974354172149378e-06,True
no_cgm,87,global_vs_subcenter,-0.003322131796888626,-0.006604943964605329,-0.00042862663904976594,0.029997000299970003,0.059994000599940006,0.25,NEGLIGIBLE,-1.4910008964005766e-06,False
no_cgm,88,global_vs_premeal,0.0009995420821781265,-0.006292655939959549,0.008164316525587906,0.7852214778522147,1.0,0.5,NEGLIGIBLE,-1.2279994176884975e-05,True
no_cgm,88,global_vs_subz,0.0008420960176668116,-0.005954185379066826,0.008111158762188696,0.8266173382661733,1.0,0.5,NEGLIGIBLE,1.974354172149378e-06,True
no_cgm,88,global_vs_subcenter,0.002052234103472954,-0.003959628454987129,0.008578543757599241,0.537946205379462,1.0,1.0,NEGLIGIBLE,-1.4910008964005766e-06,True
no_cgm,89,global_vs_premeal,-0.001459603047273769,-0.0030862612180375983,-0.00019209126263111225,0.045495450454954504,0.1364863513648635,0.0,NEGLIGIBLE,-1.2279994176884975e-05,False
no_cgm,89,global_vs_subz,0.0012579113787765648,-0.005461151091788784,0.007538008197617746,0.7123287671232876,1.0,0.25,NEGLIGIBLE,1.974354172149378e-06,True
no_cgm,89,global_vs_subcenter,-7.898788664994209e-05,-0.004309351091352419,0.004364864403646078,0.9719028097190281,1.0,0.25,NEGLIGIBLE,-1.4910008964005766e-06,True
no_cgm,90,global_vs_premeal,-0.0005664243387757719,-0.005915776244084266,0.004353767786668203,0.8321167883211679,1.0,0.25,NEGLIGIBLE,-1.2279994176884975e-05,True
no_cgm,90,global_vs_subz,-0.00013459277863400135,-0.0074731775688826555,0.007023021562128013,0.973002699730027,1.0,0.5,NEGLIGIBLE,1.974354172149378e-06,True
no_cgm,90,global_vs_subcenter,-0.0017733794066202664,-0.00631702196389359,0.0029201450654103432,0.46355364463553644,1.0,0.25,NEGLIGIBLE,-1.4910008964005766e-06,True
no_cgm,91,global_vs_premeal,-0.0008298362558251635,-0.002679313025074343,0.0007722506871725293,0.36066393360663934,1.0,0.25,NEGLIGIBLE,-1.2279994176884975e-05,True
no_cgm,91,global_vs_subz,0.0023289930289044454,-0.0029593010261708434,0.00762016510105892,0.3895610438956104,1.0,1.0,NEGLIGIBLE,1.974354172149378e-06,True
no_cgm,91,global_vs_subcenter,-0.0007902890920449383,-0.003617981026352177,0.002199716208943041,0.5947405259474052,1.0,0.5,NEGLIGIBLE,-1.4910008964005766e-06,True
no_cgm,92,global_vs_premeal,0.00036488935880355086,-0.0034035151390019477,0.003961946962899372,0.8537146285371463,1.0,1.0,NEGLIGIBLE,-1.2279994176884975e-05,True
no_cgm,92,global_vs_subz,0.002238929960251253,-0.003502881858774218,0.008361186734799393,0.4627537246275372,1.0,1.0,NEGLIGIBLE,1.974354172149378e-06,True
no_cgm,92,global_vs_subcenter,0.00159329361327879,-0.0018405487387354433,0.004773699947256097,0.3568643135686431,1.0,1.0,NEGLIGIBLE,-1.4910008964005766e-06,True
no_cgm,93,global_vs_premeal,-0.0022498929044597812,-0.00380835363634339,-0.0010398064478746663,0.00019998000199980003,0.0005999400059994001,0.0,NEGLIGIBLE,-1.2279994176884975e-05,False
no_cgm,93,global_vs_subz,0.002005217257766952,-0.0028561387329635287,0.006817266572350775,0.4360563943605639,0.81991800819918,1.0,NEGLIGIBLE,1.974354172149378e-06,True
no_cgm,93,global_vs_subcenter,-0.0009949205030388734,-0.0033872504139809308,0.0013208787278599294,0.40995900409959,0.81991800819918,0.5,NEGLIGIBLE,-1.4910008964005766e-06,True
no_cgm,94,global_vs_premeal,-0.0020622015182823594,-0.009255320062610104,0.004439471679698468,0.5653434656534346,1.0,0.25,NEGLIGIBLE,-1.2279994176884975e-05,True
no_cgm,94,global_vs_subz,0.0051863964856126085,-0.00389856969037811,0.014624056031903025,0.28477152284771523,0.8543145685431457,1.0,NEGLIGIBLE,1.974354172149378e-06,True
no_cgm,94,global_vs_subcenter,-0.0008853958989804094,-0.007221242488711661,0.004984373475505854,0.7841215878412159,1.0,0.25,NEGLIGIBLE,-1.4910008964005766e-06,True
no_cgm,95,global_vs_premeal,-6.26148741470993e-05,-0.00406642860082508,0.003689421080662784,0.9742025797420258,1.0,0.5,NEGLIGIBLE,-1.2279994176884975e-05,True
no_cgm,95,global_vs_subz,0.001586749173543999,-0.005070033820988801,0.008384456332500735,0.6447355264473552,1.0,0.75,NEGLIGIBLE,1.974354172149378e-06,True
no_cgm,95,global_vs_subcenter,0.000863460207333907,-0.002489303920647415,0.004165339121137349,0.6256374362563744,1.0,0.75,NEGLIGIBLE,-1.4910008964005766e-06,True
no_cgm,96,global_vs_premeal,0.005277303753859181,-0.005084226840910407,0.015719628092811085,0.34606539346065396,0.6665333466653335,1.0,NEGLIGIBLE,-1.2279994176884975e-05,True
no_cgm,96,global_vs_subz,0.006615556043271533,-0.005939480210204296,0.019117284688154323,0.33326667333266674,0.6665333466653335,1.0,NEGLIGIBLE,1.974354172149378e-06,True
no_cgm,96,global_vs_subcenter,0.008028481429858313,-0.002482748509033885,0.018894927297575356,0.16568343165683433,0.497050294970503,1.0,NEGLIGIBLE,-1.4910008964005766e-06,True
no_cgm,97,global_vs_premeal,-0.0020589075615009868,-0.005859091179976969,0.0012197626953370049,0.28487151284871515,0.8546145385461454,0.0,NEGLIGIBLE,-1.2279994176884975e-05,True
no_cgm,97,global_vs_subz,0.0021224792855600748,-0.004490340486501999,0.008735514560938022,0.5403459654034597,1.0,1.0,NEGLIGIBLE,1.974354172149378e-06,True
no_cgm,97,global_vs_subcenter,-2.995050636902625e-05,-0.003503125098591898,0.0029645481109156872,0.9864013598640136,1.0,0.75,NEGLIGIBLE,-1.4910008964005766e-06,True
no_cgm,98,global_vs_premeal,-0.0039061318026732215,-0.00647499146621666,-0.0017124239348250327,0.0005999400059994001,0.0017998200179982003,0.0,NEGLIGIBLE,-1.2279994176884975e-05,False
no_cgm,98,global_vs_subz,-0.0040004680721144785,-0.01079847967535227,0.0030077396123256374,0.25707429257074293,0.44075592440755923,0.0,NEGLIGIBLE,1.974354172149378e-06,True
no_cgm,98,global_vs_subcenter,-0.002491742692688233,-0.006225966509196664,0.0013022477240860182,0.22037796220377961,0.44075592440755923,0.25,NEGLIGIBLE,-1.4910008964005766e-06,True
no_cgm,99,global_vs_premeal,-0.0021032723734365874,-0.0043010711754985055,-0.00016445433952206364,0.0542945705429457,0.1628837116288371,0.0,NEGLIGIBLE,-1.2279994176884975e-05,False
no_cgm,99,global_vs_subz,-0.001614647250632505,-0.007102147416204738,0.003296652617675219,0.5497450254974503,1.0,0.0,NEGLIGIBLE,1.974354172149378e-06,True
no_cgm,99,global_vs_subcenter,-0.0003778115036698449,-0.004465275145652167,0.0036862604343577588,0.8619138086191381,1.0,0.25,NEGLIGIBLE,-1.4910008964005766e-06,True
no_cgm,100,global_vs_premeal,-0.0015484302250841175,-0.004377981806402189,0.0007059429273270916,0.2999700029997,0.8999100089991,0.25,NEGLIGIBLE,-1.2279994176884975e-05,True
no_cgm,100,global_vs_subz,-0.0008670964955949127,-0.006961802693279962,0.005761001666060832,0.7991200879912009,1.0,0.25,NEGLIGIBLE,1.974354172149378e-06,True
no_cgm,100,global_vs_subcenter,-0.000989843042544563,-0.004999730022471075,0.0030450129458343723,0.6451354864513549,1.0,0.25,NEGLIGIBLE,-1.4910008964005766e-06,True
no_cgm,101,global_vs_premeal,-0.0011118835942130454,-0.008677398903224151,0.005229906913938099,0.7714228577142286,1.0,0.5,NEGLIGIBLE,-1.2279994176884975e-05,True
no_cgm,101,global_vs_subz,-0.0025612110845176323,-0.011571908110859933,0.005699003973332997,0.5811418858114189,1.0,0.0,NEGLIGIBLE,1.974354172149378e-06,True
no_cgm,101,global_vs_subcenter,-0.002058002642105367,-0.008700431707365544,0.004129234482077987,0.5347465253474653,1.0,0.0,NEGLIGIBLE,-1.4910008964005766e-06,True
no_cgm,102,global_vs_premeal,-0.00122185341844885,-0.0021720071822480392,-0.00036967773926612445,0.0100989901009899,0.030296970302969704,0.0,NEGLIGIBLE,-1.2279994176884975e-05,False
no_cgm,102,global_vs_subz,0.004853385354203497,0.00042482623237798816,0.009891640188162843,0.052094790520947905,0.10418958104189581,1.0,NEGLIGIBLE,1.974354172149378e-06,False
no_cgm,102,global_vs_subcenter,0.0014584486172838254,-3.459334524477751e-05,0.003339515104248135,0.08349165083491651,0.10418958104189581,1.0,NEGLIGIBLE,-1.4910008964005766e-06,True
no_cgm,103,global_vs_premeal,-0.0010913044807786792,-0.0025737729475545385,0.000328246941733558,0.1344865513448655,0.4034596540345965,0.0,NEGLIGIBLE,-1.2279994176884975e-05,True
no_cgm,103,global_vs_subz,0.0005672353409158004,-0.0050535326191931094,0.0060357293591514465,0.851014898510149,0.851014898510149,0.5,NEGLIGIBLE,1.974354172149378e-06,True
no_cgm,103,global_vs_subcenter,0.0009745560060958824,-0.00045290614156265037,0.0027179044549830015,0.24587541245875413,0.49175082491750827,1.0,NEGLIGIBLE,-1.4910008964005766e-06,True
no_cgm,104,global_vs_premeal,-0.000477367058934582,-0.002386659619792997,0.0011493971029185146,0.6136386361363864,1.0,0.25,NEGLIGIBLE,-1.2279994176884975e-05,True
no_cgm,104,global_vs_subz,0.0013208660287043234,-0.0034801182146301495,0.00602376342014048,0.5926407359264073,1.0,0.75,NEGLIGIBLE,1.974354172149378e-06,True
no_cgm,104,global_vs_subcenter,0.0007331190806982758,-0.0012132628648732784,0.002455362576123085,0.45195480451954806,1.0,0.75,NEGLIGIBLE,-1.4910008964005766e-06,True
no_cgm,105,global_vs_premeal,-0.001324548699720616,-0.003495204487814692,0.0007516251770731337,0.24327567243275672,0.7298270172982702,0.0,NEGLIGIBLE,-1.2279994176884975e-05,True
no_cgm,105,global_vs_subz,-0.00047269571967424633,-0.0052055887314403,0.004408933385700177,0.8414158584141586,1.0,0.5,NEGLIGIBLE,1.974354172149378e-06,True
no_cgm,105,global_vs_subcenter,-0.0004536081703034779,-0.003065914892471675,0.002532018867402306,0.7662233776622338,1.0,0.0,NEGLIGIBLE,-1.4910008964005766e-06,True
no_cgm,106,global_vs_premeal,-0.0060774807727812605,-0.012501592045446031,-0.001539234308735147,0.006399360063993601,0.019198080191980802,0.0,NEGLIGIBLE,-1.2279994176884975e-05,False
no_cgm,106,global_vs_subz,-0.0022184070184025056,-0.010853535361477753,0.005462971804413631,0.5960403959604039,0.5960403959604039,0.5,NEGLIGIBLE,1.974354172149378e-06,True
no_cgm,106,global_vs_subcenter,-0.004028476686809053,-0.010277833406686384,0.0009985532755944343,0.17328267173282672,0.34656534346565343,0.25,NEGLIGIBLE,-1.4910008964005766e-06,True
no_cgm,107,global_vs_premeal,-0.002321841328682596,-0.004114133898042938,-0.0007565564793919223,0.0052994700529947,0.015898410158984102,0.0,NEGLIGIBLE,-1.2279994176884975e-05,False
no_cgm,107,global_vs_subz,0.0032381452429862574,-0.0033608429050138683,0.010294070929189332,0.37196280371962803,0.7439256074392561,1.0,NEGLIGIBLE,1.974354172149378e-06,True
no_cgm,107,global_vs_subcenter,-0.00020348683013474164,-0.0027062836834860346,0.0027206681231275935,0.8912108789121088,0.8912108789121088,0.5,NEGLIGIBLE,-1.4910008964005766e-06,True
no_cgm,108,global_vs_premeal,-0.0016970024651289004,-0.004341723085713742,0.0007971351366400179,0.20857914208579142,0.6257374262573743,0.25,NEGLIGIBLE,-1.2279994176884975e-05,True
no_cgm,108,global_vs_subz,0.00291442308670575,-0.0035089817122103085,0.009201834472144517,0.37836216378362164,0.7567243275672433,1.0,NEGLIGIBLE,1.974354172149378e-06,True
no_cgm,108,global_vs_subcenter,-0.00019916264825086855,-0.003104960694771554,0.0025726267036172376,0.8962103789621038,0.8962103789621038,0.5,NEGLIGIBLE,-1.4910008964005766e-06,True
no_cgm,109,global_vs_premeal,-0.0007945813306585425,-0.0013803065821811297,-0.00026847369790679266,0.0051994800519948,0.0155984401559844,0.0,NEGLIGIBLE,-1.2279994176884975e-05,False
no_cgm,109,global_vs_subz,0.004167508494968529,-0.0007957620998259015,0.009579637414186382,0.13438656134386562,0.26877312268773124,1.0,NEGLIGIBLE,1.974354172149378e-06,True
no_cgm,109,global_vs_subcenter,0.0011622057118534862,-0.0007828148249820799,0.0031570059282703716,0.26507349265073493,0.26877312268773124,0.75,NEGLIGIBLE,-1.4910008964005766e-06,True
no_cgm,110,global_vs_premeal,-0.0012113450581598066,-0.002173707548045526,-0.0003574080104503389,0.013798620137986202,0.0413958604139586,0.0,NEGLIGIBLE,-1.2279994176884975e-05,False
no_cgm,110,global_vs_subz,-0.0025342566468929614,-0.006591583544657824,0.0015583976044327046,0.22397760223977603,0.44795520447955206,0.0,NEGLIGIBLE,1.974354172149378e-06,True
no_cgm,110,global_vs_subcenter,4.808626948631337e-05,-0.0009940095622819225,0.001175766126684005,0.932906709329067,0.932906709329067,0.5,NEGLIGIBLE,-1.4910008964005766e-06,True
no_cgm,111,global_vs_premeal,-0.0004773830347393309,-0.004048828283577268,0.002890147908250846,0.8013198680131987,0.8013198680131987,0.5,NEGLIGIBLE,-1.2279994176884975e-05,True
no_cgm,111,global_vs_subz,0.007447063654203478,0.0011006153420012252,0.01339232463369348,0.027597240275972403,0.0827917208279172,1.0,NEGLIGIBLE,1.974354172149378e-06,False
no_cgm,111,global_vs_subcenter,0.0018299753113025115,-0.0013359633295965824,0.004874840443352995,0.2655734426557344,0.5311468853114688,1.0,NEGLIGIBLE,-1.4910008964005766e-06,True
no_cgm,112,global_vs_premeal,-0.0035938542644814273,-0.008690211382268354,0.0008495271474909927,0.15208479152084792,0.45625437456254375,0.0,NEGLIGIBLE,-1.2279994176884975e-05,True
no_cgm,112,global_vs_subz,-0.0037164526254131365,-0.010611538381848295,0.003377781808594229,0.30796920307969206,0.48135186481351866,0.0,NEGLIGIBLE,1.974354172149378e-06,True
no_cgm,112,global_vs_subcenter,-0.003733043612303804,-0.009867167503384502,0.0021120574718641867,0.24067593240675933,0.48135186481351866,0.0,NEGLIGIBLE,-1.4910008964005766e-06,True
no_cgm,113,global_vs_premeal,-0.0018561444214913326,-0.0041391732797723445,3.928478133720782e-05,0.0781921807819218,0.23457654234576542,0.0,NEGLIGIBLE,-1.2279994176884975e-05,True
no_cgm,113,global_vs_subz,0.0023624399918321846,-0.00293997975686234,0.007724075949200892,0.39666033396660333,0.7933206679332067,0.75,NEGLIGIBLE,1.974354172149378e-06,True
no_cgm,113,global_vs_subcenter,-0.00045864062039629777,-0.002098443414945399,0.0008671061455547085,0.5767423257674232,0.7933206679332067,0.5,NEGLIGIBLE,-1.4910008964005766e-06,True
no_cgm,114,global_vs_premeal,-0.0023251857101827997,-0.008314475440995601,0.0024534608205149036,0.41415858414158585,1.0,0.25,NEGLIGIBLE,-1.2279994176884975e-05,True
no_cgm,114,global_vs_subz,0.0019971782775936,-0.007766279382461099,0.011836954752943102,0.7084291570842915,1.0,0.5,NEGLIGIBLE,1.974354172149378e-06,True
no_cgm,114,global_vs_subcenter,-0.0018850279595328911,-0.007662665735004243,0.003067628095125991,0.5150484951504849,1.0,0.5,NEGLIGIBLE,-1.4910008964005766e-06,True
no_cgm,115,global_vs_premeal,0.0001624054666163765,-0.001908128598815327,0.0021328976241074766,0.8814118588141185,0.8814118588141185,0.5,NEGLIGIBLE,-1.2279994176884975e-05,True
no_cgm,115,global_vs_subz,0.006846998987565925,-0.0008487524782789366,0.015097868138988725,0.10528947105289471,0.31586841315868414,1.0,NEGLIGIBLE,1.974354172149378e-06,True
no_cgm,115,global_vs_subcenter,0.0007214391772155413,-0.0007194131588686715,0.002368706743635744,0.40015998400159986,0.8003199680031997,0.75,NEGLIGIBLE,-1.4910008964005766e-06,True
no_cgm,116,global_vs_premeal,-0.0019544115294474213,-0.003822935601419278,-0.00015569662973071195,0.050294970502949704,0.1508849115088491,0.0,NEGLIGIBLE,-1.2279994176884975e-05,False
no_cgm,116,global_vs_subz,0.00020916648529190697,-0.006865789710337658,0.0074697439884504275,0.9561043895610439,0.9561043895610439,0.5,NEGLIGIBLE,1.974354172149378e-06,True
no_cgm,116,global_vs_subcenter,-0.0012370362319138724,-0.003150752987427706,0.00048237544608079584,0.19708029197080293,0.39416058394160586,0.0,NEGLIGIBLE,-1.4910008964005766e-06,True
no_cgm,117,global_vs_premeal,-0.0029213241412772337,-0.0073955044746793555,0.0006751408230572522,0.1745825417458254,0.5237476252374762,0.0,NEGLIGIBLE,-1.2279994176884975e-05,True
no_cgm,117,global_vs_subz,6.16570616625093e-05,-0.004985356449749104,0.004687538385981804,0.9819018098190181,0.9819018098190181,0.5,NEGLIGIBLE,1.974354172149378e-06,True
no_cgm,117,global_vs_subcenter,-0.0022678113991526994,-0.006797461634294339,0.0014434807588040736,0.3033696630336966,0.6067393260673932,0.25,NEGLIGIBLE,-1.4910008964005766e-06,True
no_cgm,118,global_vs_premeal,-0.0018576067198778977,-0.003973923630176018,0.00017329552709948,0.07749225077492251,0.23247675232476755,0.0,NEGLIGIBLE,-1.2279994176884975e-05,True
no_cgm,118,global_vs_subz,5.4790140724644904e-05,-0.007085565013949484,0.007765920544638053,0.9872012798720128,1.0,0.5,NEGLIGIBLE,1.974354172149378e-06,True
no_cgm,118,global_vs_subcenter,-0.0014350776424980477,-0.00866692413578797,0.006872305047049335,0.7235276472352765,1.0,0.25,NEGLIGIBLE,-1.4910008964005766e-06,True
no_cgm,119,global_vs_premeal,-0.0027900319421142873,-0.003995736144257367,-0.0017834207192929008,9.999000099990002e-05,0.00029997000299970003,0.0,NEGLIGIBLE,-1.2279994176884975e-05,False
no_cgm,119,global_vs_subz,0.0021416705510118404,-0.002113484251066598,0.00650169379842839,0.33656634336566343,0.6731326867313269,1.0,NEGLIGIBLE,1.974354172149378e-06,True
no_cgm,119,global_vs_subcenter,-0.0007129486019434883,-0.002798678236440276,0.001461664656106745,0.51004899510049,0.6731326867313269,0.25,NEGLIGIBLE,-1.4910008964005766e-06,True
no_cgm,120,global_vs_premeal,-0.001367008283308083,-0.0032974372316143903,-6.439714014368145e-05,0.05779422057794221,0.17338266173382663,0.0,NEGLIGIBLE,-1.2279994176884975e-05,False
no_cgm,120,global_vs_subz,0.0019938187747399775,-0.002721572562231545,0.006592519359766388,0.40855914408559146,0.8171182881711829,0.75,NEGLIGIBLE,1.974354172149378e-06,True
no_cgm,120,global_vs_subcenter,-0.00027484777677446815,-0.0013946542667968018,0.0005600318877063135,0.748025197480252,0.8171182881711829,0.25,NEGLIGIBLE,-1.4910008964005766e-06,True
no_cgm,121,global_vs_premeal,-0.0016990940624424808,-0.005792738699997473,0.001521988218048853,0.43055694430556946,1.0,0.25,NEGLIGIBLE,-1.2279994176884975e-05,True
no_cgm,121,global_vs_subz,-0.0024270565269627706,-0.008882485484771378,0.004703405040893099,0.49235076492350766,1.0,0.25,NEGLIGIBLE,1.974354172149378e-06,True
no_cgm,121,global_vs_subcenter,-0.0010024046733630824,-0.004408014802670406,0.0026288982889247064,0.5843415658434157,1.0,0.25,NEGLIGIBLE,-1.4910008964005766e-06,True
no_cgm,122,global_vs_premeal,-0.0032516052446132267,-0.00884283035233762,0.0011252739156246932,0.24347565243475652,0.7304269573042695,0.0,NEGLIGIBLE,-1.2279994176884975e-05,True
no_cgm,122,global_vs_subz,-0.0009132257640931807,-0.007933486260377418,0.006220841167220953,0.8023197680231977,1.0,0.5,NEGLIGIBLE,1.974354172149378e-06,True
no_cgm,122,global_vs_subcenter,-0.001528001393937394,-0.005884618031732124,0.0016721082461558982,0.567043295670433,1.0,0.25,NEGLIGIBLE,-1.4910008964005766e-06,True
no_cgm,123,global_vs_premeal,-0.0019339855298389566,-0.003607710288199659,-0.00038734751676212676,0.0206979302069793,0.06209379062093791,0.0,NEGLIGIBLE,-1.2279994176884975e-05,False
no_cgm,123,global_vs_subz,0.0015011803296522297,-0.00343850227012629,0.006791677838143679,0.5857414258574143,0.9515048495150485,1.0,NEGLIGIBLE,1.974354172149378e-06,True
no_cgm,123,global_vs_subcenter,0.0012619450850599242,-0.0018057100915657627,0.0047345939521095315,0.4757524247575243,0.9515048495150485,1.0,NEGLIGIBLE,-1.4910008964005766e-06,True
no_cgm,124,global_vs_premeal,-0.00084840968393952,-0.002946422110351161,0.0009820965046577138,0.44185581441855815,0.7135286471352865,0.25,NEGLIGIBLE,-1.2279994176884975e-05,True
no_cgm,124,global_vs_subz,0.0032591782902512997,-0.0018569178422735292,0.008316232113518625,0.21287871212878712,0.6386361363863613,0.75,NEGLIGIBLE,1.974354172149378e-06,True
no_cgm,124,global_vs_subcenter,0.0009498472327304004,-0.0010313471461335824,0.002824950708337142,0.35676432356764326,0.7135286471352865,1.0,NEGLIGIBLE,-1.4910008964005766e-06,True
no_cgm,125,global_vs_premeal,-0.0016773753880274583,-0.00348168694451614,8.524865466491522e-05,0.06729327067293271,0.20187981201879812,0.0,NEGLIGIBLE,-1.2279994176884975e-05,True
no_cgm,125,global_vs_subz,-0.0025930970732655893,-0.006793699408798585,0.001617722919319756,0.22857714228577142,0.45715428457154283,0.25,NEGLIGIBLE,1.974354172149378e-06,True
no_cgm,125,global_vs_subcenter,-0.0008855172908610501,-0.0031143689577934797,0.001105891880456015,0.42855714428557146,0.45715428457154283,0.5,NEGLIGIBLE,-1.4910008964005766e-06,True
no_cgm,126,global_vs_premeal,-0.0007086397934203435,-0.002204702917110298,0.0007439279673603672,0.36076392360763926,0.7215278472152785,0.5,NEGLIGIBLE,-1.2279994176884975e-05,True
no_cgm,126,global_vs_subz,0.00333566826585606,-0.002494548027663859,0.008502680312949611,0.23887611238876114,0.7166283371662834,0.75,NEGLIGIBLE,1.974354172149378e-06,True
no_cgm,126,global_vs_subcenter,0.0003921379716047724,-0.0007683342427306278,0.0016760951670462003,0.5409459054094591,0.7215278472152785,0.75,NEGLIGIBLE,-1.4910008964005766e-06,True
no_cgm,127,global_vs_premeal,-0.002290373062944087,-0.004548531227246941,-2.0476835940058865e-05,0.05449455054494551,0.16348365163483652,0.0,NEGLIGIBLE,-1.2279994176884975e-05,False
no_cgm,127,global_vs_subz,-0.0030931802838590474,-0.009797783086926996,0.003857634679169173,0.39976002399760024,0.7995200479952005,0.0,NEGLIGIBLE,1.974354172149378e-06,True
no_cgm,127,global_vs_subcenter,0.0005428276786245526,-0.0028193895791743424,0.004286157510683143,0.7794220577942206,0.7995200479952005,0.5,NEGLIGIBLE,-1.4910008964005766e-06,True
no_cgm,128,global_vs_premeal,-0.0009750172052143864,-0.003643534254363902,0.0014739652759814795,0.458054194580542,1.0,0.0,NEGLIGIBLE,-1.2279994176884975e-05,True
no_cgm,128,global_vs_subz,0.0021606649338863668,-0.0026907555834528953,0.006815163483579768,0.37936206379362064,1.0,0.75,NEGLIGIBLE,1.974354172149378e-06,True
no_cgm,128,global_vs_subcenter,0.0008213295452132879,-0.0015764882386340416,0.003164657299306954,0.5066493350664933,1.0,0.75,NEGLIGIBLE,-1.4910008964005766e-06,True
no_cgm,129,global_vs_premeal,0.0011279474114572901,-0.004476908644136453,0.0065889716362612285,0.6934306569343066,0.6934306569343066,0.75,NEGLIGIBLE,-1.2279994176884975e-05,True
no_cgm,129,global_vs_subz,0.010515521750492203,0.004432917304710699,0.016871998273213645,0.0018998100189981002,0.005699430056994301,1.0,NEGLIGIBLE,1.974354172149378e-06,False
no_cgm,129,global_vs_subcenter,0.002585157102270154,-0.0022566554151354995,0.007198996765231394,0.30116988301169884,0.6023397660233977,1.0,NEGLIGIBLE,-1.4910008964005766e-06,True
no_cgm,130,global_vs_premeal,-0.002113396937302442,-0.004591224768117799,-0.0001367184027976799,0.059494050594940506,0.17848215178482152,0.0,NEGLIGIBLE,-1.2279994176884975e-05,False
no_cgm,130,global_vs_subz,0.0019262459096491807,-0.002959582291047771,0.006926072590562436,0.45965403459654036,0.9193080691930807,1.0,NEGLIGIBLE,1.974354172149378e-06,True
no_cgm,130,global_vs_subcenter,-0.00017288476573680336,-0.0032128074161174944,0.002733903309377859,0.9098090190980902,0.9193080691930807,0.5,NEGLIGIBLE,-1.4910008964005766e-06,True
no_cgm,131,global_vs_premeal,-0.0026571107984826397,-0.0042854507826835565,-0.0013155890980504467,9.999000099990002e-05,0.00029997000299970003,0.0,NEGLIGIBLE,-1.2279994176884975e-05,False
no_cgm,131,global_vs_subz,0.0005753614774014858,-0.005974131079371284,0.007149693932373374,0.8687131286871312,0.8687131286871312,0.75,NEGLIGIBLE,1.974354172149378e-06,True
no_cgm,131,global_vs_subcenter,-0.0028874783262591236,-0.006887462752025224,0.001160928750510711,0.15078492150784922,0.30156984301569845,0.0,NEGLIGIBLE,-1.4910008964005766e-06,True
no_cgm,132,global_vs_premeal,-0.003586661669657382,-0.010256020325555993,0.0021619675357283106,0.2606739326067393,0.5213478652134786,0.0,NEGLIGIBLE,-1.2279994176884975e-05,True
no_cgm,132,global_vs_subz,-0.005302172151606215,-0.014828921524849516,0.0036444069125798825,0.26587341265873415,0.5213478652134786,0.0,NEGLIGIBLE,1.974354172149378e-06,True
no_cgm,132,global_vs_subcenter,-0.00501928325441263,-0.01155760948222934,0.0015779938782541788,0.1546845315468453,0.4640535946405359,0.0,NEGLIGIBLE,-1.4910008964005766e-06,True
no_cgm,133,global_vs_premeal,-0.002227047669142866,-0.003661215852351591,-0.0010098595510190588,0.0017998200179982,0.0053994600539946005,0.0,NEGLIGIBLE,-1.2279994176884975e-05,False
no_cgm,133,global_vs_subz,0.003169397679363934,-0.0032470084337711666,0.01009282022633674,0.3715628437156284,0.7431256874312568,1.0,NEGLIGIBLE,1.974354172149378e-06,True
no_cgm,133,global_vs_subcenter,-0.001900692683974362,-0.006363533994268608,0.0028703942581088425,0.4206579342065793,0.7431256874312568,0.0,NEGLIGIBLE,-1.4910008964005766e-06,True
no_cgm,134,global_vs_premeal,-0.0013350718728007617,-0.004073365351047487,0.0015120878980396234,0.3742625737426257,1.0,0.0,NEGLIGIBLE,-1.2279994176884975e-05,True
no_cgm,134,global_vs_subz,0.0003400689882636938,-0.003707628851625033,0.00425114219132724,0.871012898710129,1.0,0.75,NEGLIGIBLE,1.974354172149378e-06,True
no_cgm,134,global_vs_subcenter,0.0008664316852284462,-0.001262134848222424,0.003074791685622449,0.4176582341765823,1.0,0.75,NEGLIGIBLE,-1.4910008964005766e-06,True
no_cgm,135,global_vs_premeal,-0.0006969467951434251,-0.005062358549649202,0.003637070982464083,0.7626237376262374,1.0,0.25,NEGLIGIBLE,-1.2279994176884975e-05,True
no_cgm,135,global_vs_subz,-0.002430706748235918,-0.009673050672368263,0.004668449973623875,0.5275472452754725,1.0,0.25,NEGLIGIBLE,1.974354172149378e-06,True
no_cgm,135,global_vs_subcenter,0.0019295449824046013,-0.0023947526958088307,0.006081702003577787,0.398960103989601,1.0,1.0,NEGLIGIBLE,-1.4910008964005766e-06,True
no_cgm,136,global_vs_premeal,-0.0013479052798787104,-0.00412324603781911,0.001019024183924511,0.31786821317868214,0.6357364263573643,0.0,NEGLIGIBLE,-1.2279994176884975e-05,True
no_cgm,136,global_vs_subz,0.006549526683127514,0.0003739736364360513,0.012409712304962659,0.047795220477952205,0.14338566143385661,1.0,NEGLIGIBLE,1.974354172149378e-06,False
no_cgm,136,global_vs_subcenter,0.0007353731923139469,-0.0022093994216673112,0.003430055232933733,0.6162383761623837,0.6357364263573643,0.5,NEGLIGIBLE,-1.4910008964005766e-06,True
no_cgm,137,global_vs_premeal,-0.00033178971349474726,-0.007413947107700031,0.005142041985431156,0.9294070592940706,1.0,0.25,NEGLIGIBLE,-1.2279994176884975e-05,True
no_cgm,137,global_vs_subz,0.001778464368283738,-0.006070797148916102,0.008687429534558914,0.65003499650035,1.0,0.75,NEGLIGIBLE,1.974354172149378e-06,True
no_cgm,137,global_vs_subcenter,0.0006620270783474571,-0.00635073663598439,0.006103057974045051,0.8598140185981402,1.0,0.75,NEGLIGIBLE,-1.4910008964005766e-06,True
no_cgm,138,global_vs_premeal,-0.002844039816069901,-0.00504988824955792,-0.0012519448373404744,0.00039996000399960006,0.0011998800119988001,0.0,NEGLIGIBLE,-1.2279994176884975e-05,False
no_cgm,138,global_vs_subz,-0.002157537344813996,-0.007960352025869854,0.004062018966073003,0.511948805119488,0.511948805119488,0.25,NEGLIGIBLE,1.974354172149378e-06,True
no_cgm,138,global_vs_subcenter,-0.0027424755705829527,-0.006697110509027785,0.0015505713906156578,0.202979702029797,0.405959404059594,0.0,NEGLIGIBLE,-1.4910008964005766e-06,True
no_cgm,139,global_vs_premeal,-0.0021573309685000513,-0.005753070524747599,0.0007011293160475332,0.20417958204179582,0.6125387461253875,0.0,NEGLIGIBLE,-1.2279994176884975e-05,True
no_cgm,139,global_vs_subz,0.00016730077246343897,-0.005972171616545288,0.005737970728085807,0.9524047595240476,0.9524047595240476,0.5,NEGLIGIBLE,1.974354172149378e-06,True
no_cgm,139,global_vs_subcenter,-0.0024530237185236207,-0.007835356331705933,0.002218404868214984,0.34496550344965504,0.6899310068993101,0.0,NEGLIGIBLE,-1.4910008964005766e-06,True
no_cgm,140,global_vs_premeal,-0.0016159655702460143,-0.002765828534420747,-0.0005253295410199558,0.0064993500649935,0.0194980501949805,0.0,NEGLIGIBLE,-1.2279994176884975e-05,False
no_cgm,140,global_vs_subz,-0.004302593697969997,-0.010480163953677863,0.0020210282631253043,0.20477952204779523,0.40955904409559046,0.0,NEGLIGIBLE,1.974354172149378e-06,True
no_cgm,140,global_vs_subcenter,-0.0022459417691059577,-0.006300339374090483,0.0022745481231711225,0.31186881311868814,0.40955904409559046,0.0,NEGLIGIBLE,-1.4910008964005766e-06,True
no_cgm,141,global_vs_premeal,-0.0030799254037582996,-0.0070843367952933434,0.0005442906466340147,0.12708729127087293,0.3812618738126188,0.0,NEGLIGIBLE,-1.2279994176884975e-05,True
no_cgm,141,global_vs_subz,-0.004862125827195049,-0.012785779330256585,0.0028267292083563617,0.22327767223277672,0.44655534446555345,0.0,NEGLIGIBLE,1.974354172149378e-06,True
no_cgm,141,global_vs_subcenter,-0.0017906630255347174,-0.006198037265083588,0.0023320875416565886,0.41785821417858215,0.44655534446555345,0.0,NEGLIGIBLE,-1.4910008964005766e-06,True
no_cgm,142,global_vs_premeal,-0.0023255477462914586,-0.007281108327587475,0.0017731181016213216,0.33766623337666235,1.0,0.0,NEGLIGIBLE,-1.2279994176884975e-05,True
no_cgm,142,global_vs_subz,0.0003567750786995346,-0.0070565903695468165,0.007086836290420671,0.9233076692330767,1.0,0.5,NEGLIGIBLE,1.974354172149378e-06,True
no_cgm,142,global_vs_subcenter,-0.0012714425511584852,-0.006344539980802875,0.0028838346039138977,0.6191380861913809,1.0,0.0,NEGLIGIBLE,-1.4910008964005766e-06,True
no_cgm,143,global_vs_premeal,-0.0017408231039270838,-0.00450867906830232,0.0006403439586651533,0.20457954204579543,0.6137386261373863,0.25,NEGLIGIBLE,-1.2279994176884975e-05,True
no_cgm,143,global_vs_subz,-0.0012706171994049064,-0.006690497981888416,0.004193690961807518,0.6558344165583442,1.0,0.5,NEGLIGIBLE,1.974354172149378e-06,True
no_cgm,143,global_vs_subcenter,-9.214638446884749e-05,-0.0026011064574860757,0.002040942744838668,0.943005699430057,1.0,0.75,NEGLIGIBLE,-1.4910008964005766e-06,True
no_cgm,144,global_vs_premeal,-0.0010051860027907751,-0.0030524658860996054,0.0009941923177320196,0.33166683331666835,0.9950004999500051,0.0,NEGLIGIBLE,-1.2279994176884975e-05,True
no_cgm,144,global_vs_subz,0.0018667346517366706,-0.003139840468695557,0.006788028679900235,0.46005399460054,0.9950004999500051,1.0,NEGLIGIBLE,1.974354172149378e-06,True
no_cgm,144,global_vs_subcenter,0.0007332117663768959,-0.0014932753820930996,0.0031761750235200234,0.5368463153684632,0.9950004999500051,1.0,NEGLIGIBLE,-1.4910008964005766e-06,True
no_cgm,145,global_vs_premeal,-0.0014890417469298786,-0.003932406940321956,0.00038368060971809514,0.20417958204179582,0.6125387461253875,0.25,NEGLIGIBLE,-1.2279994176884975e-05,True
no_cgm,145,global_vs_subz,-0.0004508503013609812,-0.0057569846585155526,0.004916138393317477,0.8654134586541345,1.0,0.5,NEGLIGIBLE,1.974354172149378e-06,True
no_cgm,145,global_vs_subcenter,-0.0006699692465654188,-0.0031874502763860877,0.0013398472670244084,0.6029397060293971,1.0,0.5,NEGLIGIBLE,-1.4910008964005766e-06,True
no_cgm,146,global_vs_premeal,-0.0015317959804006028,-0.006002980155179166,0.0026778019674245958,0.5061493850614939,0.9831016898310169,0.5,NEGLIGIBLE,-1.2279994176884975e-05,True
no_cgm,146,global_vs_subz,-0.0020653752631832624,-0.007942971926457716,0.0038478384211134416,0.49155084491550843,0.9831016898310169,0.25,NEGLIGIBLE,1.974354172149378e-06,True
no_cgm,146,global_vs_subcenter,-0.003582104889254641,-0.008431776567099413,0.0014611689612720076,0.17068293170682933,0.512048795120488,0.0,NEGLIGIBLE,-1.4910008964005766e-06,True
no_cgm,147,global_vs_premeal,0.001952287629937926,-0.002346142245576821,0.0060948185718970585,0.37046295370462956,0.7409259074092591,1.0,NEGLIGIBLE,-1.2279994176884975e-05,True
no_cgm,147,global_vs_subz,0.0009320991292296513,-0.005421193134665816,0.006813061661729087,0.7672232776722328,0.7672232776722328,0.75,NEGLIGIBLE,1.974354172149378e-06,True
no_cgm,147,global_vs_subcenter,0.0030783063882661114,-0.0009741810594030201,0.007021151002916348,0.13808619138086192,0.41425857414258577,1.0,NEGLIGIBLE,-1.4910008964005766e-06,True
no_cgm,148,global_vs_premeal,-0.0015010676562897702,-0.003097051655342082,-0.00012794750624898495,0.046495350464953504,0.1394860513948605,0.0,NEGLIGIBLE,-1.2279994176884975e-05,False
no_cgm,148,global_vs_subz,0.0017342356639215002,-0.005425258950224601,0.009298678996811967,0.6425357464253575,1.0,0.75,NEGLIGIBLE,1.974354172149378e-06,True
no_cgm,148,global_vs_subcenter,-0.00018973068414679479,-0.001548157300960376,0.0011849916650731704,0.7902209779022098,1.0,0.5,NEGLIGIBLE,-1.4910008964005766e-06,True
no_cgm,149,global_vs_premeal,-0.0026340113328382083,-0.004544414772232784,-0.0009598356943990864,0.0044995500449955,0.0134986501349865,0.0,NEGLIGIBLE,-1.2279994176884975e-05,False
no_cgm,149,global_vs_subz,-0.002086089381525227,-0.0057769630529483145,0.001438405425128835,0.2896710328967103,0.5793420657934206,0.25,NEGLIGIBLE,1.974354172149378e-06,True
no_cgm,149,global_vs_subcenter,-0.0005240362251569559,-0.002244061427093473,0.0011812753217562092,0.5875412458754125,0.5875412458754125,0.5,NEGLIGIBLE,-1.4910008964005766e-06,True
no_cgm,150,global_vs_premeal,0.0008969939469874875,-0.0035389133505790158,0.005343891210193906,0.6952304769523048,0.6952304769523048,0.75,NEGLIGIBLE,-1.2279994176884975e-05,True
no_cgm,150,global_vs_subz,0.009276964389524104,0.003070848904307139,0.0154888230398013,0.006399360063993601,0.019198080191980802,1.0,NEGLIGIBLE,1.974354172149378e-06,False
no_cgm,150,global_vs_subcenter,0.0027361602077176587,-0.0002842315643776666,0.005655369942204305,0.07119288071192881,0.14238576142385762,1.0,NEGLIGIBLE,-1.4910008964005766e-06,True
no_cgm,151,global_vs_premeal,-0.0007665547849475173,-0.004543751491717871,0.0021352550653956645,0.7198280171982802,1.0,0.0,NEGLIGIBLE,-1.2279994176884975e-05,True
no_cgm,151,global_vs_subz,-0.000536304391757242,-0.005566210987434303,0.004257861734504595,0.8363163683631637,1.0,0.25,NEGLIGIBLE,1.974354172149378e-06,True
no_cgm,151,global_vs_subcenter,0.00088722638586909,-0.003366434410974804,0.004421327983429133,0.6781321867813219,1.0,0.75,NEGLIGIBLE,-1.4910008964005766e-06,True
no_cgm,152,global_vs_premeal,-0.00021448407077368715,-0.005323011472875419,0.00494676872256701,0.933006699330067,1.0,0.5,NEGLIGIBLE,-1.2279994176884975e-05,True
no_cgm,152,global_vs_subz,0.006533613808069138,-0.0008345751704020459,0.014213577567351606,0.09969003099690031,0.2990700929907009,1.0,NEGLIGIBLE,1.974354172149378e-06,True
no_cgm,152,global_vs_subcenter,0.0011229389496319254,-0.0044296068564194,0.0067241976310987665,0.6968303169683032,1.0,1.0,NEGLIGIBLE,-1.4910008964005766e-06,True
no_cgm,153,global_vs_premeal,-0.0034850028386425786,-0.005548211597138702,-0.0017388492479487943,9.999000099990002e-05,0.00029997000299970003,0.0,NEGLIGIBLE,-1.2279994176884975e-05,False
no_cgm,153,global_vs_subz,-0.004015721234111567,-0.008356695364063109,0.000567900534869687,0.09609039096090391,0.19218078192180782,0.0,NEGLIGIBLE,1.974354172149378e-06,True
no_cgm,153,global_vs_subcenter,-0.00047426905551225217,-0.002538933990471585,0.001668749510558301,0.6615338466153384,0.6615338466153384,0.0,NEGLIGIBLE,-1.4910008964005766e-06,True
no_cgm,154,global_vs_premeal,0.00014887502943031073,-0.0041460662476331496,0.004799374568160433,0.9483051694830517,1.0,0.5,NEGLIGIBLE,-1.2279994176884975e-05,True
no_cgm,154,global_vs_subz,0.0009133181024121662,-0.004480518935585936,0.006113792797110833,0.7413258674132587,1.0,0.75,NEGLIGIBLE,1.974354172149378e-06,True
no_cgm,154,global_vs_subcenter,0.001154234279787564,-0.002775201262604829,0.00538828412720893,0.5774422557744225,1.0,0.75,NEGLIGIBLE,-1.4910008964005766e-06,True
no_cgm,155,global_vs_premeal,-0.002048757537615078,-0.004142112905090282,-0.0005503309437006319,0.0020997900209979003,0.006299370062993701,0.0,NEGLIGIBLE,-1.2279994176884975e-05,False
no_cgm,155,global_vs_subz,-0.0027141607959184446,-0.009596896940471897,0.004169411565206689,0.44685531446855314,0.5267473252674733,0.0,NEGLIGIBLE,1.974354172149378e-06,True
no_cgm,155,global_vs_subcenter,-0.002087510796128542,-0.005855607036283078,0.0013159181725074876,0.2633736626337366,0.5267473252674733,0.0,NEGLIGIBLE,-1.4910008964005766e-06,True
no_cgm,156,global_vs_premeal,-0.0020573332139489048,-0.004714652236467271,0.0003933584092115922,0.13908609139086092,0.41725827417258277,0.25,NEGLIGIBLE,-1.2279994176884975e-05,True
no_cgm,156,global_vs_subz,-0.0019393214501521,-0.009225185573591546,0.004878372062120762,0.5847415258474152,1.0,0.5,NEGLIGIBLE,1.974354172149378e-06,True
no_cgm,156,global_vs_subcenter,0.00036108895413338924,-0.0034440692128739694,0.004403931015873474,0.8673132686731326,1.0,0.5,NEGLIGIBLE,-1.4910008964005766e-06,True
no_cgm,157,global_vs_premeal,-0.0034148103289703695,-0.01035925503295583,0.0010296748780332392,0.32926707329267074,0.9878012198780122,0.0,NEGLIGIBLE,-1.2279994176884975e-05,True
no_cgm,157,global_vs_subz,-0.0011142954876742935,-0.009698093124326916,0.00664721259310128,0.8074192580741926,1.0,0.5,NEGLIGIBLE,1.974354172149378e-06,True
no_cgm,157,global_vs_subcenter,-0.0009312785484363544,-0.007310290661807782,0.004097574087134948,0.8117188281171883,1.0,0.5,NEGLIGIBLE,-1.4910008964005766e-06,True
no_cgm,158,global_vs_premeal,-0.001256946729464806,-0.0054131874912092485,0.0024852829379886222,0.5527447255274472,1.0,0.25,NEGLIGIBLE,-1.2279994176884975e-05,True
no_cgm,158,global_vs_subz,0.0009838622260964567,-0.008127320238787313,0.009730017305809744,0.8361163883611639,1.0,0.75,NEGLIGIBLE,1.974354172149378e-06,True
no_cgm,158,global_vs_subcenter,0.002003666771003065,-0.0019004556324073907,0.005865949482759342,0.3280671932806719,0.9842015798420157,1.0,NEGLIGIBLE,-1.4910008964005766e-06,True
no_cgm,159,global_vs_premeal,-0.0018482406504570206,-0.004348728041401771,0.0005632594793513843,0.14678532146785322,0.4403559644035597,0.0,NEGLIGIBLE,-1.2279994176884975e-05,True
no_cgm,159,global_vs_subz,0.000902038477685465,-0.00443472613018376,0.006479445872891518,0.7486251374862514,1.0,0.5,NEGLIGIBLE,1.974354172149378e-06,True
no_cgm,159,global_vs_subcenter,-5.834624975819368e-05,-0.00297913866220244,0.002934520334684966,0.9711028897110289,1.0,0.5,NEGLIGIBLE,-1.4910008964005766e-06,True
no_cgm,160,global_vs_premeal,0.005354877028743629,-0.0031891151246835085,0.013782233191701883,0.24087591240875914,0.24087591240875914,1.0,NEGLIGIBLE,-1.2279994176884975e-05,True
no_cgm,160,global_vs_subz,0.008217681123163597,-0.0015891768658353393,0.017696309239926978,0.10918908109189081,0.21837816218378162,1.0,NEGLIGIBLE,1.974354172149378e-06,True
no_cgm,160,global_vs_subcenter,0.006445757908701022,-8.47501672029136e-05,0.012811937125596227,0.0627937206279372,0.1883811618838116,1.0,NEGLIGIBLE,-1.4910008964005766e-06,True
no_cgm,161,global_vs_premeal,-0.0034232731020986296,-0.0078074808105597585,-3.5157052501090636e-05,0.0751924807519248,0.22557744225577442,0.0,NEGLIGIBLE,-1.2279994176884975e-05,False
no_cgm,161,global_vs_subz,-0.00016058309421017872,-0.004807537745949407,0.0045287428292879435,0.9436056394360564,0.9436056394360564,0.5,NEGLIGIBLE,1.974354172149378e-06,True
no_cgm,161,global_vs_subcenter,-0.0031568482436593356,-0.007408047122329682,0.0011565689052615597,0.16598340165983402,0.33196680331966805,0.0,NEGLIGIBLE,-1.4910008964005766e-06,True
no_cgm,162,global_vs_premeal,-0.0008138802646099174,-0.0021939205965354177,0.000347454209158274,0.23747625237476253,0.7124287571242875,0.25,NEGLIGIBLE,-1.2279994176884975e-05,True
no_cgm,162,global_vs_subz,-0.0012711866407595382,-0.008950805639883909,0.006455441290830322,0.7408259174082592,1.0,0.25,NEGLIGIBLE,1.974354172149378e-06,True
no_cgm,162,global_vs_subcenter,-5.505184612021348e-05,-0.0016570611623433207,0.0015034515592367815,0.9443055694430557,1.0,0.75,NEGLIGIBLE,-1.4910008964005766e-06,True
no_cgm,163,global_vs_premeal,-0.0015522010189191996,-0.004469101642263705,0.0010540402216607822,0.27607239276072393,0.8282171782821718,0.25,NEGLIGIBLE,-1.2279994176884975e-05,True
no_cgm,163,global_vs_subz,0.0022745481034496494,-0.006322214754365646,0.010381108961215635,0.6098390160983902,1.0,1.0,NEGLIGIBLE,1.974354172149378e-06,True
no_cgm,163,global_vs_subcenter,-0.0020461530884469566,-0.008195479509813556,0.003958857951121416,0.5082491750824918,1.0,0.25,NEGLIGIBLE,-1.4910008964005766e-06,True
no_cgm,164,global_vs_premeal,-0.0006928523410013208,-0.0049041274528514225,0.0035202028026501955,0.7524247575242475,1.0,0.25,NEGLIGIBLE,-1.2279994176884975e-05,True
no_cgm,164,global_vs_subz,0.0012180217146784088,-0.005097440853458011,0.008089637397734257,0.7232276772322768,1.0,0.75,NEGLIGIBLE,1.974354172149378e-06,True
no_cgm,164,global_vs_subcenter,0.00016815457969278764,-0.003265416136177636,0.0037063220101250806,0.927007299270073,1.0,0.5,NEGLIGIBLE,-1.4910008964005766e-06,True
no_cgm,165,global_vs_premeal,-0.0003219296342394054,-0.004657166978971011,0.0032834184439660967,0.8783121687831217,1.0,0.25,NEGLIGIBLE,-1.2279994176884975e-05,True
no_cgm,165,global_vs_subz,0.0021210050108305552,-0.004137583642273885,0.007908661459410432,0.49995000499950004,1.0,1.0,NEGLIGIBLE,1.974354172149378e-06,True
no_cgm,165,global_vs_subcenter,0.0005022543687687275,-0.0044132808503177315,0.004999816407517151,0.8392160783921608,1.0,0.75,NEGLIGIBLE,-1.4910008964005766e-06,True
no_cgm,166,global_vs_premeal,-0.0021137493122750884,-0.0037194081149083294,-0.0006094417689699192,0.014698530146985302,0.04409559044095591,0.0,NEGLIGIBLE,-1.2279994176884975e-05,False
no_cgm,166,global_vs_subz,-0.001855697608718097,-0.008592903815664882,0.0051219600123706245,0.5998400159984002,0.8907109289071092,0.0,NEGLIGIBLE,1.974354172149378e-06,True
no_cgm,166,global_vs_subcenter,-0.0009259683439136997,-0.0031338268938780876,0.0014108625291844314,0.4453554644535546,0.8907109289071092,0.25,NEGLIGIBLE,-1.4910008964005766e-06,True
no_cgm,167,global_vs_premeal,-0.0023511567973563637,-0.005739377923470179,0.00023500321423901326,0.1282871712828717,0.3848615138486151,0.0,NEGLIGIBLE,-1.2279994176884975e-05,True
no_cgm,167,global_vs_subz,-0.0030185530636756665,-0.010747043381977066,0.0038229870660364475,0.43495650434956507,0.8205179482051795,0.25,NEGLIGIBLE,1.974354172149378e-06,True
no_cgm,167,global_vs_subcenter,0.001223478940733458,-0.0017178625981795414,0.003917942614464078,0.41025897410258977,0.8205179482051795,0.5,NEGLIGIBLE,-1.4910008964005766e-06,True
no_cgm,168,global_vs_premeal,-0.001785144743876684,-0.0032223357091397983,-0.0005423287163721054,0.0081991800819918,0.0245975402459754,0.25,NEGLIGIBLE,-1.2279994176884975e-05,False
no_cgm,168,global_vs_subz,0.005632206714056529,-0.00029233887428864523,0.01171185550775293,0.08289171082891711,0.16578342165783422,1.0,NEGLIGIBLE,1.974354172149378e-06,True
no_cgm,168,global_vs_subcenter,-0.000133644546350144,-0.001684799248535159,0.0012153302950094474,0.8545145485451455,0.8545145485451455,0.5,NEGLIGIBLE,-1.4910008964005766e-06,True
no_cgm,169,global_vs_premeal,-0.0017570350278684696,-0.004897476908991138,0.0008435928772125515,0.2558744125587441,0.7676232376762323,0.0,NEGLIGIBLE,-1.2279994176884975e-05,True
no_cgm,169,global_vs_subz,-0.0015431766056482911,-0.007827840271476913,0.004985158099454971,0.6468353164683531,1.0,0.25,NEGLIGIBLE,1.974354172149378e-06,True
no_cgm,169,global_vs_subcenter,0.00018602526278705593,-0.0029473115353046706,0.0032211309348650083,0.9094090590940906,1.0,0.5,NEGLIGIBLE,-1.4910008964005766e-06,True
no_cgm,170,global_vs_premeal,-0.0019840586476876617,-0.0040731324092912,-0.000564534497622963,0.006099390060993901,0.0182981701829817,0.0,NEGLIGIBLE,-1.2279994176884975e-05,False
no_cgm,170,global_vs_subz,0.0004017814886901947,-0.004638969799582263,0.005044546383396642,0.8688131186881312,1.0,0.25,NEGLIGIBLE,1.974354172149378e-06,True
no_cgm,170,global_vs_subcenter,-0.00044582974322716174,-0.002102329388489021,0.0011421239223201947,0.6034396560343965,1.0,0.25,NEGLIGIBLE,-1.4910008964005766e-06,True
no_cgm,171,global_vs_premeal,0.0002595131834825766,-0.0024992812305331194,0.00278233239608721,0.849015098490151,0.849015098490151,0.75,NEGLIGIBLE,-1.2279994176884975e-05,True
no_cgm,171,global_vs_subz,0.002312921011140076,-0.0016012145378163812,0.006039501589070425,0.25007499250074994,0.7502249775022498,1.0,NEGLIGIBLE,1.974354172149378e-06,True
no_cgm,171,global_vs_subcenter,0.0014947401234835427,-0.0013579600250568592,0.004302856739053062,0.3207679232076792,0.7502249775022498,0.75,NEGLIGIBLE,-1.4910008964005766e-06,True
no_cgm,172,global_vs_premeal,-0.0019848477785595928,-0.005055982639617764,0.000869434905006635,0.2091790820917908,0.6275372462753724,0.0,NEGLIGIBLE,-1.2279994176884975e-05,True
no_cgm,172,global_vs_subz,0.001971641424865376,-0.003471322461760474,0.007489778611812132,0.48705129487051296,0.9741025897410259,0.75,NEGLIGIBLE,1.974354172149378e-06,True
no_cgm,172,global_vs_subcenter,0.00043446203417007697,-0.0025884910163967148,0.0033045529480731097,0.7809219078092191,0.9741025897410259,0.25,NEGLIGIBLE,-1.4910008964005766e-06,True
no_cgm,173,global_vs_premeal,0.00021121788730547034,-0.002836516779899949,0.002998369654516784,0.8873112688731127,0.8873112688731127,0.5,NEGLIGIBLE,-1.2279994176884975e-05,True
no_cgm,173,global_vs_subz,0.005967975405774904,0.0003456323288545681,0.01183149514476623,0.047295270472952705,0.14188581141885812,1.0,NEGLIGIBLE,1.974354172149378e-06,False
no_cgm,173,global_vs_subcenter,0.002614899445145368,-0.00033843389961668276,0.005769872414024808,0.0898910108989101,0.1797820217978202,1.0,NEGLIGIBLE,-1.4910008964005766e-06,True
no_cgm,174,global_vs_premeal,-0.0008744442403287014,-0.005334353118054389,0.003356118519408215,0.7031296870312969,1.0,0.25,NEGLIGIBLE,-1.2279994176884975e-05,True
no_cgm,174,global_vs_subz,-0.001570362533291501,-0.007841114248733112,0.004424907826168366,0.6185381461853815,1.0,0.0,NEGLIGIBLE,1.974354172149378e-06,True
no_cgm,174,global_vs_subcenter,-0.00026988618731756017,-0.00460131624144659,0.003975857788537829,0.9068093190680931,1.0,0.5,NEGLIGIBLE,-1.4910008964005766e-06,True
no_cgm,175,global_vs_premeal,-0.0013467911888518996,-0.0046392410759072905,0.002037631281283086,0.43315668433156684,0.6041395860413958,0.25,NEGLIGIBLE,-1.2279994176884975e-05,True
no_cgm,175,global_vs_subz,0.005388260148278503,-0.0022857287720959413,0.013494576452214095,0.20137986201379862,0.6041395860413958,1.0,NEGLIGIBLE,1.974354172149378e-06,True
no_cgm,175,global_vs_subcenter,-0.0022535266057514703,-0.005648668203266372,0.0017118064597217769,0.24177582241775822,0.6041395860413958,0.0,NEGLIGIBLE,-1.4910008964005766e-06,True
no_cgm,176,global_vs_premeal,0.0021017389787890244,-0.007034451771117991,0.010544733192272521,0.6438356164383562,1.0,0.75,NEGLIGIBLE,-1.2279994176884975e-05,True
no_cgm,176,global_vs_subz,0.009222383394330251,-0.0009863161132341906,0.018711451468602057,0.07839216078392161,0.23517648235176483,1.0,NEGLIGIBLE,1.974354172149378e-06,True
no_cgm,176,global_vs_subcenter,0.0011375033015677235,-0.006267938232320995,0.007724685850571851,0.7618238176182381,1.0,0.75,NEGLIGIBLE,-1.4910008964005766e-06,True
no_cgm,177,global_vs_premeal,-0.0023407849723055068,-0.0037728726763259805,-0.001243815013158354,9.999000099990002e-05,0.00029997000299970003,0.0,NEGLIGIBLE,-1.2279994176884975e-05,False
no_cgm,177,global_vs_subz,0.003048628967809016,-0.001679634945133395,0.008141861666436568,0.22977702229777022,0.45955404459554045,1.0,NEGLIGIBLE,1.974354172149378e-06,True
no_cgm,177,global_vs_subcenter,-5.530567886737615e-05,-0.0013871670783871938,0.0012698921480318814,0.9416058394160584,0.9416058394160584,0.75,NEGLIGIBLE,-1.4910008964005766e-06,True
no_cgm,178,global_vs_premeal,-0.002223825280375602,-0.0034334936607019655,-0.001215704102461055,9.999000099990002e-05,0.00029997000299970003,0.0,NEGLIGIBLE,-1.2279994176884975e-05,False
no_cgm,178,global_vs_subz,-0.008955210835828589,-0.014695454320459241,-0.003039307354522344,0.005099490050994901,0.010198980101989802,0.0,NEGLIGIBLE,1.974354172149378e-06,False
no_cgm,178,global_vs_subcenter,-0.0007267478419367682,-0.0026996785349860377,0.0015186047281703023,0.5090490950904909,0.5090490950904909,0.25,NEGLIGIBLE,-1.4910008964005766e-06,True
no_cgm,179,global_vs_premeal,-0.000506927132130131,-0.004214994051257906,0.0026694129974089383,0.7856214378562144,1.0,0.25,NEGLIGIBLE,-1.2279994176884975e-05,True
no_cgm,179,global_vs_subz,0.002793364133022726,-0.0030468565258540054,0.008378401740091584,0.34796520347965204,1.0,1.0,NEGLIGIBLE,1.974354172149378e-06,True
no_cgm,179,global_vs_subcenter,0.00031630106638192915,-0.003041073058605695,0.0030136879890516493,0.8620137986201379,1.0,0.5,NEGLIGIBLE,-1.4910008964005766e-06,True
no_cgm,180,global_vs_premeal,-0.0017467672080783876,-0.003457300673746134,-0.0003663945461455493,0.024897510248975102,0.0746925307469253,0.0,NEGLIGIBLE,-1.2279994176884975e-05,False
no_cgm,180,global_vs_subz,0.0036873801603441035,-0.0029933940940698577,0.0106914417859039,0.3126687331266873,0.6253374662533746,1.0,NEGLIGIBLE,1.974354172149378e-06,True
no_cgm,180,global_vs_subcenter,-0.0005846409156321779,-0.0029797816874217197,0.001784359057040876,0.6594340565943405,0.6594340565943405,0.5,NEGLIGIBLE,-1.4910008964005766e-06,True
no_cgm,181,global_vs_premeal,0.002336085173811135,-0.002994038206347175,0.007747007860438938,0.407959204079592,1.0,0.75,NEGLIGIBLE,-1.2279994176884975e-05,True
no_cgm,181,global_vs_subz,0.000795464703143494,-0.00722646994633273,0.00835235049274662,0.846015398460154,1.0,0.5,NEGLIGIBLE,1.974354172149378e-06,True
no_cgm,181,global_vs_subcenter,0.0008281983172308856,-0.005033430662879297,0.005927649739760818,0.7817218278172183,1.0,0.75,NEGLIGIBLE,-1.4910008964005766e-06,True
no_cgm,182,global_vs_premeal,0.0004601217978813844,-0.004677366422393852,0.005239677894190293,0.857014298570143,1.0,0.5,NEGLIGIBLE,-1.2279994176884975e-05,True
no_cgm,182,global_vs_subz,-7.009697376295638e-05,-0.010137840782158097,0.009297000375099297,0.99000099990001,1.0,0.5,NEGLIGIBLE,1.974354172149378e-06,True
no_cgm,182,global_vs_subcenter,-0.00013914370868367502,-0.005316741699902109,0.004915897571639794,0.958004199580042,1.0,0.5,NEGLIGIBLE,-1.4910008964005766e-06,True
no_cgm,183,global_vs_premeal,-0.0015219315637441965,-0.0028296033370836444,-0.0003912228166935084,0.0183981601839816,0.0551944805519448,0.0,NEGLIGIBLE,-1.2279994176884975e-05,False
no_cgm,183,global_vs_subz,0.0029386731887477576,-0.0014731877678769364,0.007482156696617714,0.21207879212078792,0.42415758424157585,1.0,NEGLIGIBLE,1.974354172149378e-06,True
no_cgm,183,global_vs_subcenter,-0.0003258978215078276,-0.0015388323753995064,0.0008171006884339353,0.5838416158384162,0.5838416158384162,0.25,NEGLIGIBLE,-1.4910008964005766e-06,True
no_cgm,184,global_vs_premeal,-0.0014213497494771192,-0.008094908271411653,0.00466077760966058,0.6712328767123288,1.0,0.5,NEGLIGIBLE,-1.2279994176884975e-05,True
no_cgm,184,global_vs_subz,-0.0012789757292005802,-0.008285744750883482,0.00626663578565954,0.7352264773522648,1.0,0.5,NEGLIGIBLE,1.974354172149378e-06,True
no_cgm,184,global_vs_subcenter,-0.0033013655457286247,-0.009936355421136933,0.0032146770182062082,0.3498650134986501,1.0,0.0,NEGLIGIBLE,-1.4910008964005766e-06,True
no_cgm,185,global_vs_premeal,-0.001306343701616933,-0.004045346635282408,0.0015028072779260594,0.37366263373662634,1.0,0.25,NEGLIGIBLE,-1.2279994176884975e-05,True
no_cgm,185,global_vs_subz,0.0013736974017710417,-0.0026611443213873367,0.0055204506436883445,0.5129487051294871,1.0,0.75,NEGLIGIBLE,1.974354172149378e-06,True
no_cgm,185,global_vs_subcenter,0.0007354025843249239,-0.0019917344155546157,0.003562924877764612,0.5976402359764024,1.0,0.5,NEGLIGIBLE,-1.4910008964005766e-06,True
no_cgm,186,global_vs_premeal,-0.001553967574466304,-0.0033256904301902372,-0.0001390385914650057,0.05749425057494251,0.17248275172482752,0.0,NEGLIGIBLE,-1.2279994176884975e-05,False
no_cgm,186,global_vs_subz,-0.001627581222759468,-0.008604146388042319,0.005174549754820506,0.6441355864413558,0.6441355864413558,0.0,NEGLIGIBLE,1.974354172149378e-06,True
no_cgm,186,global_vs_subcenter,-0.004184372967501129,-0.010081288818236132,0.001411938806098139,0.14828517148285172,0.29657034296570345,0.0,NEGLIGIBLE,-1.4910008964005766e-06,True
no_cgm,187,global_vs_premeal,0.00023512098930130563,-0.00292371500026273,0.0036901508194587406,0.8876112388761124,1.0,0.5,NEGLIGIBLE,-1.2279994176884975e-05,True
no_cgm,187,global_vs_subz,-0.0010012064758543125,-0.007579459852896063,0.004256002811859488,0.7705229477052294,1.0,0.25,NEGLIGIBLE,1.974354172149378e-06,True
no_cgm,187,global_vs_subcenter,0.001158992686153857,-0.0010069307893879654,0.0034470546945455606,0.3190680931906809,0.9572042795720428,1.0,NEGLIGIBLE,-1.4910008964005766e-06,True
no_cgm,188,global_vs_premeal,-0.0026274832296591852,-0.006213934235007266,0.0002451184875400442,0.1312868713128687,0.3938606139386061,0.0,NEGLIGIBLE,-1.2279994176884975e-05,True
no_cgm,188,global_vs_subz,-6.800741678367657e-05,-0.006955451685538878,0.006279399400999274,0.9845015498450155,1.0,0.25,NEGLIGIBLE,1.974354172149378e-06,True
no_cgm,188,global_vs_subcenter,-0.000720032480802084,-0.004230619115002463,0.0023668727543922964,0.6926307369263074,1.0,0.25,NEGLIGIBLE,-1.4910008964005766e-06,True
no_cgm,189,global_vs_premeal,-0.001279929171248017,-0.003041533175090954,0.00031346392594701496,0.1548845115488451,0.46465353464653536,0.0,NEGLIGIBLE,-1.2279994176884975e-05,True
no_cgm,189,global_vs_subz,-0.0017484922908288863,-0.006390912539156741,0.0034308877257342675,0.5074492550744926,1.0,0.0,NEGLIGIBLE,1.974354172149378e-06,True
no_cgm,189,global_vs_subcenter,4.193995501954279e-05,-0.0012606921712934303,0.0013716920601358823,0.9527047295270473,1.0,0.75,NEGLIGIBLE,-1.4910008964005766e-06,True
no_cgm,190,global_vs_premeal,-0.0008303178672317607,-0.001970752792930314,0.00019589158102001656,0.1391860813918608,0.4175582441755824,0.0,NEGLIGIBLE,-1.2279994176884975e-05,True
no_cgm,190,global_vs_subz,-0.0015943082633998107,-0.006652255790156595,0.0033792334656187945,0.5391460853914608,1.0,0.25,NEGLIGIBLE,1.974354172149378e-06,True
no_cgm,190,global_vs_subcenter,0.0003407834196500357,-0.001699291844046906,0.0025755100511993985,0.7611238876112388,1.0,0.5,NEGLIGIBLE,-1.4910008964005766e-06,True
no_cgm,191,global_vs_premeal,-0.002431904726813473,-0.004769167984539515,-0.00024381197343847645,0.045295470452954706,0.13588641135886412,0.0,NEGLIGIBLE,-1.2279994176884975e-05,False
no_cgm,191,global_vs_subz,0.000417426638604283,-0.004320747166992459,0.005103158683051608,0.8681131886811319,1.0,0.75,NEGLIGIBLE,1.974354172149378e-06,True
no_cgm,191,global_vs_subcenter,-0.0007435498360162841,-0.0032656329137639075,0.001957907293194502,0.5947405259474052,1.0,0.25,NEGLIGIBLE,-1.4910008964005766e-06,True
no_cgm,192,global_vs_premeal,0.0017190211981364708,-0.0031640887015387154,0.00648814274508001,0.47985201479852013,0.6959304069593041,0.75,NEGLIGIBLE,-1.2279994176884975e-05,True
no_cgm,192,global_vs_subz,0.0055647751549344465,-0.004391380596739584,0.01580196068472982,0.28357164283571645,0.6959304069593041,1.0,NEGLIGIBLE,1.974354172149378e-06,True
no_cgm,192,global_vs_subcenter,0.0037734001290321744,-0.0022743834321219407,0.010091421976773278,0.23197680231976803,0.6959304069593041,1.0,NEGLIGIBLE,-1.4910008964005766e-06,True
no_cgm,193,global_vs_premeal,-0.00038482201559488963,-0.0029614554419850505,0.002211217662355844,0.7812218778122187,1.0,0.25,NEGLIGIBLE,-1.2279994176884975e-05,True
no_cgm,193,global_vs_subz,0.0014009705842546224,-0.006297582736470184,0.009358499119772705,0.7378262173782622,1.0,0.75,NEGLIGIBLE,1.974354172149378e-06,True
no_cgm,193,global_vs_subcenter,0.0014532830012082046,-0.004313473744054521,0.007729979381295577,0.6422357764223577,1.0,0.75,NEGLIGIBLE,-1.4910008964005766e-06,True
no_cgm,194,global_vs_premeal,0.00023390659915658606,-0.005447963126300656,0.005202134560925051,0.9319068093190681,1.0,0.75,NEGLIGIBLE,-1.2279994176884975e-05,True
no_cgm,194,global_vs_subz,-0.0013262837593821717,-0.009053758348989745,0.005485763559826055,0.7234276572342766,1.0,0.0,NEGLIGIBLE,1.974354172149378e-06,True
no_cgm,194,global_vs_subcenter,0.002251335461442443,-0.0031636169172734254,0.00695673151567876,0.3882611738826117,1.0,1.0,NEGLIGIBLE,-1.4910008964005766e-06,True
no_cgm,195,global_vs_premeal,-0.0018961990495771294,-0.0035633750854926565,-0.00033063657389199755,0.022997700229977002,0.068993100689931,0.0,NEGLIGIBLE,-1.2279994176884975e-05,False
no_cgm,195,global_vs_subz,0.0007894504114862208,-0.005312434020495941,0.007044370661394463,0.8074192580741926,0.8074192580741926,0.5,NEGLIGIBLE,1.974354172149378e-06,True
no_cgm,195,global_vs_subcenter,-0.0019022942813355286,-0.005106522184877853,0.001486554888595472,0.2642735726427357,0.5285471452854714,0.0,NEGLIGIBLE,-1.4910008964005766e-06,True
no_cgm,196,global_vs_premeal,-0.001316724611149171,-0.003648422363136102,0.0007434813799055142,0.25437456254374563,0.7631236876312368,0.25,NEGLIGIBLE,-1.2279994176884975e-05,True
no_cgm,196,global_vs_subz,-0.0029351697680310655,-0.008770268727458402,0.0029401675231364556,0.32826717328267174,0.7631236876312368,0.0,NEGLIGIBLE,1.974354172149378e-06,True
no_cgm,196,global_vs_subcenter,-0.0002535604696987838,-0.0025265571553660235,0.002044223559824408,0.8377162283771623,0.8377162283771623,0.5,NEGLIGIBLE,-1.4910008964005766e-06,True
no_cgm,197,global_vs_premeal,-0.001354514618098009,-0.004376809572290088,0.0011677892753992744,0.34856514348565143,1.0,0.25,NEGLIGIBLE,-1.2279994176884975e-05,True
no_cgm,197,global_vs_subz,0.00023991982200427203,-0.003994771048804244,0.004743702266033673,0.9109089091090891,1.0,0.5,NEGLIGIBLE,1.974354172149378e-06,True
no_cgm,197,global_vs_subcenter,-0.0002415936669189059,-0.002502732209559812,0.0021450779340151447,0.8384161583841616,1.0,0.25,NEGLIGIBLE,-1.4910008964005766e-06,True
no_cgm,198,global_vs_premeal,-0.0019135237085044327,-0.00832343309606029,0.004040631831823589,0.5734426557344265,1.0,0.25,NEGLIGIBLE,-1.2279994176884975e-05,True
no_cgm,198,global_vs_subz,0.0002123149725579528,-0.007118506012395516,0.008166537065318932,0.9592040795920408,1.0,0.75,NEGLIGIBLE,1.974354172149378e-06,True
no_cgm,198,global_vs_subcenter,-0.0007593482106887548,-0.005269890565844325,0.0042495470065754245,0.775022497750225,1.0,0.25,NEGLIGIBLE,-1.4910008964005766e-06,True
no_cgm,199,global_vs_premeal,-0.0011499067578843536,-0.0036619828946978044,0.001055172804415244,0.35176482351764826,0.7035296470352965,0.0,NEGLIGIBLE,-1.2279994176884975e-05,True
no_cgm,199,global_vs_subz,0.004374860536527685,-0.001329066695689178,0.01075996297396724,0.16628337166283372,0.4988501149885012,1.0,NEGLIGIBLE,1.974354172149378e-06,True
no_cgm,199,global_vs_subcenter,0.0002505480729613334,-0.002276939572134461,0.0025710674554096343,0.8404159584041596,0.8404159584041596,0.5,NEGLIGIBLE,-1.4910008964005766e-06,True
both_contribute,0,global_vs_premeal,0.06406017471349587,0.037007162332436526,0.0927751073363295,9.999000099990002e-05,0.00029997000299970003,1.0,CHANGES,0.11087097723682403,False
both_contribute,0,global_vs_subz,0.04356297708131042,0.021023051517724288,0.0670692436143887,0.0010998900109989002,0.0021997800219978004,1.0,CHANGES,0.08245810675079242,False
both_contribute,0,global_vs_subcenter,0.026467546563061904,0.006656794009734071,0.04812192532997073,0.012898710128987101,0.012898710128987101,1.0,CHANGES(small),0.06880688805022485,False
both_contribute,1,global_vs_premeal,0.13761578897884086,0.09183347522210698,0.19141588298833007,9.999000099990002e-05,0.00029997000299970003,1.0,CHANGES,0.11087097723682403,True
both_contribute,1,global_vs_subz,0.11239138772431556,0.07154199178710617,0.15921901999811794,9.999000099990002e-05,0.00029997000299970003,1.0,CHANGES,0.08245810675079242,True
both_contribute,1,global_vs_subcenter,0.09772511665723424,0.05743954127099039,0.14534199654681132,0.00019998000199980003,0.00029997000299970003,1.0,CHANGES,0.06880688805022485,True
both_contribute,2,global_vs_premeal,0.16052585808944037,0.11195284564999651,0.2137264424604404,9.999000099990002e-05,0.00029997000299970003,1.0,CHANGES,0.11087097723682403,False
both_contribute,2,global_vs_subz,0.10206593944852575,0.055834868297220286,0.15607570340867574,9.999000099990002e-05,0.00029997000299970003,1.0,CHANGES,0.08245810675079242,True
both_contribute,2,global_vs_subcenter,0.09045528840322364,0.044928476917992406,0.1412366084604389,0.00019998000199980003,0.00029997000299970003,1.0,CHANGES,0.06880688805022485,True
both_contribute,3,global_vs_premeal,0.076766216673907,0.04843803096039969,0.11347137938331622,9.999000099990002e-05,0.00029997000299970003,1.0,CHANGES,0.11087097723682403,True
both_contribute,3,global_vs_subz,0.061853215252553224,0.031021268542954894,0.10041887534299558,0.00029997000299970003,0.0005999400059994001,1.0,CHANGES,0.08245810675079242,True
both_contribute,3,global_vs_subcenter,0.046197286793435266,0.02003561417827058,0.08082808172536768,0.0007999200079992001,0.0007999200079992001,1.0,CHANGES,0.06880688805022485,True
both_contribute,4,global_vs_premeal,0.17568071684803083,0.11039902103507075,0.24651717057222364,9.999000099990002e-05,0.00029997000299970003,1.0,CHANGES,0.11087097723682403,True
both_contribute,4,global_vs_subz,0.1672567050690824,0.10339851573018795,0.23707879043224062,9.999000099990002e-05,0.00029997000299970003,1.0,CHANGES,0.08245810675079242,False
both_contribute,4,global_vs_subcenter,0.1488118781270777,0.08441451346952214,0.21799705300591263,9.999000099990002e-05,0.00029997000299970003,1.0,CHANGES,0.06880688805022485,False
both_contribute,5,global_vs_premeal,0.09077444817133921,0.05750118723832,0.1283078921332051,0.00019998000199980003,0.0005999400059994001,1.0,CHANGES,0.11087097723682403,True
both_contribute,5,global_vs_subz,0.07503280635990475,0.046814351070347725,0.11078318001642233,0.00019998000199980003,0.0005999400059994001,1.0,CHANGES,0.08245810675079242,True
both_contribute,5,global_vs_subcenter,0.0559373644701947,0.029764568259737046,0.08887975851085171,0.00029997000299970003,0.0005999400059994001,1.0,CHANGES,0.06880688805022485,True
both_contribute,6,global_vs_premeal,0.11089636368748779,0.07668645817045393,0.15445950280010867,9.999000099990002e-05,0.00029997000299970003,1.0,CHANGES,0.11087097723682403,True
both_contribute,6,global_vs_subz,0.09525724471473473,0.05552436764969441,0.14265045426375733,9.999000099990002e-05,0.00029997000299970003,1.0,CHANGES,0.08245810675079242,True
both_contribute,6,global_vs_subcenter,0.07578830312155664,0.04122153075004007,0.11773895075175654,9.999000099990002e-05,0.00029997000299970003,1.0,CHANGES,0.06880688805022485,True
both_contribute,7,global_vs_premeal,0.1288488346773162,0.08915716177782507,0.1805523427930729,9.999000099990002e-05,0.00029997000299970003,1.0,CHANGES,0.11087097723682403,True
both_contribute,7,global_vs_subz,0.09810789468546674,0.05934245927208971,0.1512851120131216,9.999000099990002e-05,0.00029997000299970003,1.0,CHANGES,0.08245810675079242,True
both_contribute,7,global_vs_subcenter,0.07543795371439929,0.041781475979930725,0.11752987536872032,9.999000099990002e-05,0.00029997000299970003,1.0,CHANGES,0.06880688805022485,True
both_contribute,8,global_vs_premeal,0.15249421575278402,0.11492659330791234,0.1994349197729087,9.999000099990002e-05,0.00029997000299970003,1.0,CHANGES,0.11087097723682403,False
both_contribute,8,global_vs_subz,0.11487745969400279,0.08183268235472275,0.157545958193369,9.999000099990002e-05,0.00029997000299970003,1.0,CHANGES,0.08245810675079242,True
both_contribute,8,global_vs_subcenter,0.08509193893558811,0.0538451815031585,0.12427656211343581,9.999000099990002e-05,0.00029997000299970003,1.0,CHANGES,0.06880688805022485,True
both_contribute,9,global_vs_premeal,0.1107321488684623,0.07054344475706842,0.15820948632742723,9.999000099990002e-05,0.00029997000299970003,1.0,CHANGES,0.11087097723682403,True
both_contribute,9,global_vs_subz,0.08703310534794972,0.05189722405663811,0.13348116566344975,9.999000099990002e-05,0.00029997000299970003,1.0,CHANGES,0.08245810675079242,True
both_contribute,9,global_vs_subcenter,0.07532110333898481,0.041870175009400025,0.1202461243806965,9.999000099990002e-05,0.00029997000299970003,1.0,CHANGES,0.06880688805022485,True
both_contribute,10,global_vs_premeal,0.09529813832255599,0.06316699611695802,0.12923691755744707,9.999000099990002e-05,0.00029997000299970003,1.0,CHANGES,0.11087097723682403,True
both_contribute,10,global_vs_subz,0.06048763409312635,0.024398605583810573,0.10114265600791958,0.0016998300169983002,0.0033996600339966003,1.0,CHANGES,0.08245810675079242,True
both_contribute,10,global_vs_subcenter,0.05320733631296079,0.021312281125920252,0.08990945257227335,0.0034996500349965005,0.0034996500349965005,1.0,CHANGES,0.06880688805022485,True
both_contribute,11,global_vs_premeal,0.11444223239101126,0.07262046261045771,0.16292193329612828,9.999000099990002e-05,0.00029997000299970003,1.0,CHANGES,0.11087097723682403,True
both_contribute,11,global_vs_subz,0.0782804031086582,0.048296645191936036,0.11304371463716607,9.999000099990002e-05,0.00029997000299970003,1.0,CHANGES,0.08245810675079242,True
both_contribute,11,global_vs_subcenter,0.07480187620751863,0.04551025144940869,0.1115369581672714,9.999000099990002e-05,0.00029997000299970003,1.0,CHANGES,0.06880688805022485,True
both_contribute,12,global_vs_premeal,0.1423342041395868,0.0975057125211739,0.19595120571531444,9.999000099990002e-05,0.00029997000299970003,1.0,CHANGES,0.11087097723682403,True
both_contribute,12,global_vs_subz,0.1003049476931608,0.058503090199730205,0.1510855582897741,9.999000099990002e-05,0.00029997000299970003,1.0,CHANGES,0.08245810675079242,True
both_contribute,12,global_vs_subcenter,0.09126308798288454,0.05036416030281025,0.13907584995420447,9.999000099990002e-05,0.00029997000299970003,1.0,CHANGES,0.06880688805022485,True
both_contribute,13,global_vs_premeal,0.10381110212826523,0.07278177462480565,0.14168154394456475,9.999000099990002e-05,0.00029997000299970003,1.0,CHANGES,0.11087097723682403,True
both_contribute,13,global_vs_subz,0.06977501770138526,0.0438692058216225,0.10184545468138435,9.999000099990002e-05,0.00029997000299970003,1.0,CHANGES,0.08245810675079242,True
both_contribute,13,global_vs_subcenter,0.05841533655580088,0.0346515011808855,0.0871265877253126,9.999000099990002e-05,0.00029997000299970003,1.0,CHANGES,0.06880688805022485,True
both_contribute,14,global_vs_premeal,0.11699869703945724,0.07855617669485762,0.16410561010084362,9.999000099990002e-05,0.00029997000299970003,1.0,CHANGES,0.11087097723682403,True
both_contribute,14,global_vs_subz,0.08372496793352383,0.05076681784731804,0.12485983202709419,9.999000099990002e-05,0.00029997000299970003,1.0,CHANGES,0.08245810675079242,True
both_contribute,14,global_vs_subcenter,0.0803757838010176,0.04674805416696504,0.12192489691424241,9.999000099990002e-05,0.00029997000299970003,1.0,CHANGES,0.06880688805022485,True
both_contribute,15,global_vs_premeal,0.11808794341865317,0.07930387974866607,0.16181942741117136,9.999000099990002e-05,0.00029997000299970003,1.0,CHANGES,0.11087097723682403,True
both_contribute,15,global_vs_subz,0.09746911265583667,0.06164615423515917,0.1407157415241214,9.999000099990002e-05,0.00029997000299970003,1.0,CHANGES,0.08245810675079242,True
both_contribute,15,global_vs_subcenter,0.07941289062731444,0.04276902593574729,0.12467125007389013,9.999000099990002e-05,0.00029997000299970003,1.0,CHANGES,0.06880688805022485,True
both_contribute,16,global_vs_premeal,0.1351440502600258,0.08591213392394074,0.19549405384740987,9.999000099990002e-05,0.00029997000299970003,1.0,CHANGES,0.11087097723682403,True
both_contribute,16,global_vs_subz,0.09069798771997847,0.044029954906973895,0.15054257798392748,9.999000099990002e-05,0.00029997000299970003,1.0,CHANGES,0.08245810675079242,True
both_contribute,16,global_vs_subcenter,0.07931546487316486,0.03457164399443214,0.1403086320592383,0.0005999400059994001,0.0005999400059994001,1.0,CHANGES,0.06880688805022485,True
both_contribute,17,global_vs_premeal,0.12433151851096175,0.08111754956481584,0.18526846373511133,9.999000099990002e-05,0.00029997000299970003,1.0,CHANGES,0.11087097723682403,True
both_contribute,17,global_vs_subz,0.0928438943752113,0.049725108885358256,0.1498682098686833,9.999000099990002e-05,0.00029997000299970003,1.0,CHANGES,0.08245810675079242,True
both_contribute,17,global_vs_subcenter,0.07650338984769112,0.03732290218847197,0.13093858839299766,0.00019998000199980003,0.00029997000299970003,1.0,CHANGES,0.06880688805022485,True
both_contribute,18,global_vs_premeal,0.1676216324151854,0.11781738358898301,0.22872312517647872,9.999000099990002e-05,0.00029997000299970003,1.0,CHANGES,0.11087097723682403,False
both_contribute,18,global_vs_subz,0.14406003677809173,0.09540471026400117,0.20084954700744498,9.999000099990002e-05,0.00029997000299970003,1.0,CHANGES,0.08245810675079242,False
both_contribute,18,global_vs_subcenter,0.12317202375254582,0.07777529104641152,0.17872398332196476,0.00019998000199980003,0.00029997000299970003,1.0,CHANGES,0.06880688805022485,False
both_contribute,19,global_vs_premeal,0.11700417925445569,0.0635405373281135,0.19736814531392857,9.999000099990002e-05,0.00029997000299970003,1.0,CHANGES,0.11087097723682403,True
both_contribute,19,global_vs_subz,0.08356551787222563,0.027638876872656037,0.16211336849955987,0.0025997400259974,0.0051994800519948,1.0,CHANGES,0.08245810675079242,True
both_contribute,19,global_vs_subcenter,0.06904177166135983,0.01960294876594316,0.13469168376995413,0.006299370062993701,0.006299370062993701,1.0,CHANGES(small),0.06880688805022485,True
both_contribute,20,global_vs_premeal,0.11720550409198031,0.07603739266589908,0.1690214047928389,9.999000099990002e-05,0.00029997000299970003,1.0,CHANGES,0.11087097723682403,True
both_contribute,20,global_vs_subz,0.09292554141588603,0.05376976361758796,0.14306095352760514,9.999000099990002e-05,0.00029997000299970003,1.0,CHANGES,0.08245810675079242,True
both_contribute,20,global_vs_subcenter,0.07699766223421857,0.04414900610274455,0.11788431968774023,9.999000099990002e-05,0.00029997000299970003,1.0,CHANGES,0.06880688805022485,True
both_contribute,21,global_vs_premeal,0.10317224749601209,0.07756502421675412,0.13459588367905792,9.999000099990002e-05,0.00029997000299970003,1.0,CHANGES,0.11087097723682403,True
both_contribute,21,global_vs_subz,0.07851520231255651,0.052504244756091424,0.10994595484906332,9.999000099990002e-05,0.00029997000299970003,1.0,CHANGES,0.08245810675079242,True
both_contribute,21,global_vs_subcenter,0.06649809018529493,0.03989728340099447,0.09864722138878255,9.999000099990002e-05,0.00029997000299970003,1.0,CHANGES,0.06880688805022485,True
both_contribute,22,global_vs_premeal,0.18719170068485522,0.13697735661412422,0.2410591871118338,9.999000099990002e-05,0.00029997000299970003,1.0,CHANGES,0.11087097723682403,False
both_contribute,22,global_vs_subz,0.14572466929419248,0.10124582750082392,0.1943232313811602,9.999000099990002e-05,0.00029997000299970003,1.0,CHANGES,0.08245810675079242,False
both_contribute,22,global_vs_subcenter,0.13449270162138402,0.09120954697794263,0.18178564074041653,9.999000099990002e-05,0.00029997000299970003,1.0,CHANGES,0.06880688805022485,False
both_contribute,23,global_vs_premeal,0.13758894158165622,0.08284056778827896,0.2025735328602565,9.999000099990002e-05,0.00029997000299970003,1.0,CHANGES,0.11087097723682403,True
both_contribute,23,global_vs_subz,0.1356428355390813,0.07748807234770297,0.20477261817820114,9.999000099990002e-05,0.00029997000299970003,1.0,CHANGES,0.08245810675079242,True
both_contribute,23,global_vs_subcenter,0.11019034919384715,0.05619258186289287,0.1761881989948046,0.00019998000199980003,0.00029997000299970003,1.0,CHANGES,0.06880688805022485,True
both_contribute,24,global_vs_premeal,0.09515214792367185,0.059592526721900047,0.13699429343868175,9.999000099990002e-05,0.00029997000299970003,1.0,CHANGES,0.11087097723682403,True
both_contribute,24,global_vs_subz,0.0685694185628561,0.0384210574527858,0.10303841590009198,9.999000099990002e-05,0.00029997000299970003,1.0,CHANGES,0.08245810675079242,True
both_contribute,24,global_vs_subcenter,0.05082867158274579,0.024633304348973352,0.0817719204795013,0.00039996000399960006,0.00039996000399960006,1.0,CHANGES,0.06880688805022485,True
both_contribute,25,global_vs_premeal,0.17252344662842772,0.1122028524740419,0.2499162711941143,9.999000099990002e-05,0.00029997000299970003,1.0,CHANGES,0.11087097723682403,False
both_contribute,25,global_vs_subz,0.14592560034931032,0.08741098062776273,0.22195159708119858,9.999000099990002e-05,0.00029997000299970003,1.0,CHANGES,0.08245810675079242,False
both_contribute,25,global_vs_subcenter,0.13617125515889747,0.0786600540702143,0.210473314211231,9.999000099990002e-05,0.00029997000299970003,1.0,CHANGES,0.06880688805022485,False
both_contribute,26,global_vs_premeal,0.09953191428910464,0.064951239226805,0.14078022165534926,9.999000099990002e-05,0.00029997000299970003,1.0,CHANGES,0.11087097723682403,True
both_contribute,26,global_vs_subz,0.07021262674320275,0.03654964758572063,0.11089432782111222,9.999000099990002e-05,0.00029997000299970003,1.0,CHANGES,0.08245810675079242,True
both_contribute,26,global_vs_subcenter,0.056010175586865725,0.02407530968367929,0.09508675422778713,0.0004999500049995,0.0004999500049995,1.0,CHANGES,0.06880688805022485,True
both_contribute,27,global_vs_premeal,0.13353168241706959,0.08454326105273052,0.20492056500851832,9.999000099990002e-05,0.00029997000299970003,1.0,CHANGES,0.11087097723682403,True
both_contribute,27,global_vs_subz,0.1011556150411018,0.055166812078301694,0.16700675925232825,9.999000099990002e-05,0.00029997000299970003,1.0,CHANGES,0.08245810675079242,True
both_contribute,27,global_vs_subcenter,0.08539059135174673,0.04115793004462047,0.1486452558599413,9.999000099990002e-05,0.00029997000299970003,1.0,CHANGES,0.06880688805022485,True
both_contribute,28,global_vs_premeal,0.14799700148223258,0.10137884065793439,0.19769668197344886,9.999000099990002e-05,0.00029997000299970003,1.0,CHANGES,0.11087097723682403,True
both_contribute,28,global_vs_subz,0.10902190372337837,0.06285519503603373,0.15997806122689326,9.999000099990002e-05,0.00029997000299970003,1.0,CHANGES,0.08245810675079242,True
both_contribute,28,global_vs_subcenter,0.09769321600282976,0.056518276550023054,0.14356228258056683,9.999000099990002e-05,0.00029997000299970003,1.0,CHANGES,0.06880688805022485,True
both_contribute,29,global_vs_premeal,0.11826836853707241,0.081002435547411,0.1631090252276536,9.999000099990002e-05,0.00029997000299970003,1.0,CHANGES,0.11087097723682403,True
both_contribute,29,global_vs_subz,0.09513522244210235,0.05929750532234254,0.1375649227904758,9.999000099990002e-05,0.00029997000299970003,1.0,CHANGES,0.08245810675079242,True
both_contribute,29,global_vs_subcenter,0.08500452645291003,0.050528679837014055,0.12583030766724548,9.999000099990002e-05,0.00029997000299970003,1.0,CHANGES,0.06880688805022485,True
both_contribute,30,global_vs_premeal,0.11976708685283312,0.06743496176931478,0.19631445352976984,9.999000099990002e-05,0.00029997000299970003,1.0,CHANGES,0.11087097723682403,True
both_contribute,30,global_vs_subz,0.09350357495478577,0.044548050634279295,0.1620433268590673,0.00029997000299970003,0.00029997000299970003,1.0,CHANGES,0.08245810675079242,True
both_contribute,30,global_vs_subcenter,0.0866063578426472,0.03973344661863346,0.15809081135264627,9.999000099990002e-05,0.00029997000299970003,1.0,CHANGES,0.06880688805022485,True
both_contribute,31,global_vs_premeal,0.13024459298404256,0.08344838551272811,0.18142462006819582,0.00019998000199980003,0.0005999400059994001,1.0,CHANGES,0.11087097723682403,True
both_contribute,31,global_vs_subz,0.11539032969153805,0.07260430541612158,0.16330661377124767,0.00019998000199980003,0.0005999400059994001,1.0,CHANGES,0.08245810675079242,True
both_contribute,31,global_vs_subcenter,0.1036314577551131,0.0657310197381607,0.14466357522949452,0.00019998000199980003,0.0005999400059994001,1.0,CHANGES,0.06880688805022485,True
both_contribute,32,global_vs_premeal,0.11675392807418745,0.08408361369389328,0.1572766817158695,9.999000099990002e-05,0.00029997000299970003,1.0,CHANGES,0.11087097723682403,True
both_contribute,32,global_vs_subz,0.08605231248145181,0.05585889906065181,0.12092088283119842,9.999000099990002e-05,0.00029997000299970003,1.0,CHANGES,0.08245810675079242,True
both_contribute,32,global_vs_subcenter,0.06964817145603162,0.042584443655656584,0.10226411857049211,9.999000099990002e-05,0.00029997000299970003,1.0,CHANGES,0.06880688805022485,True
both_contribute,33,global_vs_premeal,0.09365784890794657,0.061871371958868916,0.1301441752655978,9.999000099990002e-05,0.00029997000299970003,1.0,CHANGES,0.11087097723682403,True
both_contribute,33,global_vs_subz,0.07870580987485833,0.045140757637769,0.11733111228322571,0.00019998000199980003,0.00039996000399960006,1.0,CHANGES,0.08245810675079242,True
both_contribute,33,global_vs_subcenter,0.06319675159845987,0.03460669727695003,0.09670912037210509,0.00029997000299970003,0.00039996000399960006,1.0,CHANGES,0.06880688805022485,True
both_contribute,34,global_vs_premeal,0.1586485346903735,0.10815506105827884,0.21665127097425493,9.999000099990002e-05,0.00029997000299970003,1.0,CHANGES,0.11087097723682403,True
both_contribute,34,global_vs_subz,0.1478352051402787,0.10319839016047067,0.2024279041451274,9.999000099990002e-05,0.00029997000299970003,1.0,CHANGES,0.08245810675079242,False
both_contribute,34,global_vs_subcenter,0.121617954937053,0.07563307719914367,0.1773804129452795,9.999000099990002e-05,0.00029997000299970003,1.0,CHANGES,0.06880688805022485,False
both_contribute,35,global_vs_premeal,0.12568313005495466,0.08043702950865593,0.1811958760501636,9.999000099990002e-05,0.00029997000299970003,1.0,CHANGES,0.11087097723682403,True
both_contribute,35,global_vs_subz,0.1054708866975927,0.06784583830591823,0.1579932090027377,9.999000099990002e-05,0.00029997000299970003,1.0,CHANGES,0.08245810675079242,True
both_contribute,35,global_vs_subcenter,0.08240933618358019,0.047172292369338016,0.13010928077207407,9.999000099990002e-05,0.00029997000299970003,1.0,CHANGES,0.06880688805022485,True
both_contribute,36,global_vs_premeal,0.19298871931069364,0.12060218080277002,0.2755218935680214,9.999000099990002e-05,0.00029997000299970003,1.0,CHANGES,0.11087097723682403,False
both_contribute,36,global_vs_subz,0.16007987797508635,0.09109037486856822,0.2426913776266815,9.999000099990002e-05,0.00029997000299970003,1.0,CHANGES,0.08245810675079242,False
both_contribute,36,global_vs_subcenter,0.14400685591086135,0.07866275842458986,0.22217481392304828,9.999000099990002e-05,0.00029997000299970003,1.0,CHANGES,0.06880688805022485,False
both_contribute,37,global_vs_premeal,0.1037227591429279,0.06297327889123625,0.1541306021394705,9.999000099990002e-05,0.00029997000299970003,1.0,CHANGES,0.11087097723682403,True
both_contribute,37,global_vs_subz,0.06812099460502889,0.03389142073783187,0.10766936691693202,0.00039996000399960006,0.0007999200079992001,1.0,CHANGES,0.08245810675079242,True
both_contribute,37,global_vs_subcenter,0.05064951772634609,0.0227878456042276,0.08334188539232323,0.0020997900209979003,0.0020997900209979003,1.0,CHANGES,0.06880688805022485,True
both_contribute,38,global_vs_premeal,0.10749904915198179,0.06761770010434254,0.16020977138705605,0.00019998000199980003,0.0005999400059994001,1.0,CHANGES,0.11087097723682403,True
both_contribute,38,global_vs_subz,0.08032885027938048,0.04047406765866065,0.13134930757587893,0.00039996000399960006,0.0007999200079992001,1.0,CHANGES,0.08245810675079242,True
both_contribute,38,global_vs_subcenter,0.05960548517122241,0.02277054339856218,0.1064025109311384,0.0024997500249975004,0.0024997500249975004,1.0,CHANGES,0.06880688805022485,True
both_contribute,39,global_vs_premeal,0.1531668856149888,0.104658669221193,0.20659459548529177,9.999000099990002e-05,0.00029997000299970003,1.0,CHANGES,0.11087097723682403,True
both_contribute,39,global_vs_subz,0.12773228885388097,0.082411519348985,0.17951601500283124,9.999000099990002e-05,0.00029997000299970003,1.0,CHANGES,0.08245810675079242,True
both_contribute,39,global_vs_subcenter,0.10837668931371278,0.06224141192451219,0.15922835791500586,9.999000099990002e-05,0.00029997000299970003,1.0,CHANGES,0.06880688805022485,True
both_contribute,40,global_vs_premeal,0.10198638876650815,0.06421155949663393,0.14638599191462195,9.999000099990002e-05,0.00029997000299970003,1.0,CHANGES,0.11087097723682403,True
both_contribute,40,global_vs_subz,0.0927869840861846,0.0559043787948411,0.13693914511271546,9.999000099990002e-05,0.00029997000299970003,1.0,CHANGES,0.08245810675079242,True
both_contribute,40,global_vs_subcenter,0.07682706017859271,0.040213482403787824,0.11947910938725578,0.00019998000199980003,0.00029997000299970003,1.0,CHANGES,0.06880688805022485,True
both_contribute,41,global_vs_premeal,0.13688487619547068,0.08786210874018963,0.19558188818586608,9.999000099990002e-05,0.00029997000299970003,1.0,CHANGES,0.11087097723682403,True
both_contribute,41,global_vs_subz,0.11420567896266108,0.07256800944719205,0.1660231879077869,9.999000099990002e-05,0.00029997000299970003,1.0,CHANGES,0.08245810675079242,True
both_contribute,41,global_vs_subcenter,0.08871075501229499,0.04711142955254386,0.14114557220093465,9.999000099990002e-05,0.00029997000299970003,1.0,CHANGES,0.06880688805022485,True
both_contribute,42,global_vs_premeal,0.13225315373798255,0.09477267813259249,0.1717927699187084,9.999000099990002e-05,0.00029997000299970003,1.0,CHANGES,0.11087097723682403,True
both_contribute,42,global_vs_subz,0.09041945752496539,0.050178071023159514,0.1375373417405024,9.999000099990002e-05,0.00029997000299970003,1.0,CHANGES,0.08245810675079242,True
both_contribute,42,global_vs_subcenter,0.07538981693609682,0.03605222376191657,0.12059115568356435,9.999000099990002e-05,0.00029997000299970003,1.0,CHANGES,0.06880688805022485,True
both_contribute,43,global_vs_premeal,0.1303767779228768,0.08372364725068597,0.18519202337907265,9.999000099990002e-05,0.00029997000299970003,1.0,CHANGES,0.11087097723682403,True
both_contribute,43,global_vs_subz,0.10584337965554591,0.0659974080239549,0.1534832836065407,9.999000099990002e-05,0.00029997000299970003,1.0,CHANGES,0.08245810675079242,True
both_contribute,43,global_vs_subcenter,0.08767895594726069,0.04818081432846612,0.13541552008339267,0.00029997000299970003,0.00029997000299970003,1.0,CHANGES,0.06880688805022485,True
both_contribute,44,global_vs_premeal,0.14036910210792383,0.09417472586070116,0.19149883141481167,9.999000099990002e-05,0.00029997000299970003,1.0,CHANGES,0.11087097723682403,True
both_contribute,44,global_vs_subz,0.10883559946093711,0.06713511793372379,0.15587677832637406,9.999000099990002e-05,0.00029997000299970003,1.0,CHANGES,0.08245810675079242,True
both_contribute,44,global_vs_subcenter,0.09087562027645381,0.053994886063217944,0.1314387394262557,9.999000099990002e-05,0.00029997000299970003,1.0,CHANGES,0.06880688805022485,True
both_contribute,45,global_vs_premeal,0.12311622975602177,0.08690089797623647,0.1703292758859513,9.999000099990002e-05,0.00029997000299970003,1.0,CHANGES,0.11087097723682403,True
both_contribute,45,global_vs_subz,0.07495442917510747,0.04468447470278368,0.11630420723693968,0.00019998000199980003,0.00039996000399960006,1.0,CHANGES,0.08245810675079242,True
both_contribute,45,global_vs_subcenter,0.058819240558758354,0.02864476600304006,0.10018051126063827,0.00019998000199980003,0.00039996000399960006,1.0,CHANGES,0.06880688805022485,True
both_contribute,46,global_vs_premeal,0.19338028846145736,0.1239561505307619,0.2920664855396946,9.999000099990002e-05,0.00029997000299970003,1.0,CHANGES,0.11087097723682403,False
both_contribute,46,global_vs_subz,0.14753898664486534,0.08476123604273043,0.23567612240295888,9.999000099990002e-05,0.00029997000299970003,1.0,CHANGES,0.08245810675079242,False
both_contribute,46,global_vs_subcenter,0.1383229164408805,0.07685960357284004,0.22532582965524794,9.999000099990002e-05,0.00029997000299970003,1.0,CHANGES,0.06880688805022485,False
both_contribute,47,global_vs_premeal,0.1107243058494877,0.07552514972228683,0.1560190426309287,9.999000099990002e-05,0.00029997000299970003,1.0,CHANGES,0.11087097723682403,True
both_contribute,47,global_vs_subz,0.08149993526544155,0.054499120737041815,0.11563191165361078,9.999000099990002e-05,0.00029997000299970003,1.0,CHANGES,0.08245810675079242,True
both_contribute,47,global_vs_subcenter,0.06788257187518537,0.04315254135086111,0.10022134575200209,9.999000099990002e-05,0.00029997000299970003,1.0,CHANGES,0.06880688805022485,True
both_contribute,48,global_vs_premeal,0.10433178422460941,0.07239260919780165,0.14312496720176807,9.999000099990002e-05,0.00029997000299970003,1.0,CHANGES,0.11087097723682403,True
both_contribute,48,global_vs_subz,0.0743829033894069,0.037627640732770806,0.11718926186463051,0.00039996000399960006,0.0007999200079992001,1.0,CHANGES,0.08245810675079242,True
both_contribute,48,global_vs_subcenter,0.054800078121864534,0.022803110036022547,0.09160150300379531,0.0020997900209979003,0.0020997900209979003,1.0,CHANGES,0.06880688805022485,True
both_contribute,49,global_vs_premeal,0.15299627554404086,0.11010955367941692,0.20187159868126295,9.999000099990002e-05,0.00029997000299970003,1.0,CHANGES,0.11087097723682403,True
both_contribute,49,global_vs_subz,0.12477666624753307,0.08411278999724842,0.172416949790402,9.999000099990002e-05,0.00029997000299970003,1.0,CHANGES,0.08245810675079242,False
both_contribute,49,global_vs_subcenter,0.10082276767623903,0.06366308431930318,0.1449382889899725,9.999000099990002e-05,0.00029997000299970003,1.0,CHANGES,0.06880688805022485,True
both_contribute,50,global_vs_premeal,0.13299853665668424,0.09697025143312307,0.17377489833967466,9.999000099990002e-05,0.00029997000299970003,1.0,CHANGES,0.11087097723682403,True
both_contribute,50,global_vs_subz,0.11858035610056082,0.08407508888826036,0.16147432506928322,9.999000099990002e-05,0.00029997000299970003,1.0,CHANGES,0.08245810675079242,False
both_contribute,50,global_vs_subcenter,0.0997723901653097,0.06995457886935942,0.13609678366580702,9.999000099990002e-05,0.00029997000299970003,1.0,CHANGES,0.06880688805022485,False
both_contribute,51,global_vs_premeal,0.11293141831688434,0.07834645520908136,0.15565636922422943,9.999000099990002e-05,0.00029997000299970003,1.0,CHANGES,0.11087097723682403,True
both_contribute,51,global_vs_subz,0.07373450368524043,0.04332671998858148,0.10901222381686491,0.00019998000199980003,0.00039996000399960006,1.0,CHANGES,0.08245810675079242,True
both_contribute,51,global_vs_subcenter,0.05797375502956389,0.02655417769805295,0.09357664084968496,0.0018998100189981002,0.0018998100189981002,1.0,CHANGES,0.06880688805022485,True
both_contribute,52,global_vs_premeal,0.21544590235120478,0.1539941045741359,0.28534598453643273,9.999000099990002e-05,0.00029997000299970003,1.0,CHANGES,0.11087097723682403,False
both_contribute,52,global_vs_subz,0.17903793782351043,0.12113066877256869,0.2421333548118435,9.999000099990002e-05,0.00029997000299970003,1.0,CHANGES,0.08245810675079242,False
both_contribute,52,global_vs_subcenter,0.172508284741083,0.11096778557413334,0.24010048957551905,9.999000099990002e-05,0.00029997000299970003,1.0,CHANGES,0.06880688805022485,False
both_contribute,53,global_vs_premeal,0.09623536188047994,0.07007812523840631,0.1258616621700509,9.999000099990002e-05,0.00029997000299970003,1.0,CHANGES,0.11087097723682403,True
both_contribute,53,global_vs_subz,0.07088279136459882,0.044864009235792646,0.10019714810904931,9.999000099990002e-05,0.00029997000299970003,1.0,CHANGES,0.08245810675079242,True
both_contribute,53,global_vs_subcenter,0.05185863109954074,0.027486903232314352,0.07959902719750479,0.00019998000199980003,0.00029997000299970003,1.0,CHANGES,0.06880688805022485,True
both_contribute,54,global_vs_premeal,0.12822205871890055,0.07195727027700016,0.20225689657568427,9.999000099990002e-05,0.00029997000299970003,1.0,CHANGES,0.11087097723682403,True
both_contribute,54,global_vs_subz,0.09796579826395363,0.04688556993543732,0.17343499675004417,9.999000099990002e-05,0.00029997000299970003,1.0,CHANGES,0.08245810675079242,True
both_contribute,54,global_vs_subcenter,0.08210027119816736,0.032753069607767506,0.15341661390498387,0.00039996000399960006,0.00039996000399960006,1.0,CHANGES,0.06880688805022485,True
both_contribute,55,global_vs_premeal,0.10083075998469021,0.07148727270159308,0.13675943739359595,9.999000099990002e-05,0.00029997000299970003,1.0,CHANGES,0.11087097723682403,True
both_contribute,55,global_vs_subz,0.0775751272422268,0.048167874550532355,0.11648165565325795,9.999000099990002e-05,0.00029997000299970003,1.0,CHANGES,0.08245810675079242,True
both_contribute,55,global_vs_subcenter,0.06064178253839206,0.033347092403884324,0.09433642281005275,0.00019998000199980003,0.00029997000299970003,1.0,CHANGES,0.06880688805022485,True
both_contribute,56,global_vs_premeal,0.11269779647906937,0.06469876600705812,0.16864778095032482,9.999000099990002e-05,0.00029997000299970003,1.0,CHANGES,0.11087097723682403,True
both_contribute,56,global_vs_subz,0.0804143298150726,0.04256436906455645,0.12499291509220663,9.999000099990002e-05,0.00029997000299970003,1.0,CHANGES,0.08245810675079242,True
both_contribute,56,global_vs_subcenter,0.06983429241100904,0.03539197702141722,0.11144338352590077,0.00019998000199980003,0.00029997000299970003,1.0,CHANGES,0.06880688805022485,True
both_contribute,57,global_vs_premeal,0.16710086608424968,0.11944669743161485,0.22140306417509112,9.999000099990002e-05,0.00029997000299970003,1.0,CHANGES,0.11087097723682403,False
both_contribute,57,global_vs_subz,0.1277090606273206,0.08201776629621414,0.17856942766668601,9.999000099990002e-05,0.00029997000299970003,1.0,CHANGES,0.08245810675079242,True
both_contribute,57,global_vs_subcenter,0.119628570509021,0.07573438369291835,0.16927341215778746,9.999000099990002e-05,0.00029997000299970003,1.0,CHANGES,0.06880688805022485,False
both_contribute,58,global_vs_premeal,0.19947590766108667,0.15577902248889614,0.25366432530547467,9.999000099990002e-05,0.00029997000299970003,1.0,CHANGES,0.11087097723682403,False
both_contribute,58,global_vs_subz,0.1336849490232643,0.09163857777647447,0.18622604972011222,9.999000099990002e-05,0.00029997000299970003,1.0,CHANGES,0.08245810675079242,False
both_contribute,58,global_vs_subcenter,0.12392750553358672,0.0822387648022902,0.1761757982330995,9.999000099990002e-05,0.00029997000299970003,1.0,CHANGES,0.06880688805022485,False
both_contribute,59,global_vs_premeal,0.1172348103237927,0.07425369343191636,0.16341465941286903,9.999000099990002e-05,0.00029997000299970003,1.0,CHANGES,0.11087097723682403,True
both_contribute,59,global_vs_subz,0.08268821324458213,0.0433594181122247,0.12762015504480811,0.00019998000199980003,0.00039996000399960006,1.0,CHANGES,0.08245810675079242,True
both_contribute,59,global_vs_subcenter,0.07789952943234983,0.036367547698223396,0.12437500979163953,0.0016998300169983002,0.0016998300169983002,1.0,CHANGES,0.06880688805022485,True
both_contribute,60,global_vs_premeal,0.10895250292654692,0.07907829546330307,0.1492278270689331,9.999000099990002e-05,0.00029997000299970003,1.0,CHANGES,0.11087097723682403,True
both_contribute,60,global_vs_subz,0.08671393503440179,0.062123192104591454,0.12029497771904755,9.999000099990002e-05,0.00029997000299970003,1.0,CHANGES,0.08245810675079242,True
both_contribute,60,global_vs_subcenter,0.0714029117459349,0.04860355043316286,0.10250124281198779,9.999000099990002e-05,0.00029997000299970003,1.0,CHANGES,0.06880688805022485,True
both_contribute,61,global_vs_premeal,0.15865831588894586,0.09638204962038822,0.2565476431916112,9.999000099990002e-05,0.00029997000299970003,1.0,CHANGES,0.11087097723682403,True
both_contribute,61,global_vs_subz,0.13977140365326793,0.07475177051048132,0.24130784657659443,9.999000099990002e-05,0.00029997000299970003,1.0,CHANGES,0.08245810675079242,True
both_contribute,61,global_vs_subcenter,0.11287657998548113,0.052323409145581055,0.20780170537043197,9.999000099990002e-05,0.00029997000299970003,1.0,CHANGES,0.06880688805022485,True
both_contribute,62,global_vs_premeal,0.11959680888705307,0.07515159955418381,0.18264166666380835,9.999000099990002e-05,0.00029997000299970003,1.0,CHANGES,0.11087097723682403,True
both_contribute,62,global_vs_subz,0.09246668906190691,0.04992124993378316,0.1486080748169809,9.999000099990002e-05,0.00029997000299970003,1.0,CHANGES,0.08245810675079242,True
both_contribute,62,global_vs_subcenter,0.08347291687094682,0.04101781424719861,0.14161994496016286,0.00019998000199980003,0.00029997000299970003,1.0,CHANGES,0.06880688805022485,True
both_contribute,63,global_vs_premeal,0.13252493616185881,0.09227023687191163,0.18497748706507283,9.999000099990002e-05,0.00029997000299970003,1.0,CHANGES,0.11087097723682403,True
both_contribute,63,global_vs_subz,0.10808754325659115,0.06589850671079521,0.1623121583903365,9.999000099990002e-05,0.00029997000299970003,1.0,CHANGES,0.08245810675079242,True
both_contribute,63,global_vs_subcenter,0.08120341885362693,0.04320002416268732,0.1304896493153414,9.999000099990002e-05,0.00029997000299970003,1.0,CHANGES,0.06880688805022485,True
both_contribute,64,global_vs_premeal,0.10508176719989416,0.06884427845606898,0.1490740678577651,9.999000099990002e-05,0.00029997000299970003,1.0,CHANGES,0.11087097723682403,True
both_contribute,64,global_vs_subz,0.0966547997297991,0.061389495393003944,0.1401117192787429,9.999000099990002e-05,0.00029997000299970003,1.0,CHANGES,0.08245810675079242,True
both_contribute,64,global_vs_subcenter,0.08297499318742523,0.048173164581361394,0.125460373740635,9.999000099990002e-05,0.00029997000299970003,1.0,CHANGES,0.06880688805022485,True
both_contribute,65,global_vs_premeal,0.17125185843623478,0.13354012086055758,0.22042535999965984,9.999000099990002e-05,0.00029997000299970003,1.0,CHANGES,0.11087097723682403,False
both_contribute,65,global_vs_subz,0.12378189897647583,0.08735631779570481,0.1694877305331605,9.999000099990002e-05,0.00029997000299970003,1.0,CHANGES,0.08245810675079242,False
both_contribute,65,global_vs_subcenter,0.10576477081811794,0.07163716236674905,0.1510596165051843,9.999000099990002e-05,0.00029997000299970003,1.0,CHANGES,0.06880688805022485,False
both_contribute,66,global_vs_premeal,0.11492697126305593,0.07468294036440007,0.16341335169161791,9.999000099990002e-05,0.00029997000299970003,1.0,CHANGES,0.11087097723682403,True
both_contribute,66,global_vs_subz,0.07805245779860599,0.04807756272441629,0.11447402894232007,9.999000099990002e-05,0.00029997000299970003,1.0,CHANGES,0.08245810675079242,True
both_contribute,66,global_vs_subcenter,0.06543538913958723,0.035772604990828266,0.10057894663601452,9.999000099990002e-05,0.00029997000299970003,1.0,CHANGES,0.06880688805022485,True
both_contribute,67,global_vs_premeal,0.12275174669187046,0.08552670956809102,0.16796922148255924,9.999000099990002e-05,0.00029997000299970003,1.0,CHANGES,0.11087097723682403,True
both_contribute,67,global_vs_subz,0.06225211897462357,0.024223010613144004,0.10574123389165567,0.0022997700229977,0.0045995400459954,1.0,CHANGES,0.08245810675079242,True
both_contribute,67,global_vs_subcenter,0.05408314419378056,0.015888175243924225,0.09804741234632167,0.007699230076992301,0.007699230076992301,1.0,CHANGES(small),0.06880688805022485,True
both_contribute,68,global_vs_premeal,0.13896786159760086,0.0934506239813552,0.1866529824762409,9.999000099990002e-05,0.00029997000299970003,1.0,CHANGES,0.11087097723682403,True
both_contribute,68,global_vs_subz,0.09701180017116644,0.046387516364758276,0.14795807329328442,0.0014998500149985001,0.0029997000299970002,1.0,CHANGES,0.08245810675079242,True
both_contribute,68,global_vs_subcenter,0.08371642362827564,0.035049262984217025,0.1333137146447846,0.0047995200479952005,0.0047995200479952005,1.0,CHANGES,0.06880688805022485,True
both_contribute,69,global_vs_premeal,0.10103756685403668,0.06500108010029589,0.14017820141159165,9.999000099990002e-05,0.00029997000299970003,1.0,CHANGES,0.11087097723682403,True
both_contribute,69,global_vs_subz,0.07285903736895187,0.04525501793348501,0.10487835895170967,9.999000099990002e-05,0.00029997000299970003,1.0,CHANGES,0.08245810675079242,True
both_contribute,69,global_vs_subcenter,0.053100693102372316,0.02542349823806263,0.08466587942316262,0.0004999500049995,0.0004999500049995,1.0,CHANGES,0.06880688805022485,True
both_contribute,70,global_vs_premeal,0.16389750737674275,0.09816528278912169,0.25140059142071886,9.999000099990002e-05,0.00029997000299970003,1.0,CHANGES,0.11087097723682403,True
both_contribute,70,global_vs_subz,0.14443119701626075,0.08330923108482075,0.222430642847277,9.999000099990002e-05,0.00029997000299970003,1.0,CHANGES,0.08245810675079242,False
both_contribute,70,global_vs_subcenter,0.13479242349828757,0.07413779399087032,0.21306620639760676,0.00019998000199980003,0.00029997000299970003,1.0,CHANGES,0.06880688805022485,False
both_contribute,71,global_vs_premeal,0.15086236435557496,0.09388935271273488,0.21105366484833865,9.999000099990002e-05,0.00029997000299970003,1.0,CHANGES,0.11087097723682403,True
both_contribute,71,global_vs_subz,0.12378145723386141,0.06971139948779286,0.18158960244443254,9.999000099990002e-05,0.00029997000299970003,1.0,CHANGES,0.08245810675079242,True
both_contribute,71,global_vs_subcenter,0.10661488025032147,0.05281579927761233,0.16484915811344267,0.00019998000199980003,0.00029997000299970003,1.0,CHANGES,0.06880688805022485,True
both_contribute,72,global_vs_premeal,0.13672641641818625,0.08136938264166838,0.20303741528424135,9.999000099990002e-05,0.00029997000299970003,1.0,CHANGES,0.11087097723682403,True
both_contribute,72,global_vs_subz,0.1073253876916208,0.058352140260979325,0.17211937349316453,9.999000099990002e-05,0.00029997000299970003,1.0,CHANGES,0.08245810675079242,True
both_contribute,72,global_vs_subcenter,0.09686234075152773,0.048432851737990806,0.15923545836427777,9.999000099990002e-05,0.00029997000299970003,1.0,CHANGES,0.06880688805022485,True
both_contribute,73,global_vs_premeal,0.11411810266938431,0.07348488733305643,0.1656134477863806,9.999000099990002e-05,0.00029997000299970003,1.0,CHANGES,0.11087097723682403,True
both_contribute,73,global_vs_subz,0.08681660079786935,0.048088815882710474,0.13413432859289154,9.999000099990002e-05,0.00029997000299970003,1.0,CHANGES,0.08245810675079242,True
both_contribute,73,global_vs_subcenter,0.07186966796787203,0.03581043395422741,0.11614904353167595,0.00029997000299970003,0.00029997000299970003,1.0,CHANGES,0.06880688805022485,True
both_contribute,74,global_vs_premeal,0.13218735289267358,0.09169713898520893,0.18163808903574588,9.999000099990002e-05,0.00029997000299970003,1.0,CHANGES,0.11087097723682403,True
both_contribute,74,global_vs_subz,0.11585897555565018,0.0755648767144892,0.1653817264518376,9.999000099990002e-05,0.00029997000299970003,1.0,CHANGES,0.08245810675079242,True
both_contribute,74,global_vs_subcenter,0.09661902172834534,0.05835237191057832,0.1423211379978758,9.999000099990002e-05,0.00029997000299970003,1.0,CHANGES,0.06880688805022485,True
both_contribute,75,global_vs_premeal,0.18107844168794893,0.120357380070992,0.2576297691417616,9.999000099990002e-05,0.00029997000299970003,1.0,CHANGES,0.11087097723682403,False
both_contribute,75,global_vs_subz,0.1495025239892133,0.09250158144135495,0.22273008890610513,9.999000099990002e-05,0.00029997000299970003,1.0,CHANGES,0.08245810675079242,False
both_contribute,75,global_vs_subcenter,0.1427657897305576,0.0834406689246956,0.2179257194626561,9.999000099990002e-05,0.00029997000299970003,1.0,CHANGES,0.06880688805022485,False
both_contribute,76,global_vs_premeal,0.09606051824518262,0.05951321447361663,0.14070175812677413,9.999000099990002e-05,0.00029997000299970003,1.0,CHANGES,0.11087097723682403,True
both_contribute,76,global_vs_subz,0.08841454821029004,0.05584667667297378,0.12943695792836007,9.999000099990002e-05,0.00029997000299970003,1.0,CHANGES,0.08245810675079242,True
both_contribute,76,global_vs_subcenter,0.06169544548550059,0.03119898951392443,0.09832241351089692,9.999000099990002e-05,0.00029997000299970003,1.0,CHANGES,0.06880688805022485,True
both_contribute,77,global_vs_premeal,0.1594309721434773,0.11699496011558935,0.209230050457724,9.999000099990002e-05,0.00029997000299970003,1.0,CHANGES,0.11087097723682403,False
both_contribute,77,global_vs_subz,0.11818049027005821,0.08266160147772031,0.16332525740466125,9.999000099990002e-05,0.00029997000299970003,1.0,CHANGES,0.08245810675079242,False
both_contribute,77,global_vs_subcenter,0.09716199127836637,0.06267390216150533,0.14277858122685108,9.999000099990002e-05,0.00029997000299970003,1.0,CHANGES,0.06880688805022485,True
both_contribute,78,global_vs_premeal,0.11801112181281526,0.07653587848497112,0.1623763463770014,9.999000099990002e-05,0.00029997000299970003,1.0,CHANGES,0.11087097723682403,True
both_contribute,78,global_vs_subz,0.05835333668302324,0.03190867418508406,0.08765321482607183,0.00019998000199980003,0.00039996000399960006,1.0,CHANGES,0.08245810675079242,True
both_contribute,78,global_vs_subcenter,0.045683593312991023,0.021698525704990812,0.07307373283603098,0.00029997000299970003,0.00039996000399960006,1.0,CHANGES,0.06880688805022485,True
both_contribute,79,global_vs_premeal,0.09079610704054648,0.0567566082806457,0.13407698320607148,9.999000099990002e-05,0.00029997000299970003,1.0,CHANGES,0.11087097723682403,True
both_contribute,79,global_vs_subz,0.08081715661994311,0.0408034599617114,0.13307468026295516,9.999000099990002e-05,0.00029997000299970003,1.0,CHANGES,0.08245810675079242,True
both_contribute,79,global_vs_subcenter,0.0565361974573384,0.024754639020954722,0.0964209845573667,0.0012998700129987,0.0012998700129987,1.0,CHANGES,0.06880688805022485,True
both_contribute,80,global_vs_premeal,0.13520776768680176,0.09597230474008533,0.17911778358020353,9.999000099990002e-05,0.00029997000299970003,1.0,CHANGES,0.11087097723682403,True
both_contribute,80,global_vs_subz,0.10903583292773156,0.07074622650232346,0.15028239805324858,9.999000099990002e-05,0.00029997000299970003,1.0,CHANGES,0.08245810675079242,True
both_contribute,80,global_vs_subcenter,0.09730156062094517,0.06065545801179031,0.1365271943659143,9.999000099990002e-05,0.00029997000299970003,1.0,CHANGES,0.06880688805022485,True
both_contribute,81,global_vs_premeal,0.09496208914548267,0.05075256176850703,0.15207866977360962,0.00019998000199980003,0.0005999400059994001,1.0,CHANGES,0.11087097723682403,True
both_contribute,81,global_vs_subz,0.07634389481808714,0.03712415712078095,0.1250975592144061,0.0007999200079992001,0.0015998400159984002,1.0,CHANGES,0.08245810675079242,True
both_contribute,81,global_vs_subcenter,0.06620837413802542,0.031285856434275255,0.11076411458723634,0.0008999100089991,0.0015998400159984002,1.0,CHANGES,0.06880688805022485,True
both_contribute,82,global_vs_premeal,0.16557230851507895,0.12068982474423992,0.21890920383840057,9.999000099990002e-05,0.00029997000299970003,1.0,CHANGES,0.11087097723682403,False
both_contribute,82,global_vs_subz,0.1153688256178518,0.06889795624400401,0.1690956213969513,9.999000099990002e-05,0.00029997000299970003,1.0,CHANGES,0.08245810675079242,True
both_contribute,82,global_vs_subcenter,0.10354247720543822,0.06075941875696578,0.1551334606814814,9.999000099990002e-05,0.00029997000299970003,1.0,CHANGES,0.06880688805022485,True
both_contribute,83,global_vs_premeal,0.130871166367088,0.08994031567546815,0.18543453157045117,9.999000099990002e-05,0.00029997000299970003,1.0,CHANGES,0.11087097723682403,True
both_contribute,83,global_vs_subz,0.08400694208310223,0.050532187770030226,0.12773837775802066,9.999000099990002e-05,0.00029997000299970003,1.0,CHANGES,0.08245810675079242,True
both_contribute,83,global_vs_subcenter,0.07567261497717659,0.04436459090813547,0.1181392944938132,9.999000099990002e-05,0.00029997000299970003,1.0,CHANGES,0.06880688805022485,True
both_contribute,84,global_vs_premeal,0.16916615321744569,0.11603969037942018,0.22860581870715574,9.999000099990002e-05,0.00029997000299970003,1.0,CHANGES,0.11087097723682403,False
both_contribute,84,global_vs_subz,0.13934073281844978,0.08613723752116761,0.19632565978791777,9.999000099990002e-05,0.00029997000299970003,1.0,CHANGES,0.08245810675079242,False
both_contribute,84,global_vs_subcenter,0.12825980120176741,0.07883086025573072,0.18206505813452437,9.999000099990002e-05,0.00029997000299970003,1.0,CHANGES,0.06880688805022485,False
both_contribute,85,global_vs_premeal,0.11580794560332207,0.06590654817395512,0.17514635837675924,0.00019998000199980003,0.0005999400059994001,1.0,CHANGES,0.11087097723682403,True
both_contribute,85,global_vs_subz,0.08794088550207924,0.03855514044945623,0.14915218925256873,0.0015998400159984002,0.0031996800319968005,1.0,CHANGES,0.08245810675079242,True
both_contribute,85,global_vs_subcenter,0.06414810878883309,0.01781592166801915,0.12277235850379058,0.014998500149985002,0.014998500149985002,1.0,CHANGES(small),0.06880688805022485,True
both_contribute,86,global_vs_premeal,0.13416719092749466,0.07861185257111733,0.1973418076188227,9.999000099990002e-05,0.00029997000299970003,1.0,CHANGES,0.11087097723682403,True
both_contribute,86,global_vs_subz,0.10273312302639907,0.0563946799477076,0.15594334120023987,9.999000099990002e-05,0.00029997000299970003,1.0,CHANGES,0.08245810675079242,True
both_contribute,86,global_vs_subcenter,0.09433526399030825,0.044927764907599116,0.15073522332533107,9.999000099990002e-05,0.00029997000299970003,1.0,CHANGES,0.06880688805022485,True
both_contribute,87,global_vs_premeal,0.12916027126795654,0.08887001113419304,0.18237017989754345,9.999000099990002e-05,0.00029997000299970003,1.0,CHANGES,0.11087097723682403,True
both_contribute,87,global_vs_subz,0.10258999826365142,0.06038444384244863,0.16153431408555213,9.999000099990002e-05,0.00029997000299970003,1.0,CHANGES,0.08245810675079242,True
both_contribute,87,global_vs_subcenter,0.08759563526675947,0.0492358368302121,0.13999966101064149,9.999000099990002e-05,0.00029997000299970003,1.0,CHANGES,0.06880688805022485,True
both_contribute,88,global_vs_premeal,0.12181088885371433,0.07567303954644047,0.19125578104868113,9.999000099990002e-05,0.00029997000299970003,1.0,CHANGES,0.11087097723682403,True
both_contribute,88,global_vs_subz,0.09063076514174499,0.0540653796111639,0.14638562077381911,9.999000099990002e-05,0.00029997000299970003,1.0,CHANGES,0.08245810675079242,True
both_contribute,88,global_vs_subcenter,0.07948550595308582,0.04334517675652203,0.13442729353807245,9.999000099990002e-05,0.00029997000299970003,1.0,CHANGES,0.06880688805022485,True
both_contribute,89,global_vs_premeal,0.12770721722448902,0.08043870141205221,0.18074068907452157,9.999000099990002e-05,0.00029997000299970003,1.0,CHANGES,0.11087097723682403,True
both_contribute,89,global_vs_subz,0.10002936993422487,0.04544152632889719,0.15732541575760772,0.00029997000299970003,0.0005999400059994001,1.0,CHANGES,0.08245810675079242,True
both_contribute,89,global_vs_subcenter,0.07551407333000905,0.02675947319244395,0.12839192724198445,0.0016998300169983002,0.0016998300169983002,1.0,CHANGES,0.06880688805022485,True
both_contribute,90,global_vs_premeal,0.18927273187723714,0.13309107402800768,0.2632587714399831,9.999000099990002e-05,0.00029997000299970003,1.0,CHANGES,0.11087097723682403,False
both_contribute,90,global_vs_subz,0.14072805217934267,0.08380815677778987,0.21401328278270243,9.999000099990002e-05,0.00029997000299970003,1.0,CHANGES,0.08245810675079242,False
both_contribute,90,global_vs_subcenter,0.12936008294515636,0.06900422826429611,0.2102228759256618,9.999000099990002e-05,0.00029997000299970003,1.0,CHANGES,0.06880688805022485,False
both_contribute,91,global_vs_premeal,0.1835887789594467,0.1269925261041766,0.25162004836011914,9.999000099990002e-05,0.00029997000299970003,1.0,CHANGES,0.11087097723682403,False
both_contribute,91,global_vs_subz,0.16373393276207043,0.11063341664410584,0.22743709401232723,9.999000099990002e-05,0.00029997000299970003,1.0,CHANGES,0.08245810675079242,False
both_contribute,91,global_vs_subcenter,0.14550034598861278,0.09609825068971155,0.20342733934949403,9.999000099990002e-05,0.00029997000299970003,1.0,CHANGES,0.06880688805022485,False
both_contribute,92,global_vs_premeal,0.16403778196915253,0.10003779063126696,0.23315437756572627,0.00019998000199980003,0.0005999400059994001,1.0,CHANGES,0.11087097723682403,True
both_contribute,92,global_vs_subz,0.13206671384983498,0.07062859258149266,0.19924680075859724,0.00029997000299970003,0.0005999400059994001,1.0,CHANGES,0.08245810675079242,True
both_contribute,92,global_vs_subcenter,0.12642869785076039,0.07144014655704468,0.187409469560296,0.00019998000199980003,0.0005999400059994001,1.0,CHANGES,0.06880688805022485,False
both_contribute,93,global_vs_premeal,0.1089631114956802,0.07861000919217938,0.1434135603064968,9.999000099990002e-05,0.00029997000299970003,1.0,CHANGES,0.11087097723682403,True
both_contribute,93,global_vs_subz,0.07999797289864836,0.049820354078653185,0.11364387010075602,9.999000099990002e-05,0.00029997000299970003,1.0,CHANGES,0.08245810675079242,True
both_contribute,93,global_vs_subcenter,0.06155869913737454,0.03503622164392184,0.09238761819729849,9.999000099990002e-05,0.00029997000299970003,1.0,CHANGES,0.06880688805022485,True
both_contribute,94,global_vs_premeal,0.1585450399341952,0.1070739737361467,0.21961827724408117,9.999000099990002e-05,0.00029997000299970003,1.0,CHANGES,0.11087097723682403,True
both_contribute,94,global_vs_subz,0.10800235754935061,0.05757621494761616,0.16617888595739475,9.999000099990002e-05,0.00029997000299970003,1.0,CHANGES,0.08245810675079242,True
both_contribute,94,global_vs_subcenter,0.10366183646600435,0.0533629484515582,0.1649001628076878,9.999000099990002e-05,0.00029997000299970003,1.0,CHANGES,0.06880688805022485,True
both_contribute,95,global_vs_premeal,0.1766080503387127,0.11373707846893784,0.25830068387903565,9.999000099990002e-05,0.00029997000299970003,1.0,CHANGES,0.11087097723682403,False
both_contribute,95,global_vs_subz,0.14930755446695398,0.08246766912808745,0.24150643525483054,9.999000099990002e-05,0.00029997000299970003,1.0,CHANGES,0.08245810675079242,False
both_contribute,95,global_vs_subcenter,0.13648497606962345,0.0745857779953491,0.21748097547800255,9.999000099990002e-05,0.00029997000299970003,1.0,CHANGES,0.06880688805022485,False
both_contribute,96,global_vs_premeal,0.10282441253127748,0.06812344641796107,0.14226208139768362,9.999000099990002e-05,0.00029997000299970003,1.0,CHANGES,0.11087097723682403,True
both_contribute,96,global_vs_subz,0.07335788763161451,0.042287770977232034,0.1101205777882547,0.00019998000199980003,0.00039996000399960006,1.0,CHANGES,0.08245810675079242,True
both_contribute,96,global_vs_subcenter,0.05493438384722938,0.02701857837344949,0.08757077510485875,0.00039996000399960006,0.00039996000399960006,1.0,CHANGES,0.06880688805022485,True
both_contribute,97,global_vs_premeal,0.08175410983574319,0.053108410307172615,0.11891447965430228,9.999000099990002e-05,0.00029997000299970003,1.0,CHANGES,0.11087097723682403,True
both_contribute,97,global_vs_subz,0.057500772305683075,0.02759883867865773,0.09530572630788166,0.0004999500049995,0.0004999500049995,1.0,CHANGES,0.08245810675079242,True
both_contribute,97,global_vs_subcenter,0.04904539710457113,0.02352862317836913,0.08232543701307478,0.00019998000199980003,0.00039996000399960006,1.0,CHANGES,0.06880688805022485,True
both_contribute,98,global_vs_premeal,0.13716391429200653,0.09419998179477095,0.1840765181301485,9.999000099990002e-05,0.00029997000299970003,1.0,CHANGES,0.11087097723682403,True
both_contribute,98,global_vs_subz,0.11215250947351989,0.07296912021451338,0.1568112499699314,9.999000099990002e-05,0.00029997000299970003,1.0,CHANGES,0.08245810675079242,True
both_contribute,98,global_vs_subcenter,0.10004744648041167,0.06191245211093629,0.14270246667398023,9.999000099990002e-05,0.00029997000299970003,1.0,CHANGES,0.06880688805022485,True
both_contribute,99,global_vs_premeal,0.10673941750883173,0.07524337480947467,0.14293770135834466,9.999000099990002e-05,0.00029997000299970003,1.0,CHANGES,0.11087097723682403,True
both_contribute,99,global_vs_subz,0.07229877933977535,0.044474875967606166,0.10286924232054702,0.00029997000299970003,0.0005999400059994001,1.0,CHANGES,0.08245810675079242,True
both_contribute,99,global_vs_subcenter,0.052432353311233,0.027481783827080105,0.08020304587144962,0.0005999400059994001,0.0005999400059994001,1.0,CHANGES,0.06880688805022485,True
both_contribute,100,global_vs_premeal,0.11790105495479142,0.08582615674971426,0.15927225802300687,9.999000099990002e-05,0.00029997000299970003,1.0,CHANGES,0.11087097723682403,True
both_contribute,100,global_vs_subz,0.09347672514651316,0.06334698874414549,0.1310721184715583,9.999000099990002e-05,0.00029997000299970003,1.0,CHANGES,0.08245810675079242,True
both_contribute,100,global_vs_subcenter,0.07592781124724414,0.04841285025550202,0.10987944250190994,9.999000099990002e-05,0.00029997000299970003,1.0,CHANGES,0.06880688805022485,True
both_contribute,101,global_vs_premeal,0.1376791329092351,0.09234094982156169,0.19241865208969974,9.999000099990002e-05,0.00029997000299970003,1.0,CHANGES,0.11087097723682403,True
both_contribute,101,global_vs_subz,0.10119121993355192,0.055837287723423584,0.15583179817703233,9.999000099990002e-05,0.00029997000299970003,1.0,CHANGES,0.08245810675079242,True
both_contribute,101,global_vs_subcenter,0.08923836493694515,0.043473909861816894,0.1439750820219642,0.00019998000199980003,0.00029997000299970003,1.0,CHANGES,0.06880688805022485,True
both_contribute,102,global_vs_premeal,0.12963101034183713,0.09603499781955756,0.17123594547228926,9.999000099990002e-05,0.00029997000299970003,1.0,CHANGES,0.11087097723682403,True
both_contribute,102,global_vs_subz,0.11535846433835227,0.07866884685620962,0.15737578259169313,9.999000099990002e-05,0.00029997000299970003,1.0,CHANGES,0.08245810675079242,True
both_contribute,102,global_vs_subcenter,0.08450801996858512,0.05423594962439241,0.11921889174465605,9.999000099990002e-05,0.00029997000299970003,1.0,CHANGES,0.06880688805022485,True
both_contribute,103,global_vs_premeal,0.17416966993663724,0.11765582368326523,0.2595670476571505,9.999000099990002e-05,0.00029997000299970003,1.0,CHANGES,0.11087097723682403,False
both_contribute,103,global_vs_subz,0.12699121566149368,0.07285624131323036,0.20902443719988428,9.999000099990002e-05,0.00029997000299970003,1.0,CHANGES,0.08245810675079242,True
both_contribute,103,global_vs_subcenter,0.11133306017717985,0.059019955849088694,0.1916778136175392,9.999000099990002e-05,0.00029997000299970003,1.0,CHANGES,0.06880688805022485,True
both_contribute,104,global_vs_premeal,0.09618886676226335,0.05586360391144132,0.14524035421649226,9.999000099990002e-05,0.00029997000299970003,1.0,CHANGES,0.11087097723682403,True
both_contribute,104,global_vs_subz,0.06541342570458215,0.0348415751025843,0.10249344877951985,0.00019998000199980003,0.00039996000399960006,1.0,CHANGES,0.08245810675079242,True
both_contribute,104,global_vs_subcenter,0.06033943654176537,0.030515618955068616,0.0962882810740876,0.00029997000299970003,0.00039996000399960006,1.0,CHANGES,0.06880688805022485,True
both_contribute,105,global_vs_premeal,0.1336911690871498,0.09282335232895077,0.186900932818336,9.999000099990002e-05,0.00029997000299970003,1.0,CHANGES,0.11087097723682403,True
both_contribute,105,global_vs_subz,0.09587100164440969,0.06164361697383483,0.13861402614267462,9.999000099990002e-05,0.00029997000299970003,1.0,CHANGES,0.08245810675079242,True
both_contribute,105,global_vs_subcenter,0.08402312162281517,0.049387183765312356,0.1288592057508815,9.999000099990002e-05,0.00029997000299970003,1.0,CHANGES,0.06880688805022485,True
both_contribute,106,global_vs_premeal,0.12260315200697931,0.0879453321381873,0.16394929528421395,9.999000099990002e-05,0.00029997000299970003,1.0,CHANGES,0.11087097723682403,True
both_contribute,106,global_vs_subz,0.08404035361399716,0.054654025244181996,0.11862689586250974,9.999000099990002e-05,0.00029997000299970003,1.0,CHANGES,0.08245810675079242,True
both_contribute,106,global_vs_subcenter,0.06532503100694313,0.03890519555398646,0.09653133995074162,0.00019998000199980003,0.00029997000299970003,1.0,CHANGES,0.06880688805022485,True
both_contribute,107,global_vs_premeal,0.12994590127809624,0.07523666880515957,0.21576759757386707,9.999000099990002e-05,0.00029997000299970003,1.0,CHANGES,0.11087097723682403,True
both_contribute,107,global_vs_subz,0.08992991473553257,0.036877998572215596,0.17661130755096763,0.00039996000399960006,0.0007999200079992001,1.0,CHANGES,0.08245810675079242,True
both_contribute,107,global_vs_subcenter,0.07052757450317391,0.01930060527840168,0.1573040196820742,0.0045995400459954,0.0045995400459954,1.0,CHANGES(small),0.06880688805022485,True
both_contribute,108,global_vs_premeal,0.07711028498667757,0.04969452591930296,0.10260536007465419,9.999000099990002e-05,0.00029997000299970003,1.0,CHANGES,0.11087097723682403,False
both_contribute,108,global_vs_subz,0.053325527894476824,0.031786091589530545,0.07655684207946034,9.999000099990002e-05,0.00029997000299970003,1.0,CHANGES,0.08245810675079242,False
both_contribute,108,global_vs_subcenter,0.03343211891843512,0.009837102063925582,0.058246813268886234,0.0115988401159884,0.0115988401159884,1.0,CHANGES(small),0.06880688805022485,False
both_contribute,109,global_vs_premeal,0.15886680346530885,0.09971692556804541,0.23915065169974062,9.999000099990002e-05,0.00029997000299970003,1.0,CHANGES,0.11087097723682403,True
both_contribute,109,global_vs_subz,0.12264626131988093,0.07204022914652357,0.19197255359014687,9.999000099990002e-05,0.00029997000299970003,1.0,CHANGES,0.08245810675079242,True
both_contribute,109,global_vs_subcenter,0.10121511955375864,0.049389570875257825,0.17108804957383056,9.999000099990002e-05,0.00029997000299970003,1.0,CHANGES,0.06880688805022485,True
both_contribute,110,global_vs_premeal,0.1004632095504429,0.06321007156482282,0.1401088456791609,9.999000099990002e-05,0.00029997000299970003,1.0,CHANGES,0.11087097723682403,True
both_contribute,110,global_vs_subz,0.08562344093012933,0.04929886423182723,0.1245195223290314,9.999000099990002e-05,0.00029997000299970003,1.0,CHANGES,0.08245810675079242,True
both_contribute,110,global_vs_subcenter,0.07552237474132828,0.043110755482381906,0.11200714779736756,9.999000099990002e-05,0.00029997000299970003,1.0,CHANGES,0.06880688805022485,True
both_contribute,111,global_vs_premeal,0.16302823010472078,0.1039020419478279,0.2397827198897881,9.999000099990002e-05,0.00029997000299970003,1.0,CHANGES,0.11087097723682403,True
both_contribute,111,global_vs_subz,0.125957671912817,0.07923309393823652,0.18590720382579692,9.999000099990002e-05,0.00029997000299970003,1.0,CHANGES,0.08245810675079242,True
both_contribute,111,global_vs_subcenter,0.09673074263761978,0.05063583976114016,0.15569825202409457,9.999000099990002e-05,0.00029997000299970003,1.0,CHANGES,0.06880688805022485,True
both_contribute,112,global_vs_premeal,0.1541181365911649,0.10486258182077716,0.2160815951048557,9.999000099990002e-05,0.00029997000299970003,1.0,CHANGES,0.11087097723682403,True
both_contribute,112,global_vs_subz,0.11133256009345345,0.06779128220675154,0.16850703229480674,9.999000099990002e-05,0.00029997000299970003,1.0,CHANGES,0.08245810675079242,True
both_contribute,112,global_vs_subcenter,0.0966875560454761,0.052778612057833046,0.15475453400703418,0.00019998000199980003,0.00029997000299970003,1.0,CHANGES,0.06880688805022485,True
both_contribute,113,global_vs_premeal,0.06973587600450645,0.043444525872859296,0.09917398892974152,0.00019998000199980003,0.0005999400059994001,1.0,CHANGES,0.11087097723682403,False
both_contribute,113,global_vs_subz,0.04532442555100895,0.018572936957662153,0.07645844436992738,0.0011998800119988001,0.0023997600239976003,1.0,CHANGES(small),0.08245810675079242,False
both_contribute,113,global_vs_subcenter,0.031380856449865116,0.008544246323274258,0.05710969578188037,0.011398860113988602,0.011398860113988602,1.0,CHANGES(small),0.06880688805022485,False
both_contribute,114,global_vs_premeal,0.13767367102318323,0.08541238424634673,0.197277827214573,9.999000099990002e-05,0.00029997000299970003,1.0,CHANGES,0.11087097723682403,True
both_contribute,114,global_vs_subz,0.12614316225330155,0.07989892908724314,0.17912995639319443,9.999000099990002e-05,0.00029997000299970003,1.0,CHANGES,0.08245810675079242,True
both_contribute,114,global_vs_subcenter,0.1015803818929611,0.05406389962924615,0.15713743191683988,0.00019998000199980003,0.00029997000299970003,1.0,CHANGES,0.06880688805022485,True
both_contribute,115,global_vs_premeal,0.10186507678513405,0.06671267816749792,0.1435252865443324,9.999000099990002e-05,0.00029997000299970003,1.0,CHANGES,0.11087097723682403,True
both_contribute,115,global_vs_subz,0.0834312515964902,0.051200489653239506,0.12336176510785762,9.999000099990002e-05,0.00029997000299970003,1.0,CHANGES,0.08245810675079242,True
both_contribute,115,global_vs_subcenter,0.07237171615084456,0.04106773938291272,0.11084445189867699,9.999000099990002e-05,0.00029997000299970003,1.0,CHANGES,0.06880688805022485,True
both_contribute,116,global_vs_premeal,0.09129032900144524,0.058774975464452185,0.12925258482419144,9.999000099990002e-05,0.00029997000299970003,1.0,CHANGES,0.11087097723682403,True
both_contribute,116,global_vs_subz,0.09741733730970273,0.06588036486040871,0.1349832921765799,9.999000099990002e-05,0.00029997000299970003,1.0,CHANGES,0.08245810675079242,True
both_contribute,116,global_vs_subcenter,0.07334023868212347,0.04600250257771813,0.10590546187942051,9.999000099990002e-05,0.00029997000299970003,1.0,CHANGES,0.06880688805022485,True
both_contribute,117,global_vs_premeal,0.11774629101606712,0.08025294765728891,0.15943622578986472,9.999000099990002e-05,0.00029997000299970003,1.0,CHANGES,0.11087097723682403,True
both_contribute,117,global_vs_subz,0.11205787271431095,0.0733640042599196,0.1631536925013445,9.999000099990002e-05,0.00029997000299970003,1.0,CHANGES,0.08245810675079242,True
both_contribute,117,global_vs_subcenter,0.06883808786842915,0.041770244807006515,0.10150810008354237,9.999000099990002e-05,0.00029997000299970003,1.0,CHANGES,0.06880688805022485,True
both_contribute,118,global_vs_premeal,0.1832325447436806,0.1171705007099703,0.2624787900902838,9.999000099990002e-05,0.00029997000299970003,1.0,CHANGES,0.11087097723682403,False
both_contribute,118,global_vs_subz,0.1519378618006171,0.0833610129260384,0.23116348116670293,9.999000099990002e-05,0.00029997000299970003,1.0,CHANGES,0.08245810675079242,False
both_contribute,118,global_vs_subcenter,0.14311132841542185,0.07889515794863768,0.21893656680977025,9.999000099990002e-05,0.00029997000299970003,1.0,CHANGES,0.06880688805022485,False
both_contribute,119,global_vs_premeal,0.12020957666802772,0.08089869559652807,0.17032690792890692,9.999000099990002e-05,0.00029997000299970003,1.0,CHANGES,0.11087097723682403,True
both_contribute,119,global_vs_subz,0.10123840113069571,0.062009236499135055,0.15311021703283087,9.999000099990002e-05,0.00029997000299970003,1.0,CHANGES,0.08245810675079242,True
both_contribute,119,global_vs_subcenter,0.08684526109870515,0.05113972531401784,0.1331578160633805,9.999000099990002e-05,0.00029997000299970003,1.0,CHANGES,0.06880688805022485,True
both_contribute,120,global_vs_premeal,0.11995381108556752,0.07676481042707449,0.18107986734939732,9.999000099990002e-05,0.00029997000299970003,1.0,CHANGES,0.11087097723682403,True
both_contribute,120,global_vs_subz,0.06624209215450909,0.03015927930329198,0.11335283323731848,0.0004999500049995,0.000999900009999,1.0,CHANGES,0.08245810675079242,True
both_contribute,120,global_vs_subcenter,0.05826013231069885,0.02359991845086139,0.1054565400504507,0.0010998900109989002,0.0010998900109989002,1.0,CHANGES,0.06880688805022485,True
both_contribute,121,global_vs_premeal,0.12748691987134894,0.08188876036219672,0.185182071913174,9.999000099990002e-05,0.00029997000299970003,1.0,CHANGES,0.11087097723682403,True
both_contribute,121,global_vs_subz,0.10938056180309179,0.0649689081974728,0.1695876959152272,9.999000099990002e-05,0.00029997000299970003,1.0,CHANGES,0.08245810675079242,True
both_contribute,121,global_vs_subcenter,0.08286005372976718,0.04114883007123882,0.13674691652853033,9.999000099990002e-05,0.00029997000299970003,1.0,CHANGES,0.06880688805022485,True
both_contribute,122,global_vs_premeal,0.11194929121291687,0.06996219110496749,0.16363605094709932,9.999000099990002e-05,0.00029997000299970003,1.0,CHANGES,0.11087097723682403,True
both_contribute,122,global_vs_subz,0.10114139402500083,0.06144905687333197,0.14999215579724667,9.999000099990002e-05,0.00029997000299970003,1.0,CHANGES,0.08245810675079242,True
both_contribute,122,global_vs_subcenter,0.07800318682819936,0.03904679295846808,0.12511158036808426,0.00019998000199980003,0.00029997000299970003,1.0,CHANGES,0.06880688805022485,True
both_contribute,123,global_vs_premeal,0.12346566810615872,0.07284117729207853,0.17728838649179113,9.999000099990002e-05,0.00029997000299970003,1.0,CHANGES,0.11087097723682403,True
both_contribute,123,global_vs_subz,0.10766879246958753,0.06709136022090137,0.15261130123506378,9.999000099990002e-05,0.00029997000299970003,1.0,CHANGES,0.08245810675079242,True
both_contribute,123,global_vs_subcenter,0.09227595494944993,0.0495534722628854,0.13731459923280745,0.00029997000299970003,0.00029997000299970003,1.0,CHANGES,0.06880688805022485,True
both_contribute,124,global_vs_premeal,0.1710789546272329,0.12200443156067302,0.22456198622540727,9.999000099990002e-05,0.00029997000299970003,1.0,CHANGES,0.11087097723682403,False
both_contribute,124,global_vs_subz,0.14236280872146218,0.09433689304352653,0.19144385186219506,9.999000099990002e-05,0.00029997000299970003,1.0,CHANGES,0.08245810675079242,False
both_contribute,124,global_vs_subcenter,0.12375014687137266,0.07581607128760347,0.1747096455007072,9.999000099990002e-05,0.00029997000299970003,1.0,CHANGES,0.06880688805022485,False
both_contribute,125,global_vs_premeal,0.07768304523724483,0.0466540465819699,0.11406328653629724,0.00019998000199980003,0.00039996000399960006,1.0,CHANGES,0.11087097723682403,True
both_contribute,125,global_vs_subz,0.057493481889378556,0.03235713816862872,0.08844154025168065,9.999000099990002e-05,0.00029997000299970003,1.0,CHANGES,0.08245810675079242,True
both_contribute,125,global_vs_subcenter,0.04782835819487337,0.02378989543854375,0.07649909996519479,0.0005999400059994001,0.0005999400059994001,1.0,CHANGES,0.06880688805022485,True
both_contribute,126,global_vs_premeal,0.1178993137958993,0.06954540403787586,0.18812828107053226,9.999000099990002e-05,0.00029997000299970003,1.0,CHANGES,0.11087097723682403,True
both_contribute,126,global_vs_subz,0.09621904638201753,0.05207808783519358,0.1629573538722019,9.999000099990002e-05,0.00029997000299970003,1.0,CHANGES,0.08245810675079242,True
both_contribute,126,global_vs_subcenter,0.07949281730063759,0.0383102658338428,0.13968286984294773,9.999000099990002e-05,0.00029997000299970003,1.0,CHANGES,0.06880688805022485,True
both_contribute,127,global_vs_premeal,0.14252012482383314,0.09400558072087067,0.19976216314462525,9.999000099990002e-05,0.00029997000299970003,1.0,CHANGES,0.11087097723682403,True
both_contribute,127,global_vs_subz,0.12951753628170326,0.08102987947671172,0.18775592882271502,9.999000099990002e-05,0.00029997000299970003,1.0,CHANGES,0.08245810675079242,True
both_contribute,127,global_vs_subcenter,0.11342172361737336,0.0649337555311874,0.17314784851086926,9.999000099990002e-05,0.00029997000299970003,1.0,CHANGES,0.06880688805022485,True
both_contribute,128,global_vs_premeal,0.10997442909359875,0.06438477260625142,0.16861164698751074,9.999000099990002e-05,0.00029997000299970003,1.0,CHANGES,0.11087097723682403,True
both_contribute,128,global_vs_subz,0.07029763113607947,0.03310262558712285,0.12058402855558929,0.0008999100089991,0.0017998200179982,1.0,CHANGES,0.08245810675079242,True
both_contribute,128,global_vs_subcenter,0.05488561640290124,0.01888752368131195,0.10285107417533554,0.0064993500649935,0.0064993500649935,1.0,CHANGES(small),0.06880688805022485,True
both_contribute,129,global_vs_premeal,0.09662060499357715,0.06387479455682743,0.13762663999146132,9.999000099990002e-05,0.00029997000299970003,1.0,CHANGES,0.11087097723682403,True
both_contribute,129,global_vs_subz,0.08230938959504935,0.0543760756383462,0.1181140474346952,9.999000099990002e-05,0.00029997000299970003,1.0,CHANGES,0.08245810675079242,True
both_contribute,129,global_vs_subcenter,0.06414946411483205,0.038004315717026796,0.09674009544039153,9.999000099990002e-05,0.00029997000299970003,1.0,CHANGES,0.06880688805022485,True
both_contribute,130,global_vs_premeal,0.13008089129434175,0.09194186404789628,0.17912582238697503,9.999000099990002e-05,0.00029997000299970003,1.0,CHANGES,0.11087097723682403,True
both_contribute,130,global_vs_subz,0.10496947709387801,0.06010699954056793,0.15682746839237005,9.999000099990002e-05,0.00029997000299970003,1.0,CHANGES,0.08245810675079242,True
both_contribute,130,global_vs_subcenter,0.08818038006966153,0.04912365162999144,0.13096324699511042,9.999000099990002e-05,0.00029997000299970003,1.0,CHANGES,0.06880688805022485,True
both_contribute,131,global_vs_premeal,0.12933511924295682,0.0629277567616663,0.2154480232193742,0.00019998000199980003,0.0005999400059994001,1.0,CHANGES,0.11087097723682403,True
both_contribute,131,global_vs_subz,0.10040321846055077,0.03851819539178191,0.17880055278716728,0.0012998700129987,0.0025997400259974,1.0,CHANGES,0.08245810675079242,True
both_contribute,131,global_vs_subcenter,0.09944601170843731,0.035871138065618514,0.17957307648429122,0.0025997400259974,0.0025997400259974,1.0,CHANGES,0.06880688805022485,True
both_contribute,132,global_vs_premeal,0.16003214826564782,0.11611024467507412,0.21341448816846043,9.999000099990002e-05,0.00029997000299970003,1.0,CHANGES,0.11087097723682403,False
both_contribute,132,global_vs_subz,0.107813008349286,0.06901121405753698,0.15303905610795965,9.999000099990002e-05,0.00029997000299970003,1.0,CHANGES,0.08245810675079242,True
both_contribute,132,global_vs_subcenter,0.10191719837431298,0.06521311964391749,0.1458906625311856,9.999000099990002e-05,0.00029997000299970003,1.0,CHANGES,0.06880688805022485,True
both_contribute,133,global_vs_premeal,0.12983908926299606,0.08953359539924496,0.17390034044402514,9.999000099990002e-05,0.00029997000299970003,1.0,CHANGES,0.11087097723682403,True
both_contribute,133,global_vs_subz,0.0852189168224491,0.04322765297646537,0.13225151218682596,0.00039996000399960006,0.00039996000399960006,1.0,CHANGES,0.08245810675079242,True
both_contribute,133,global_vs_subcenter,0.07721303473575376,0.03761576816051235,0.12123335251817817,9.999000099990002e-05,0.00029997000299970003,1.0,CHANGES,0.06880688805022485,True
both_contribute,134,global_vs_premeal,0.1570055210966429,0.11185241117598138,0.2069326860296634,9.999000099990002e-05,0.00029997000299970003,1.0,CHANGES,0.11087097723682403,False
both_contribute,134,global_vs_subz,0.09524079392995398,0.05914237665848309,0.13991377322961204,9.999000099990002e-05,0.00029997000299970003,1.0,CHANGES,0.08245810675079242,True
both_contribute,134,global_vs_subcenter,0.06921892761229766,0.034004237912370686,0.11101827960632266,9.999000099990002e-05,0.00029997000299970003,1.0,CHANGES,0.06880688805022485,True
both_contribute,135,global_vs_premeal,0.08766316747664425,0.04706747893348159,0.1349665754144816,9.999000099990002e-05,0.00029997000299970003,1.0,CHANGES,0.11087097723682403,True
both_contribute,135,global_vs_subz,0.07385785751815817,0.03822037584947805,0.11796098705789392,0.00019998000199980003,0.00039996000399960006,1.0,CHANGES,0.08245810675079242,True
both_contribute,135,global_vs_subcenter,0.05670391581635824,0.023570420576984424,0.09731893942634585,0.0017998200179982,0.0017998200179982,1.0,CHANGES,0.06880688805022485,True
both_contribute,136,global_vs_premeal,0.17151691138652914,0.11317531335033251,0.24613145258778013,9.999000099990002e-05,0.00029997000299970003,1.0,CHANGES,0.11087097723682403,False
both_contribute,136,global_vs_subz,0.13782286760761417,0.08252450095881535,0.20646544489819071,9.999000099990002e-05,0.00029997000299970003,1.0,CHANGES,0.08245810675079242,False
both_contribute,136,global_vs_subcenter,0.13158455468863817,0.0771242029466801,0.20108324254605947,9.999000099990002e-05,0.00029997000299970003,1.0,CHANGES,0.06880688805022485,False
both_contribute,137,global_vs_premeal,0.1541693900784135,0.10902635179430561,0.20816575977970753,9.999000099990002e-05,0.00029997000299970003,1.0,CHANGES,0.11087097723682403,True
both_contribute,137,global_vs_subz,0.11510502043841808,0.07318989641377005,0.16612096763862177,9.999000099990002e-05,0.00029997000299970003,1.0,CHANGES,0.08245810675079242,True
both_contribute,137,global_vs_subcenter,0.10663221133769635,0.06461654023353593,0.1572207451142092,9.999000099990002e-05,0.00029997000299970003,1.0,CHANGES,0.06880688805022485,True
both_contribute,138,global_vs_premeal,0.12140658445393536,0.08521855995696648,0.1639203576729201,9.999000099990002e-05,0.00029997000299970003,1.0,CHANGES,0.11087097723682403,True
both_contribute,138,global_vs_subz,0.11046911824778663,0.0789307203294298,0.14915930460167484,9.999000099990002e-05,0.00029997000299970003,1.0,CHANGES,0.08245810675079242,True
both_contribute,138,global_vs_subcenter,0.08594233398100772,0.05566136671565972,0.12305327295447462,9.999000099990002e-05,0.00029997000299970003,1.0,CHANGES,0.06880688805022485,True
both_contribute,139,global_vs_premeal,0.11052532888396535,0.07171951882281638,0.15740155188328686,9.999000099990002e-05,0.00029997000299970003,1.0,CHANGES,0.11087097723682403,True
both_contribute,139,global_vs_subz,0.08276260020627983,0.05019237553515021,0.12059521329022455,9.999000099990002e-05,0.00029997000299970003,1.0,CHANGES,0.08245810675079242,True
both_contribute,139,global_vs_subcenter,0.06430379275176648,0.03466952241704954,0.09862290168207513,9.999000099990002e-05,0.00029997000299970003,1.0,CHANGES,0.06880688805022485,True
both_contribute,140,global_vs_premeal,0.09423888112246918,0.047794764945818566,0.16176965611159352,9.999000099990002e-05,0.00029997000299970003,1.0,CHANGES,0.11087097723682403,True
both_contribute,140,global_vs_subz,0.0848125900246174,0.03366405005365173,0.15802621308785395,0.0005999400059994001,0.0011998800119988001,1.0,CHANGES,0.08245810675079242,True
both_contribute,140,global_vs_subcenter,0.06288709416676594,0.01832773601593955,0.13087551838654882,0.003999600039996,0.003999600039996,1.0,CHANGES(small),0.06880688805022485,True
both_contribute,141,global_vs_premeal,0.17276667154612937,0.12157596868164036,0.23699189662125578,9.999000099990002e-05,0.00029997000299970003,1.0,CHANGES,0.11087097723682403,False
both_contribute,141,global_vs_subz,0.1661442632352829,0.11541041260304846,0.23129765377015543,9.999000099990002e-05,0.00029997000299970003,1.0,CHANGES,0.08245810675079242,False
both_contribute,141,global_vs_subcenter,0.14797304782873322,0.1005261847908977,0.20982047300292797,9.999000099990002e-05,0.00029997000299970003,1.0,CHANGES,0.06880688805022485,False
both_contribute,142,global_vs_premeal,0.1090025167661298,0.06545540800267602,0.16235618774071997,9.999000099990002e-05,0.00029997000299970003,1.0,CHANGES,0.11087097723682403,True
both_contribute,142,global_vs_subz,0.08352425677809276,0.040949121907402304,0.1374613194991553,9.999000099990002e-05,0.00029997000299970003,1.0,CHANGES,0.08245810675079242,True
both_contribute,142,global_vs_subcenter,0.06996088690250633,0.02727075540015357,0.12585549332507992,0.0005999400059994001,0.0005999400059994001,1.0,CHANGES,0.06880688805022485,True
both_contribute,143,global_vs_premeal,0.14257702748963705,0.08839358037879838,0.2047398862863773,9.999000099990002e-05,0.00029997000299970003,1.0,CHANGES,0.11087097723682403,True
both_contribute,143,global_vs_subz,0.12346565385816388,0.0753407050830179,0.18004780518778318,9.999000099990002e-05,0.00029997000299970003,1.0,CHANGES,0.08245810675079242,True
both_contribute,143,global_vs_subcenter,0.10741277243849831,0.05987201710622699,0.16110861322215708,9.999000099990002e-05,0.00029997000299970003,1.0,CHANGES,0.06880688805022485,True
both_contribute,144,global_vs_premeal,0.14403593767020972,0.08574102937316738,0.2144399993593193,9.999000099990002e-05,0.00029997000299970003,1.0,CHANGES,0.11087097723682403,True
both_contribute,144,global_vs_subz,0.12832909409441343,0.07253379974125383,0.19724218206087757,9.999000099990002e-05,0.00029997000299970003,1.0,CHANGES,0.08245810675079242,True
both_contribute,144,global_vs_subcenter,0.10421747856041995,0.049715643272090895,0.1703108048799827,9.999000099990002e-05,0.00029997000299970003,1.0,CHANGES,0.06880688805022485,True
both_contribute,145,global_vs_premeal,0.20419015456410877,0.14310742684559224,0.2757372878268731,9.999000099990002e-05,0.00029997000299970003,1.0,CHANGES,0.11087097723682403,False
both_contribute,145,global_vs_subz,0.17557282767982452,0.11914434694001211,0.2453940314083184,9.999000099990002e-05,0.00029997000299970003,1.0,CHANGES,0.08245810675079242,False
both_contribute,145,global_vs_subcenter,0.16055525594136186,0.10560125003064724,0.22776011543973385,9.999000099990002e-05,0.00029997000299970003,1.0,CHANGES,0.06880688805022485,False
both_contribute,146,global_vs_premeal,0.12661306338325096,0.09136496412054487,0.161834532214647,9.999000099990002e-05,0.00029997000299970003,1.0,CHANGES,0.11087097723682403,True
both_contribute,146,global_vs_subz,0.08422577529943667,0.05252951596929233,0.11745259826539163,9.999000099990002e-05,0.00029997000299970003,1.0,CHANGES,0.08245810675079242,True
both_contribute,146,global_vs_subcenter,0.06790110493388073,0.036671895417451195,0.10140771086602254,0.0005999400059994001,0.0005999400059994001,1.0,CHANGES,0.06880688805022485,True
both_contribute,147,global_vs_premeal,0.14272906118204087,0.10326819155778828,0.18325799373202084,9.999000099990002e-05,0.00029997000299970003,1.0,CHANGES,0.11087097723682403,True
both_contribute,147,global_vs_subz,0.11070436263514405,0.0734059317434308,0.15004124609986713,9.999000099990002e-05,0.00029997000299970003,1.0,CHANGES,0.08245810675079242,True
both_contribute,147,global_vs_subcenter,0.09357268271353629,0.05978477552181214,0.1287788970844002,9.999000099990002e-05,0.00029997000299970003,1.0,CHANGES,0.06880688805022485,True
both_contribute,148,global_vs_premeal,0.13679401689897328,0.08204257436533124,0.21958893638273344,9.999000099990002e-05,0.00029997000299970003,1.0,CHANGES,0.11087097723682403,True
both_contribute,148,global_vs_subz,0.12079881762076823,0.06766797322326576,0.2016913068166011,9.999000099990002e-05,0.00029997000299970003,1.0,CHANGES,0.08245810675079242,True
both_contribute,148,global_vs_subcenter,0.10125381239811376,0.05483901858088247,0.17470715706023743,9.999000099990002e-05,0.00029997000299970003,1.0,CHANGES,0.06880688805022485,True
both_contribute,149,global_vs_premeal,0.13896009016981103,0.09903472879508717,0.18639058593711588,9.999000099990002e-05,0.00029997000299970003,1.0,CHANGES,0.11087097723682403,True
both_contribute,149,global_vs_subz,0.09997490472731706,0.06364854250689879,0.14365485583053778,9.999000099990002e-05,0.00029997000299970003,1.0,CHANGES,0.08245810675079242,True
both_contribute,149,global_vs_subcenter,0.09036536852106346,0.054273565884396295,0.13329007936713366,9.999000099990002e-05,0.00029997000299970003,1.0,CHANGES,0.06880688805022485,True
both_contribute,150,global_vs_premeal,0.16929168590702146,0.12205217460082379,0.22517093318603706,9.999000099990002e-05,0.00029997000299970003,1.0,CHANGES,0.11087097723682403,False
both_contribute,150,global_vs_subz,0.14701566348034076,0.09891745641945639,0.20213467746166408,9.999000099990002e-05,0.00029997000299970003,1.0,CHANGES,0.08245810675079242,False
both_contribute,150,global_vs_subcenter,0.11859901428312224,0.07405621982044236,0.170947287615194,9.999000099990002e-05,0.00029997000299970003,1.0,CHANGES,0.06880688805022485,False
both_contribute,151,global_vs_premeal,0.16333133950363274,0.10201597880061011,0.23673166234422877,9.999000099990002e-05,0.00029997000299970003,1.0,CHANGES,0.11087097723682403,True
both_contribute,151,global_vs_subz,0.1372972570008141,0.07904970869376617,0.20533938986105033,9.999000099990002e-05,0.00029997000299970003,1.0,CHANGES,0.08245810675079242,True
both_contribute,151,global_vs_subcenter,0.12467617049204256,0.0680193666019053,0.1913082507641281,9.999000099990002e-05,0.00029997000299970003,1.0,CHANGES,0.06880688805022485,True
both_contribute,152,global_vs_premeal,0.15069072750272616,0.09644129259001502,0.22069895495162947,9.999000099990002e-05,0.00029997000299970003,1.0,CHANGES,0.11087097723682403,True
both_contribute,152,global_vs_subz,0.12748898957648283,0.08160028528948532,0.1882353936339352,9.999000099990002e-05,0.00029997000299970003,1.0,CHANGES,0.08245810675079242,True
both_contribute,152,global_vs_subcenter,0.11348835571425141,0.06799705926124097,0.17220951431350753,9.999000099990002e-05,0.00029997000299970003,1.0,CHANGES,0.06880688805022485,True
both_contribute,153,global_vs_premeal,0.1220664090233028,0.08808937464413122,0.16380495559043168,9.999000099990002e-05,0.00029997000299970003,1.0,CHANGES,0.11087097723682403,True
both_contribute,153,global_vs_subz,0.08432054965197928,0.048791119592469914,0.127893322765544,0.00019998000199980003,0.00039996000399960006,1.0,CHANGES,0.08245810675079242,True
both_contribute,153,global_vs_subcenter,0.07002610631357584,0.038152291205723984,0.11053322013337323,0.00019998000199980003,0.00039996000399960006,1.0,CHANGES,0.06880688805022485,True
both_contribute,154,global_vs_premeal,0.10397698554743759,0.07146756568103746,0.14539755651282169,9.999000099990002e-05,0.00029997000299970003,1.0,CHANGES,0.11087097723682403,True
both_contribute,154,global_vs_subz,0.08024908045901527,0.04820392571311499,0.12195916892135024,9.999000099990002e-05,0.00029997000299970003,1.0,CHANGES,0.08245810675079242,True
both_contribute,154,global_vs_subcenter,0.055794057514655264,0.02863095035133738,0.09206806969542486,0.00019998000199980003,0.00029997000299970003,1.0,CHANGES,0.06880688805022485,True
both_contribute,155,global_vs_premeal,0.11376003847020477,0.06727056565760146,0.17030432442172885,9.999000099990002e-05,0.00029997000299970003,1.0,CHANGES,0.11087097723682403,True
both_contribute,155,global_vs_subz,0.09402052289529343,0.04989865752135445,0.14620002329798631,9.999000099990002e-05,0.00029997000299970003,1.0,CHANGES,0.08245810675079242,True
both_contribute,155,global_vs_subcenter,0.07178618339505784,0.030936674198137556,0.12132891996825484,0.0010998900109989002,0.0010998900109989002,1.0,CHANGES,0.06880688805022485,True
both_contribute,156,global_vs_premeal,0.1284773710972277,0.07772342349931609,0.1933931124303392,9.999000099990002e-05,0.00029997000299970003,1.0,CHANGES,0.11087097723682403,True
both_contribute,156,global_vs_subz,0.10502219763823167,0.050696537686096735,0.16949419767642163,9.999000099990002e-05,0.00029997000299970003,1.0,CHANGES,0.08245810675079242,True
both_contribute,156,global_vs_subcenter,0.09336526787380445,0.04098011088458203,0.15956420164855795,9.999000099990002e-05,0.00029997000299970003,1.0,CHANGES,0.06880688805022485,True
both_contribute,157,global_vs_premeal,0.10705554908631312,0.07641705680543417,0.14423169901324961,9.999000099990002e-05,0.00029997000299970003,1.0,CHANGES,0.11087097723682403,True
both_contribute,157,global_vs_subz,0.091824723903772,0.05812740517329849,0.13378157095834017,9.999000099990002e-05,0.00029997000299970003,1.0,CHANGES,0.08245810675079242,True
both_contribute,157,global_vs_subcenter,0.06831757635331798,0.0421102510881068,0.10120379100676552,9.999000099990002e-05,0.00029997000299970003,1.0,CHANGES,0.06880688805022485,True
both_contribute,158,global_vs_premeal,0.12631454281938198,0.07916734912854284,0.17300975391938717,0.00019998000199980003,0.00039996000399960006,1.0,CHANGES,0.11087097723682403,True
both_contribute,158,global_vs_subz,0.11094537108346482,0.07005192490440029,0.1557526820208172,9.999000099990002e-05,0.00029997000299970003,1.0,CHANGES,0.08245810675079242,True
both_contribute,158,global_vs_subcenter,0.08576686861017695,0.045885329126067395,0.12665959715569544,0.00019998000199980003,0.00039996000399960006,1.0,CHANGES,0.06880688805022485,True
both_contribute,159,global_vs_premeal,0.1840894374086273,0.1282865737575046,0.24876362943444608,9.999000099990002e-05,0.00029997000299970003,1.0,CHANGES,0.11087097723682403,False
both_contribute,159,global_vs_subz,0.16359598911142065,0.11150174305387292,0.2212053120531364,9.999000099990002e-05,0.00029997000299970003,1.0,CHANGES,0.08245810675079242,False
both_contribute,159,global_vs_subcenter,0.14196488854593642,0.09069506001257469,0.1994997869179338,9.999000099990002e-05,0.00029997000299970003,1.0,CHANGES,0.06880688805022485,False
both_contribute,160,global_vs_premeal,0.20311738795194592,0.12930054423705292,0.28426307396491546,9.999000099990002e-05,0.00029997000299970003,1.0,CHANGES,0.11087097723682403,False
both_contribute,160,global_vs_subz,0.1874448555377156,0.10994770949484067,0.2732060699891835,9.999000099990002e-05,0.00029997000299970003,1.0,CHANGES,0.08245810675079242,False
both_contribute,160,global_vs_subcenter,0.15813237671582775,0.08779315886674015,0.23763717430011225,9.999000099990002e-05,0.00029997000299970003,1.0,CHANGES,0.06880688805022485,False
both_contribute,161,global_vs_premeal,0.12367849348936483,0.07448628036907072,0.18514750504687597,9.999000099990002e-05,0.00029997000299970003,1.0,CHANGES,0.11087097723682403,True
both_contribute,161,global_vs_subz,0.10456365602221446,0.06138697179796968,0.1592551106701545,9.999000099990002e-05,0.00029997000299970003,1.0,CHANGES,0.08245810675079242,True
both_contribute,161,global_vs_subcenter,0.08196454961822368,0.04217483590770639,0.13208849016542956,0.00029997000299970003,0.00029997000299970003,1.0,CHANGES,0.06880688805022485,True
both_contribute,162,global_vs_premeal,0.15311294771973527,0.10528933571446486,0.2104971877561066,9.999000099990002e-05,0.00029997000299970003,1.0,CHANGES,0.11087097723682403,True
both_contribute,162,global_vs_subz,0.13306029448029444,0.08349845270978283,0.19407046289831395,9.999000099990002e-05,0.00029997000299970003,1.0,CHANGES,0.08245810675079242,False
both_contribute,162,global_vs_subcenter,0.11067050478446028,0.06225773446869237,0.17097723283559865,9.999000099990002e-05,0.00029997000299970003,1.0,CHANGES,0.06880688805022485,True
both_contribute,163,global_vs_premeal,0.11797654185686698,0.07854514897592177,0.1696615171482854,9.999000099990002e-05,0.00029997000299970003,1.0,CHANGES,0.11087097723682403,True
both_contribute,163,global_vs_subz,0.07654557200161544,0.04178084025976146,0.11878737625936295,9.999000099990002e-05,0.00029997000299970003,1.0,CHANGES,0.08245810675079242,True
both_contribute,163,global_vs_subcenter,0.07395391222244146,0.04295864766358918,0.11431727493445315,9.999000099990002e-05,0.00029997000299970003,1.0,CHANGES,0.06880688805022485,True
both_contribute,164,global_vs_premeal,0.15190467838107224,0.09481322442463105,0.22268175587766614,9.999000099990002e-05,0.00029997000299970003,1.0,CHANGES,0.11087097723682403,True
both_contribute,164,global_vs_subz,0.127226606453819,0.0704461804389734,0.19600683790012882,9.999000099990002e-05,0.00029997000299970003,1.0,CHANGES,0.08245810675079242,True
both_contribute,164,global_vs_subcenter,0.11083258198169249,0.053489255721604914,0.18184398688000614,0.0004999500049995,0.0004999500049995,1.0,CHANGES,0.06880688805022485,True
both_contribute,165,global_vs_premeal,0.10714552542950168,0.07199869702112359,0.1512242386155087,9.999000099990002e-05,0.00029997000299970003,1.0,CHANGES,0.11087097723682403,True
both_contribute,165,global_vs_subz,0.06977574954536522,0.036222753061417624,0.11031847830509112,0.00029997000299970003,0.0005999400059994001,1.0,CHANGES,0.08245810675079242,True
both_contribute,165,global_vs_subcenter,0.06864889761323202,0.03763555529433528,0.10497635438587764,0.00029997000299970003,0.0005999400059994001,1.0,CHANGES,0.06880688805022485,True
both_contribute,166,global_vs_premeal,0.13954823214605783,0.08495400231141943,0.2084838161377693,9.999000099990002e-05,0.00029997000299970003,1.0,CHANGES,0.11087097723682403,True
both_contribute,166,global_vs_subz,0.12284600155141735,0.07047847304874402,0.18882477352699856,9.999000099990002e-05,0.00029997000299970003,1.0,CHANGES,0.08245810675079242,True
both_contribute,166,global_vs_subcenter,0.10857847975775539,0.05822445747061187,0.1732441421497918,9.999000099990002e-05,0.00029997000299970003,1.0,CHANGES,0.06880688805022485,True
both_contribute,167,global_vs_premeal,0.10008582101050044,0.06671900289172018,0.1446979550680446,9.999000099990002e-05,0.00029997000299970003,1.0,CHANGES,0.11087097723682403,True
both_contribute,167,global_vs_subz,0.06133215032162597,0.031701955099810934,0.10174183008893314,9.999000099990002e-05,0.00029997000299970003,1.0,CHANGES,0.08245810675079242,True
both_contribute,167,global_vs_subcenter,0.04309046920254373,0.02007197706394263,0.07479910687511973,9.999000099990002e-05,0.00029997000299970003,1.0,CHANGES,0.06880688805022485,True
both_contribute,168,global_vs_premeal,0.10425192975381212,0.06430435559779406,0.15888723999371618,9.999000099990002e-05,0.00029997000299970003,1.0,CHANGES,0.11087097723682403,True
both_contribute,168,global_vs_subz,0.07188550681402374,0.0401079864743381,0.11664328004608185,9.999000099990002e-05,0.00029997000299970003,1.0,CHANGES,0.08245810675079242,True
both_contribute,168,global_vs_subcenter,0.062170926778892376,0.026762214686407108,0.11258299775138182,0.0004999500049995,0.0004999500049995,1.0,CHANGES,0.06880688805022485,True
both_contribute,169,global_vs_premeal,0.10329911401814762,0.05821268175750703,0.16377366491916345,9.999000099990002e-05,0.00029997000299970003,1.0,CHANGES,0.11087097723682403,True
both_contribute,169,global_vs_subz,0.08460461586208709,0.043560136044992905,0.13809324356530558,9.999000099990002e-05,0.00029997000299970003,1.0,CHANGES,0.08245810675079242,True
both_contribute,169,global_vs_subcenter,0.0681778359812452,0.030246368325358066,0.12246629598988612,0.00039996000399960006,0.00039996000399960006,1.0,CHANGES,0.06880688805022485,True
both_contribute,170,global_vs_premeal,0.14125614131693998,0.09178477065327653,0.20195154398960052,9.999000099990002e-05,0.00029997000299970003,1.0,CHANGES,0.11087097723682403,True
both_contribute,170,global_vs_subz,0.09702782130566881,0.05189909024089188,0.15575914686231526,9.999000099990002e-05,0.00029997000299970003,1.0,CHANGES,0.08245810675079242,True
both_contribute,170,global_vs_subcenter,0.07827679306162386,0.03268405080777602,0.1362544455095106,0.0008999100089991,0.0008999100089991,1.0,CHANGES,0.06880688805022485,True
both_contribute,171,global_vs_premeal,0.1315405513367041,0.0860614409103155,0.18138745171103918,9.999000099990002e-05,0.00029997000299970003,1.0,CHANGES,0.11087097723682403,True
both_contribute,171,global_vs_subz,0.10286746429368245,0.06106926074969869,0.14963760681593188,9.999000099990002e-05,0.00029997000299970003,1.0,CHANGES,0.08245810675079242,True
both_contribute,171,global_vs_subcenter,0.08562406196972722,0.04306716273629913,0.1331562519681457,9.999000099990002e-05,0.00029997000299970003,1.0,CHANGES,0.06880688805022485,True
both_contribute,172,global_vs_premeal,0.10143625062008756,0.06482870026340094,0.1499665449389321,9.999000099990002e-05,0.00029997000299970003,1.0,CHANGES,0.11087097723682403,True
both_contribute,172,global_vs_subz,0.0851885694736409,0.04308914319388832,0.1396410580365428,9.999000099990002e-05,0.00029997000299970003,1.0,CHANGES,0.08245810675079242,True
both_contribute,172,global_vs_subcenter,0.07190008211450573,0.0349944891118443,0.1202763465656102,9.999000099990002e-05,0.00029997000299970003,1.0,CHANGES,0.06880688805022485,True
both_contribute,173,global_vs_premeal,0.1570271585389875,0.08345465103459773,0.23924418727354696,9.999000099990002e-05,0.00029997000299970003,1.0,CHANGES,0.11087097723682403,True
both_contribute,173,global_vs_subz,0.14629449266415814,0.08268257622976319,0.21909857318621515,9.999000099990002e-05,0.00029997000299970003,1.0,CHANGES,0.08245810675079242,False
both_contribute,173,global_vs_subcenter,0.12112515704509079,0.05567493743383442,0.19424039181731617,9.999000099990002e-05,0.00029997000299970003,1.0,CHANGES,0.06880688805022485,True
both_contribute,174,global_vs_premeal,0.10584092562990537,0.06435661856225185,0.15603810747721406,0.00019998000199980003,0.0005999400059994001,1.0,CHANGES,0.11087097723682403,True
both_contribute,174,global_vs_subz,0.09433789981899354,0.056790637629473846,0.14154544329728358,0.00019998000199980003,0.0005999400059994001,1.0,CHANGES,0.08245810675079242,True
both_contribute,174,global_vs_subcenter,0.07352907969466368,0.03632649831126195,0.11955838087837956,0.00039996000399960006,0.0005999400059994001,1.0,CHANGES,0.06880688805022485,True
both_contribute,175,global_vs_premeal,0.13916186951226636,0.0889987673842321,0.20098680865866156,9.999000099990002e-05,0.00029997000299970003,1.0,CHANGES,0.11087097723682403,True
both_contribute,175,global_vs_subz,0.09680377626701711,0.051516636099128675,0.1509770304766192,9.999000099990002e-05,0.00029997000299970003,1.0,CHANGES,0.08245810675079242,True
both_contribute,175,global_vs_subcenter,0.09087479012278092,0.04443044213378809,0.14816459901384996,0.00019998000199980003,0.00029997000299970003,1.0,CHANGES,0.06880688805022485,True
both_contribute,176,global_vs_premeal,0.15907138535705864,0.11229452178395535,0.21493956026211242,9.999000099990002e-05,0.00029997000299970003,1.0,CHANGES,0.11087097723682403,False
both_contribute,176,global_vs_subz,0.14059363265612992,0.09097321303823662,0.20281645235607246,9.999000099990002e-05,0.00029997000299970003,1.0,CHANGES,0.08245810675079242,False
both_contribute,176,global_vs_subcenter,0.10873794525714955,0.07184653394661222,0.1562420712381791,9.999000099990002e-05,0.00029997000299970003,1.0,CHANGES,0.06880688805022485,False
both_contribute,177,global_vs_premeal,0.14349576177532505,0.1064913081519455,0.18172076717069022,9.999000099990002e-05,0.00029997000299970003,1.0,CHANGES,0.11087097723682403,True
both_contribute,177,global_vs_subz,0.09271492509769591,0.05919069371541444,0.12898680835897453,9.999000099990002e-05,0.00029997000299970003,1.0,CHANGES,0.08245810675079242,True
both_contribute,177,global_vs_subcenter,0.07938436534126905,0.04802805467556245,0.11271047806186145,9.999000099990002e-05,0.00029997000299970003,1.0,CHANGES,0.06880688805022485,True
both_contribute,178,global_vs_premeal,0.1972542268472799,0.13978112392429837,0.26995451645620255,9.999000099990002e-05,0.00029997000299970003,1.0,CHANGES,0.11087097723682403,False
both_contribute,178,global_vs_subz,0.1585090738328495,0.1048353490090782,0.2261124328548169,9.999000099990002e-05,0.00029997000299970003,1.0,CHANGES,0.08245810675079242,False
both_contribute,178,global_vs_subcenter,0.12719340083925854,0.06977536237850766,0.19843448857121185,9.999000099990002e-05,0.00029997000299970003,1.0,CHANGES,0.06880688805022485,False
both_contribute,179,global_vs_premeal,0.1306989653407673,0.08860971295287477,0.1831748178498641,9.999000099990002e-05,0.00029997000299970003,1.0,CHANGES,0.11087097723682403,True
both_contribute,179,global_vs_subz,0.112674718650698,0.07248709718733481,0.16252330762288397,9.999000099990002e-05,0.00029997000299970003,1.0,CHANGES,0.08245810675079242,True
both_contribute,179,global_vs_subcenter,0.1059535245884735,0.06750157456930643,0.15473030598780438,9.999000099990002e-05,0.00029997000299970003,1.0,CHANGES,0.06880688805022485,True
both_contribute,180,global_vs_premeal,0.10650056047466978,0.07543729827163713,0.14400790054573748,9.999000099990002e-05,0.00029997000299970003,1.0,CHANGES,0.11087097723682403,True
both_contribute,180,global_vs_subz,0.04550733855035278,0.02508734758533801,0.06845122151199168,0.00019998000199980003,0.00039996000399960006,1.0,CHANGES,0.08245810675079242,False
both_contribute,180,global_vs_subcenter,0.0373011441095162,0.01722047256294771,0.060350551614827976,0.0012998700129987,0.0012998700129987,1.0,CHANGES(small),0.06880688805022485,False
both_contribute,181,global_vs_premeal,0.09207074738090591,0.06469936121834576,0.12497043070887891,9.999000099990002e-05,0.00029997000299970003,1.0,CHANGES,0.11087097723682403,True
both_contribute,181,global_vs_subz,0.07477964708274605,0.04477838806696621,0.11194828256369893,9.999000099990002e-05,0.00029997000299970003,1.0,CHANGES,0.08245810675079242,True
both_contribute,181,global_vs_subcenter,0.05138048463346479,0.026064680289139074,0.08161285905655136,9.999000099990002e-05,0.00029997000299970003,1.0,CHANGES,0.06880688805022485,True
both_contribute,182,global_vs_premeal,0.17148970602143107,0.12935351277108212,0.22150818083358484,9.999000099990002e-05,0.00029997000299970003,1.0,CHANGES,0.11087097723682403,False
both_contribute,182,global_vs_subz,0.1381547393202815,0.09035526588367256,0.191950574959675,9.999000099990002e-05,0.00029997000299970003,1.0,CHANGES,0.08245810675079242,False
both_contribute,182,global_vs_subcenter,0.11733250048339006,0.07193142475897682,0.1710720845414809,9.999000099990002e-05,0.00029997000299970003,1.0,CHANGES,0.06880688805022485,False
both_contribute,183,global_vs_premeal,0.12812137969540374,0.0901800933153017,0.17639344692127754,9.999000099990002e-05,0.00029997000299970003,1.0,CHANGES,0.11087097723682403,True
both_contribute,183,global_vs_subz,0.09855221311152407,0.06189718531725302,0.14599349122514696,9.999000099990002e-05,0.00029997000299970003,1.0,CHANGES,0.08245810675079242,True
both_contribute,183,global_vs_subcenter,0.08401585940146852,0.049651403558030396,0.12880410436397785,9.999000099990002e-05,0.00029997000299970003,1.0,CHANGES,0.06880688805022485,True
both_contribute,184,global_vs_premeal,0.08817442042701112,0.05079351039540523,0.13318539705743745,9.999000099990002e-05,0.00029997000299970003,1.0,CHANGES,0.11087097723682403,True
both_contribute,184,global_vs_subz,0.07277691339068591,0.03690671880412082,0.11517864536607457,9.999000099990002e-05,0.00029997000299970003,1.0,CHANGES,0.08245810675079242,True
both_contribute,184,global_vs_subcenter,0.06151859982920865,0.027015196051164533,0.10503908989895368,0.00029997000299970003,0.00029997000299970003,1.0,CHANGES,0.06880688805022485,True
both_contribute,185,global_vs_premeal,0.11913589836410889,0.07825852726462107,0.16270633947844526,9.999000099990002e-05,0.00029997000299970003,1.0,CHANGES,0.11087097723682403,True
both_contribute,185,global_vs_subz,0.1047802701749524,0.0650222314527807,0.14859546579813895,9.999000099990002e-05,0.00029997000299970003,1.0,CHANGES,0.08245810675079242,True
both_contribute,185,global_vs_subcenter,0.09096291897886191,0.05374788536554193,0.13195585789269637,9.999000099990002e-05,0.00029997000299970003,1.0,CHANGES,0.06880688805022485,True
both_contribute,186,global_vs_premeal,0.17228620987465948,0.10856674375121926,0.26105001343813594,9.999000099990002e-05,0.00029997000299970003,1.0,CHANGES,0.11087097723682403,True
both_contribute,186,global_vs_subz,0.1111150019554095,0.050976501650983816,0.20530567779869044,9.999000099990002e-05,0.00029997000299970003,1.0,CHANGES,0.08245810675079242,True
both_contribute,186,global_vs_subcenter,0.08893580936731026,0.03404995390086043,0.17549352385071015,0.0004999500049995,0.0004999500049995,1.0,CHANGES,0.06880688805022485,True
both_contribute,187,global_vs_premeal,0.12675749750255524,0.08256313135164026,0.1895845749689868,9.999000099990002e-05,0.00029997000299970003,1.0,CHANGES,0.11087097723682403,True
both_contribute,187,global_vs_subz,0.10483500853621083,0.06539427415602417,0.16405613509342534,9.999000099990002e-05,0.00029997000299970003,1.0,CHANGES,0.08245810675079242,True
both_contribute,187,global_vs_subcenter,0.08330436433043135,0.043250412849703435,0.141892218422932,9.999000099990002e-05,0.00029997000299970003,1.0,CHANGES,0.06880688805022485,True
both_contribute,188,global_vs_premeal,0.1366185219965431,0.089855447065922,0.19113111788794435,9.999000099990002e-05,0.00029997000299970003,1.0,CHANGES,0.11087097723682403,True
both_contribute,188,global_vs_subz,0.11008185516233183,0.07112509462583302,0.15582131314211212,9.999000099990002e-05,0.00029997000299970003,1.0,CHANGES,0.08245810675079242,True
both_contribute,188,global_vs_subcenter,0.09212295727108227,0.05475593919032187,0.13564562945608347,9.999000099990002e-05,0.00029997000299970003,1.0,CHANGES,0.06880688805022485,True
both_contribute,189,global_vs_premeal,0.1354703697759677,0.08755789537455418,0.1892178919119383,9.999000099990002e-05,0.00029997000299970003,1.0,CHANGES,0.11087097723682403,True
both_contribute,189,global_vs_subz,0.1066417720957429,0.06368837415788775,0.15565106596540748,9.999000099990002e-05,0.00029997000299970003,1.0,CHANGES,0.08245810675079242,True
both_contribute,189,global_vs_subcenter,0.09194640972787083,0.050599620562888935,0.13924400503006257,9.999000099990002e-05,0.00029997000299970003,1.0,CHANGES,0.06880688805022485,True
both_contribute,190,global_vs_premeal,0.10625657409400485,0.06659641854860428,0.15288013874905482,9.999000099990002e-05,0.00029997000299970003,1.0,CHANGES,0.11087097723682403,True
both_contribute,190,global_vs_subz,0.09050513262469183,0.05808866969420006,0.1287264977762588,9.999000099990002e-05,0.00029997000299970003,1.0,CHANGES,0.08245810675079242,True
both_contribute,190,global_vs_subcenter,0.06453464117248976,0.03493455136554567,0.09991156469496938,9.999000099990002e-05,0.00029997000299970003,1.0,CHANGES,0.06880688805022485,True
both_contribute,191,global_vs_premeal,0.11491998641531782,0.07491267814677706,0.16979628007727704,9.999000099990002e-05,0.00029997000299970003,1.0,CHANGES,0.11087097723682403,True
both_contribute,191,global_vs_subz,0.09391853586250141,0.05330080414603063,0.1466244810041247,9.999000099990002e-05,0.00029997000299970003,1.0,CHANGES,0.08245810675079242,True
both_contribute,191,global_vs_subcenter,0.07384578083633317,0.03419418380126996,0.12583459163497346,9.999000099990002e-05,0.00029997000299970003,1.0,CHANGES,0.06880688805022485,True
both_contribute,192,global_vs_premeal,0.13036724552058657,0.09006601180301957,0.17745720962828093,9.999000099990002e-05,0.00029997000299970003,1.0,CHANGES,0.11087097723682403,True
both_contribute,192,global_vs_subz,0.10645796880456224,0.06194469256185407,0.1579701332719158,9.999000099990002e-05,0.00029997000299970003,1.0,CHANGES,0.08245810675079242,True
both_contribute,192,global_vs_subcenter,0.08321232807970275,0.042778929905455655,0.13037263759029277,0.00019998000199980003,0.00029997000299970003,1.0,CHANGES,0.06880688805022485,True
both_contribute,193,global_vs_premeal,0.08999057557152058,0.058969190105295416,0.13049647471088135,9.999000099990002e-05,0.00029997000299970003,1.0,CHANGES,0.11087097723682403,True
both_contribute,193,global_vs_subz,0.07425907170781976,0.041334347381790974,0.11682668874437799,9.999000099990002e-05,0.00029997000299970003,1.0,CHANGES,0.08245810675079242,True
both_contribute,193,global_vs_subcenter,0.06265977001728343,0.03269213298072483,0.10152206447767723,9.999000099990002e-05,0.00029997000299970003,1.0,CHANGES,0.06880688805022485,True
both_contribute,194,global_vs_premeal,0.1222314693875924,0.07955185553721633,0.1746287334594859,9.999000099990002e-05,0.00029997000299970003,1.0,CHANGES,0.11087097723682403,True
both_contribute,194,global_vs_subz,0.10005918491555056,0.059169559482218914,0.15061440950358937,9.999000099990002e-05,0.00029997000299970003,1.0,CHANGES,0.08245810675079242,True
both_contribute,194,global_vs_subcenter,0.08069669850565227,0.04156646958033956,0.12929457870623298,9.999000099990002e-05,0.00029997000299970003,1.0,CHANGES,0.06880688805022485,True
both_contribute,195,global_vs_premeal,0.13535563776231,0.08393706521268064,0.1925249194351004,9.999000099990002e-05,0.00029997000299970003,1.0,CHANGES,0.11087097723682403,True
both_contribute,195,global_vs_subz,0.10147891141417231,0.0569728123658775,0.1508632230495124,9.999000099990002e-05,0.00029997000299970003,1.0,CHANGES,0.08245810675079242,True
both_contribute,195,global_vs_subcenter,0.08814632076946728,0.0439238285714745,0.13904777185753844,0.00029997000299970003,0.00029997000299970003,1.0,CHANGES,0.06880688805022485,True
both_contribute,196,global_vs_premeal,0.1139014861004448,0.08137010194183404,0.15263511139349628,9.999000099990002e-05,0.00029997000299970003,1.0,CHANGES,0.11087097723682403,True
both_contribute,196,global_vs_subz,0.07928314459683253,0.04627868685579998,0.12028087329295616,9.999000099990002e-05,0.00029997000299970003,1.0,CHANGES,0.08245810675079242,True
both_contribute,196,global_vs_subcenter,0.06964188360847406,0.037324041890828774,0.10995421091092084,0.00019998000199980003,0.00029997000299970003,1.0,CHANGES,0.06880688805022485,True
both_contribute,197,global_vs_premeal,0.1168309789285514,0.07622552530111554,0.16873609069714504,9.999000099990002e-05,0.00029997000299970003,1.0,CHANGES,0.11087097723682403,True
both_contribute,197,global_vs_subz,0.0961885137836564,0.0594758426973218,0.14568176046753456,9.999000099990002e-05,0.00029997000299970003,1.0,CHANGES,0.08245810675079242,True
both_contribute,197,global_vs_subcenter,0.07627114074132628,0.04283809819789026,0.12029785753009242,9.999000099990002e-05,0.00029997000299970003,1.0,CHANGES,0.06880688805022485,True
both_contribute,198,global_vs_premeal,0.1296503307484106,0.09230622706598325,0.17588110924011285,9.999000099990002e-05,0.00029997000299970003,1.0,CHANGES,0.11087097723682403,True
both_contribute,198,global_vs_subz,0.10317249138292378,0.06876765736723961,0.14313418965050542,9.999000099990002e-05,0.00029997000299970003,1.0,CHANGES,0.08245810675079242,True
both_contribute,198,global_vs_subcenter,0.08286601127411956,0.04881042197959099,0.12129599657201655,9.999000099990002e-05,0.00029997000299970003,1.0,CHANGES,0.06880688805022485,True
both_contribute,199,global_vs_premeal,0.14138398445030653,0.09569387980273136,0.18691648127268484,9.999000099990002e-05,0.00029997000299970003,1.0,CHANGES,0.11087097723682403,True
both_contribute,199,global_vs_subz,0.09777880764393006,0.05454713105951764,0.14389394728622573,9.999000099990002e-05,0.00029997000299970003,1.0,CHANGES,0.08245810675079242,True
both_contribute,199,global_vs_subcenter,0.0797803695277262,0.03671702858381388,0.12480814512730458,0.0005999400059994001,0.0005999400059994001,1.0,CHANGES,0.06880688805022485,True
